model,model_type,seed,epochs,batch_size,lr,weight_decay,dropout,cross_layers,cross_rank,embed_dim,hidden_dims,cutoff_kind,best_epoch,best_margin,best_val_score,train_loss_last,train_acc,train_mcc,train_recall_down,train_recall_sideways,train_recall_up,train_recall_min,train_recall_gap,train_pred_up_share,train_true_up_share,train_pred_down_share,train_true_down_share,train_pred_sideways_share,train_true_sideways_share,train_true_balance_gap_ud,train_pred_balance_gap_ud,train_pred_target_gap,train_support_true_0,train_support_pred_0,train_share_true_0,train_share_pred_0,train_cm_00,train_cm_01,train_support_true_1,train_support_pred_1,train_share_true_1,train_share_pred_1,train_cm_10,train_cm_11,val_acc,val_mcc,val_recall_down,val_recall_sideways,val_recall_up,val_recall_min,val_recall_gap,val_pred_up_share,val_true_up_share,val_pred_down_share,val_true_down_share,val_pred_sideways_share,val_true_sideways_share,val_true_balance_gap_ud,val_pred_balance_gap_ud,val_pred_target_gap,val_support_true_0,val_support_pred_0,val_share_true_0,val_share_pred_0,val_cm_00,val_cm_01,val_support_true_1,val_support_pred_1,val_share_true_1,val_share_pred_1,val_cm_10,val_cm_11,test_acc,test_mcc,test_recall_down,test_recall_sideways,test_recall_up,test_recall_min,test_recall_gap,test_pred_up_share,test_true_up_share,test_pred_down_share,test_true_down_share,test_pred_sideways_share,test_true_sideways_share,test_true_balance_gap_ud,test_pred_balance_gap_ud,test_pred_target_gap,test_support_true_0,test_support_pred_0,test_share_true_0,test_share_pred_0,test_cm_00,test_cm_01,test_support_true_1,test_support_pred_1,test_share_true_1,test_share_pred_1,test_cm_10,test_cm_11
dcn_dropout_high,dcn,45,6,512,0.001,0.0001,0.4,3,64,32,384x192x96,threshold,6,0.59,0.4045778172946195,0.0941100537776947,0.9990503323836657,0.9980753712152771,0.998303647158609,,1.0,0.998303647158609,0.0016963528413910245,0.44112060778727447,0.44017094017094016,0.5588793922127255,0.5598290598290598,0.0,0.0,0.11965811965811968,0.11775878442545107,0.0009496676163343043,1179.0,1177.0,0.5598290598290598,0.5588793922127255,1177.0,2.0,927.0,929.0,0.44017094017094016,0.44112060778727447,0.0,927.0,0.4124168514412417,-0.1745090291312252,0.411522633744856,,0.41346153846153844,0.411522633744856,0.0019389047166824547,0.5077605321507761,0.4611973392461197,0.49223946784922396,0.5388026607538803,0.0,0.0,0.07760532150776056,0.015521064301552145,0.04656319290465638,243.0,222.0,0.5388026607538803,0.49223946784922396,100.0,143.0,208.0,229.0,0.4611973392461197,0.5077605321507761,122.0,86.0,0.6703539823008849,0.13144381223283913,0.6681715575620768,,0.7777777777777778,0.6681715575620768,0.10960622021570099,0.3407079646017699,0.01991150442477876,0.6592920353982301,0.9800884955752213,0.0,0.0,0.9601769911504425,0.31858407079646023,0.32079646017699115,443.0,298.0,0.9800884955752213,0.6592920353982301,296.0,147.0,9.0,154.0,0.01991150442477876,0.3407079646017699,2.0,7.0
dcn_cross_heavy,dcn,44,6,512,0.001,0.0001,0.15,6,128,32,384x192x96,threshold,4,0.48,0.46992873983388883,0.10593879967927933,0.9971509971509972,0.9942197382317152,0.998303647158609,,0.9956850053937433,0.9956850053937433,0.0026186417648657034,0.4392212725546059,0.44017094017094016,0.5607787274453941,0.5598290598290598,0.0,0.0,0.11965811965811968,0.12155745489078823,0.0009496676163342488,1179.0,1181.0,0.5598290598290598,0.5607787274453941,1177.0,2.0,927.0,925.0,0.44017094017094016,0.4392212725546059,4.0,923.0,0.4789356984478936,-0.04173918082389575,0.4773662551440329,,0.4807692307692308,0.4773662551440329,0.0034029756251978682,0.5033259423503326,0.4611973392461197,0.49667405764966743,0.5388026607538803,0.0,0.0,0.07760532150776056,0.006651884700665134,0.04212860310421285,243.0,224.0,0.5388026607538803,0.49667405764966743,116.0,127.0,208.0,227.0,0.4611973392461197,0.5033259423503326,108.0,100.0,0.8893805309734514,0.2434052980395101,0.8939051918735892,,0.6666666666666666,0.6666666666666666,0.22723852520692256,0.1172566371681416,0.01991150442477876,0.8827433628318584,0.9800884955752213,0.0,0.0,0.9601769911504425,0.7654867256637168,0.09734513274336283,443.0,399.0,0.9800884955752213,0.8827433628318584,396.0,47.0,9.0,53.0,0.01991150442477876,0.1172566371681416,3.0,6.0
deepfm_embed128,deepfm,45,6,512,0.001,0.0001,0.15,3,64,128,384x192x96,threshold,3,0.9,0.030557593691062535,1.6257523536682128,0.6538461538461539,0.28590952624513666,0.8303647158608991,,0.42934196332254587,0.42934196332254587,0.40102275253835323,0.2839506172839506,0.44017094017094016,0.7160493827160493,0.5598290598290598,0.0,0.0,0.11965811965811968,0.43209876543209874,0.15622032288698956,1179.0,1508.0,0.5598290598290598,0.7160493827160493,979.0,200.0,927.0,598.0,0.44017094017094016,0.2839506172839506,529.0,398.0,0.5011086474501109,0.034298650077603327,0.32510288065843623,,0.7067307692307693,0.32510288065843623,0.38162788857233304,0.6895787139689579,0.4611973392461197,0.31042128603104213,0.5388026607538803,0.0,0.0,0.07760532150776056,0.37915742793791574,0.22838137472283815,243.0,140.0,0.5388026607538803,0.31042128603104213,79.0,164.0,208.0,311.0,0.4611973392461197,0.6895787139689579,61.0,147.0,0.5929203539823009,0.10392318107423595,0.5891647855530474,,0.7777777777777778,0.5891647855530474,0.18861299222473038,0.41814159292035397,0.01991150442477876,0.581858407079646,0.9800884955752213,0.0,0.0,0.9601769911504425,0.163716814159292,0.39823008849557523,443.0,263.0,0.9800884955752213,0.581858407079646,261.0,182.0,9.0,189.0,0.01991150442477876,0.41814159292035397,2.0,7.0
deepfm_narrow,deepfm,43,6,512,0.001,0.0001,0.15,3,64,32,256x128,threshold,1,0.8,0.462667739517333,0.26799343526363373,0.6747388414055081,0.3338141943670165,0.8600508905852418,,0.43905070118662354,0.43905070118662354,0.4210001893986182,0.2716049382716049,0.44017094017094016,0.7283950617283951,0.5598290598290598,0.0,0.0,0.11965811965811968,0.45679012345679015,0.16856600189933524,1179.0,1534.0,0.5598290598290598,0.7283950617283951,1014.0,165.0,927.0,572.0,0.44017094017094016,0.2716049382716049,520.0,407.0,0.4700665188470067,-0.05953159155317456,0.4691358024691358,,0.47115384615384615,0.4691358024691358,0.002018043684710369,0.5033259423503326,0.4611973392461197,0.49667405764966743,0.5388026607538803,0.0,0.0,0.07760532150776056,0.006651884700665134,0.04212860310421285,243.0,224.0,0.5388026607538803,0.49667405764966743,114.0,129.0,208.0,227.0,0.4611973392461197,0.5033259423503326,110.0,98.0,0.9446902654867256,0.30487713151619,0.9525959367945824,,0.5555555555555556,0.5555555555555556,0.39704038123902685,0.05752212389380531,0.01991150442477876,0.9424778761061947,0.9800884955752213,0.0,0.0,0.9601769911504425,0.8849557522123894,0.03761061946902655,443.0,426.0,0.9800884955752213,0.9424778761061947,422.0,21.0,9.0,26.0,0.01991150442477876,0.05752212389380531,4.0,5.0
deepfm_narrow,deepfm,45,6,512,0.001,0.0001,0.15,3,64,32,256x128,threshold,3,0.54,0.366891840719754,0.2022794485092163,0.8513770180436847,0.697523311194143,0.8931297709923665,,0.7982740021574973,0.7982740021574973,0.09485576883486913,0.41120607787274455,0.44017094017094016,0.5887939221272555,0.5598290598290598,0.0,0.0,0.11965811965811968,0.1775878442545109,0.028964862298195615,1179.0,1240.0,0.5598290598290598,0.5887939221272555,1053.0,126.0,927.0,866.0,0.44017094017094016,0.41120607787274455,187.0,740.0,0.376940133037694,-0.24568567135431593,0.3786008230452675,,0.375,0.375,0.003600823045267487,0.5077605321507761,0.4611973392461197,0.49223946784922396,0.5388026607538803,0.0,0.0,0.07760532150776056,0.015521064301552145,0.04656319290465638,243.0,222.0,0.5388026607538803,0.49223946784922396,92.0,151.0,208.0,229.0,0.4611973392461197,0.5077605321507761,130.0,78.0,0.7123893805309734,0.05019784191337528,0.7178329571106095,,0.4444444444444444,0.4444444444444444,0.27338851266616504,0.2853982300884956,0.01991150442477876,0.7146017699115044,0.9800884955752213,0.0,0.0,0.9601769911504425,0.4292035398230088,0.26548672566371684,443.0,323.0,0.9800884955752213,0.7146017699115044,318.0,125.0,9.0,129.0,0.01991150442477876,0.2853982300884956,5.0,4.0
dcn_high_dropout,dcn,45,6,512,0.001,0.0001,0.3,3,64,32,384x192x96,threshold,6,0.61,0.45903723935905505,0.08948038518428802,0.9990503323836657,0.9980730749277403,0.9991518235793045,,0.9989212513484358,0.9989212513484358,0.000230572230868753,0.44017094017094016,0.44017094017094016,0.5598290598290598,0.5598290598290598,0.0,0.0,0.11965811965811968,0.11965811965811968,0.0,1179.0,1179.0,0.5598290598290598,0.5598290598290598,1178.0,1.0,927.0,927.0,0.44017094017094016,0.44017094017094016,1.0,926.0,0.4656319290465632,-0.06842779691781398,0.46502057613168724,,0.46634615384615385,0.46502057613168724,0.0013255777144666192,0.5033259423503326,0.4611973392461197,0.49667405764966743,0.5388026607538803,0.0,0.0,0.07760532150776056,0.006651884700665134,0.04212860310421285,243.0,224.0,0.5388026607538803,0.49667405764966743,113.0,130.0,208.0,227.0,0.4611973392461197,0.5033259423503326,111.0,97.0,0.7323008849557522,0.057762847814619205,0.7381489841986456,,0.4444444444444444,0.4444444444444444,0.2937045397542012,0.26548672566371684,0.01991150442477876,0.7345132743362832,0.9800884955752213,0.0,0.0,0.9601769911504425,0.4690265486725664,0.24557522123893807,443.0,332.0,0.9800884955752213,0.7345132743362832,327.0,116.0,9.0,120.0,0.01991150442477876,0.26548672566371684,5.0,4.0
deepfm_embed96,deepfm,43,6,512,0.001,0.0001,0.15,3,64,96,384x192x96,threshold,6,0.69,0.4596040428255876,1.1434812664985656,0.835707502374169,0.6727331357888138,0.8142493638676844,,0.8629989212513485,0.8142493638676844,0.048749557383664044,0.4838556505223172,0.44017094017094016,0.5161443494776828,0.5598290598290598,0.0,0.0,0.11965811965811968,0.032288698955365625,0.043684710351377054,1179.0,1087.0,0.5598290598290598,0.5161443494776828,960.0,219.0,927.0,1019.0,0.44017094017094016,0.4838556505223172,127.0,800.0,0.4678492239467849,-0.06432362566888289,0.4691358024691358,,0.46634615384615385,0.46634615384615385,0.0027896486229819217,0.5011086474501109,0.4611973392461197,0.49889135254988914,0.5388026607538803,0.0,0.0,0.07760532150776056,0.0022172949002217113,0.039911308203991136,243.0,225.0,0.5388026607538803,0.49889135254988914,114.0,129.0,208.0,226.0,0.4611973392461197,0.5011086474501109,111.0,97.0,0.7676991150442478,0.07259171811281064,0.7742663656884876,,0.4444444444444444,0.4444444444444444,0.3298219212440432,0.23008849557522124,0.01991150442477876,0.7699115044247787,0.9800884955752213,0.0,0.0,0.9601769911504425,0.5398230088495575,0.21017699115044247,443.0,348.0,0.9800884955752213,0.7699115044247787,343.0,100.0,9.0,104.0,0.01991150442477876,0.23008849557522124,5.0,4.0
dcn_cross_heavy,dcn,43,6,512,0.001,0.0001,0.15,6,128,32,384x192x96,threshold,2,0.85,0.32187465738617493,0.1046893209218979,0.9515669515669516,0.9043097026925874,0.9957591178965225,,0.895361380798274,0.895361380798274,0.10039773709824851,0.39648622981956316,0.44017094017094016,0.6035137701804368,0.5598290598290598,0.0,0.0,0.11965811965811968,0.20702754036087367,0.043684710351377,1179.0,1271.0,0.5598290598290598,0.6035137701804368,1174.0,5.0,927.0,835.0,0.44017094017094016,0.39648622981956316,97.0,830.0,0.3348115299334812,-0.3298886606968593,0.3374485596707819,,0.3317307692307692,0.3317307692307692,0.005717790440012693,0.5099778270509978,0.4611973392461197,0.49002217294900224,0.5388026607538803,0.0,0.0,0.07760532150776056,0.019955654101995568,0.04878048780487809,243.0,221.0,0.5388026607538803,0.49002217294900224,82.0,161.0,208.0,230.0,0.4611973392461197,0.5099778270509978,139.0,69.0,0.46017699115044247,-0.057097576995435086,0.46275395033860045,,0.3333333333333333,0.3333333333333333,0.12942061700526714,0.5331858407079646,0.01991150442477876,0.4668141592920354,0.9800884955752213,0.0,0.0,0.9601769911504425,0.0663716814159292,0.5132743362831859,443.0,211.0,0.9800884955752213,0.4668141592920354,205.0,238.0,9.0,241.0,0.01991150442477876,0.5331858407079646,6.0,3.0
deepfm_embed64,deepfm,43,6,512,0.001,0.0001,0.15,3,64,64,384x192x96,threshold,5,0.62,0.5098661612652128,0.3735798954963684,0.8736942070275404,0.7489297570898443,0.9584393553859203,,0.7659115426105717,0.7659115426105717,0.19252781277534858,0.3603988603988604,0.44017094017094016,0.6396011396011396,0.5598290598290598,0.0,0.0,0.11965811965811968,0.27920227920227925,0.07977207977207978,1179.0,1347.0,0.5598290598290598,0.6396011396011396,1130.0,49.0,927.0,759.0,0.44017094017094016,0.3603988603988604,217.0,710.0,0.5144124168514412,0.028739504017038443,0.51440329218107,,0.5144230769230769,0.51440329218107,1.978474200692304e-05,0.49889135254988914,0.4611973392461197,0.5011086474501109,0.5388026607538803,0.0,0.0,0.07760532150776056,0.0022172949002217113,0.037694013303769425,243.0,226.0,0.5388026607538803,0.5011086474501109,125.0,118.0,208.0,225.0,0.4611973392461197,0.49889135254988914,101.0,107.0,0.5265486725663717,-0.03813528205230166,0.5304740406320542,,0.3333333333333333,0.3333333333333333,0.19714070729872085,0.4668141592920354,0.01991150442477876,0.5331858407079646,0.9800884955752213,0.0,0.0,0.9601769911504425,0.0663716814159292,0.44690265486725667,443.0,241.0,0.9800884955752213,0.5331858407079646,235.0,208.0,9.0,211.0,0.01991150442477876,0.4668141592920354,6.0,3.0
deepfm_base,deepfm,43,6,512,0.001,0.0001,0.15,3,64,32,384x192x96,threshold,2,0.38,0.557608663418284,0.2805899798870087,0.6685660018993352,0.32323116735434804,0.8778625954198473,,0.4023732470334412,0.4023732470334412,0.47548934838640616,0.24548907882241217,0.44017094017094016,0.7545109211775879,0.5598290598290598,0.0,0.0,0.11965811965811968,0.5090218423551758,0.194681861348528,1179.0,1589.0,0.5598290598290598,0.7545109211775879,1035.0,144.0,927.0,517.0,0.44017094017094016,0.24548907882241217,554.0,373.0,0.5631929046563193,0.125912887967378,0.5637860082304527,,0.5625,0.5625,0.001286008230452662,0.49445676274944567,0.4611973392461197,0.5055432372505543,0.5388026607538803,0.0,0.0,0.07760532150776056,0.011086474501108612,0.03325942350332595,243.0,228.0,0.5388026607538803,0.5055432372505543,137.0,106.0,208.0,223.0,0.4611973392461197,0.49445676274944567,91.0,117.0,0.7035398230088495,0.01366979445893105,0.7110609480812641,,0.3333333333333333,0.3333333333333333,0.37772761474793076,0.28982300884955753,0.01991150442477876,0.7101769911504425,0.9800884955752213,0.0,0.0,0.9601769911504425,0.420353982300885,0.2699115044247788,443.0,321.0,0.9800884955752213,0.7101769911504425,315.0,128.0,9.0,131.0,0.01991150442477876,0.28982300884955753,6.0,3.0
dcn_cross_light,dcn,44,6,512,0.001,0.0001,0.15,2,32,32,384x192x96,threshold,6,0.86,0.377539930083968,0.09305500835180283,0.99335232668566,0.9865797619996709,1.0,,0.9848975188781014,0.9848975188781014,0.015102481121898603,0.4335232668566002,0.44017094017094016,0.5664767331433999,0.5598290598290598,0.0,0.0,0.11965811965811968,0.13295346628679966,0.0066476733143399636,1179.0,1193.0,0.5598290598290598,0.5664767331433999,1179.0,0.0,927.0,913.0,0.44017094017094016,0.4335232668566002,14.0,913.0,0.3946784922394678,-0.21076708275204448,0.3991769547325103,,0.3894230769230769,0.3894230769230769,0.009753877809433376,0.5033259423503326,0.4611973392461197,0.49667405764966743,0.5388026607538803,0.0,0.0,0.07760532150776056,0.006651884700665134,0.04212860310421285,243.0,224.0,0.5388026607538803,0.49667405764966743,97.0,146.0,208.0,227.0,0.4611973392461197,0.5033259423503326,127.0,81.0,0.7477876106194691,0.029060723301679234,0.7562076749435666,,0.3333333333333333,0.3333333333333333,0.42287434161023324,0.24557522123893805,0.01991150442477876,0.754424778761062,0.9800884955752213,0.0,0.0,0.9601769911504425,0.5088495575221239,0.22566371681415928,443.0,341.0,0.9800884955752213,0.754424778761062,335.0,108.0,9.0,111.0,0.01991150442477876,0.24557522123893805,6.0,3.0
dcn_dropout_low,dcn,45,6,512,0.001,0.0001,0.08,3,64,32,384x192x96,threshold,5,0.68,0.43362277840597624,0.0789430558681488,0.9971509971509972,0.9942239478095214,0.9991518235793045,,0.9946062567421791,0.9946062567421791,0.004545566837125481,0.4382716049382716,0.44017094017094016,0.5617283950617284,0.5598290598290598,0.0,0.0,0.11965811965811968,0.12345679012345684,0.001899335232668553,1179.0,1183.0,0.5598290598290598,0.5617283950617284,1178.0,1.0,927.0,923.0,0.44017094017094016,0.4382716049382716,5.0,922.0,0.44124168514412415,-0.11701633266841398,0.4403292181069959,,0.4423076923076923,0.4403292181069959,0.0019784742006964118,0.5055432372505543,0.4611973392461197,0.49445676274944567,0.5388026607538803,0.0,0.0,0.07760532150776056,0.011086474501108612,0.04434589800443456,243.0,223.0,0.5388026607538803,0.49445676274944567,107.0,136.0,208.0,228.0,0.4611973392461197,0.5055432372505543,116.0,92.0,0.7522123893805309,0.03071481054888054,0.7607223476297968,,0.3333333333333333,0.3333333333333333,0.42738901429646353,0.2411504424778761,0.01991150442477876,0.7588495575221239,0.9800884955752213,0.0,0.0,0.9601769911504425,0.5176991150442478,0.22123893805309733,443.0,343.0,0.9800884955752213,0.7588495575221239,337.0,106.0,9.0,109.0,0.01991150442477876,0.2411504424778761,6.0,3.0
dcn_cross_light,dcn,42,6,512,0.001,0.0001,0.15,2,32,32,384x192x96,threshold,4,0.73,0.43575653343946025,0.08697912842035294,0.9819563152896487,0.9637656635159568,0.998303647158609,,0.9611650485436893,0.9611650485436893,0.03713859861491964,0.4240265906932574,0.44017094017094016,0.5759734093067427,0.5598290598290598,0.0,0.0,0.11965811965811968,0.1519468186134853,0.016144349477682784,1179.0,1213.0,0.5598290598290598,0.5759734093067427,1177.0,2.0,927.0,893.0,0.44017094017094016,0.4240265906932574,36.0,891.0,0.4434589800443459,-0.11290882374101101,0.4444444444444444,,0.4423076923076923,0.4423076923076923,0.002136752136752129,0.5033259423503326,0.4611973392461197,0.49667405764966743,0.5388026607538803,0.0,0.0,0.07760532150776056,0.006651884700665134,0.04212860310421285,243.0,224.0,0.5388026607538803,0.49667405764966743,108.0,135.0,208.0,227.0,0.4611973392461197,0.5033259423503326,116.0,92.0,0.8097345132743363,0.055111463696268605,0.8194130925507901,,0.3333333333333333,0.3333333333333333,0.4860797592174568,0.1836283185840708,0.01991150442477876,0.8163716814159292,0.9800884955752213,0.0,0.0,0.9601769911504425,0.6327433628318584,0.16371681415929204,443.0,369.0,0.9800884955752213,0.8163716814159292,363.0,80.0,9.0,83.0,0.01991150442477876,0.1836283185840708,6.0,3.0
deepfm_wider_mlp,deepfm,43,6,512,0.001,0.0001,0.15,3,64,32,512x256x128,threshold,2,0.5,0.4596672952160757,0.2737930178642273,0.5916429249762583,0.1454946998912771,0.7871077184054284,,0.343042071197411,0.343042071197411,0.4440656472080174,0.2701804368471035,0.44017094017094016,0.7298195631528965,0.5598290598290598,0.0,0.0,0.11965811965811968,0.459639126305793,0.16999050332383664,1179.0,1537.0,0.5598290598290598,0.7298195631528965,928.0,251.0,927.0,569.0,0.44017094017094016,0.2701804368471035,609.0,318.0,0.47671840354767187,-0.04722287282249831,0.48148148148148145,,0.47115384615384615,0.47115384615384615,0.01032763532763531,0.49667405764966743,0.4611973392461197,0.5033259423503326,0.5388026607538803,0.0,0.0,0.07760532150776056,0.006651884700665134,0.03547671840354771,243.0,227.0,0.5388026607538803,0.5033259423503326,117.0,126.0,208.0,224.0,0.4611973392461197,0.49667405764966743,110.0,98.0,0.834070796460177,0.06778788645423323,0.8442437923250564,,0.3333333333333333,0.3333333333333333,0.510910458991723,0.1592920353982301,0.01991150442477876,0.8407079646017699,0.9800884955752213,0.0,0.0,0.9601769911504425,0.6814159292035398,0.13938053097345132,443.0,380.0,0.9800884955752213,0.8407079646017699,374.0,69.0,9.0,72.0,0.01991150442477876,0.1592920353982301,6.0,3.0
dcn_cross_light,dcn,45,6,512,0.001,0.0001,0.15,2,32,32,384x192x96,threshold,4,0.89,0.40661660556647006,0.08449258357286453,0.9719848053181387,0.9443143203300515,1.0,,0.9363538295577131,0.9363538295577131,0.06364617044228693,0.4121557454890788,0.44017094017094016,0.5878442545109211,0.5598290598290598,0.0,0.0,0.11965811965811968,0.17568850902184235,0.028015194681861366,1179.0,1238.0,0.5598290598290598,0.5878442545109211,1179.0,0.0,927.0,868.0,0.44017094017094016,0.4121557454890788,59.0,868.0,0.4146341463414634,-0.17039566446219823,0.4156378600823045,,0.41346153846153844,0.41346153846153844,0.0021763216207660863,0.5055432372505543,0.4611973392461197,0.49445676274944567,0.5388026607538803,0.0,0.0,0.07760532150776056,0.011086474501108612,0.04434589800443456,243.0,223.0,0.5388026607538803,0.49445676274944567,101.0,142.0,208.0,228.0,0.4611973392461197,0.5055432372505543,122.0,86.0,0.8495575221238938,0.0769873018636019,0.8600451467268623,,0.3333333333333333,0.3333333333333333,0.5267118133935289,0.14380530973451328,0.01991150442477876,0.8561946902654868,0.9800884955752213,0.0,0.0,0.9601769911504425,0.7123893805309736,0.12389380530973451,443.0,387.0,0.9800884955752213,0.8561946902654868,381.0,62.0,9.0,65.0,0.01991150442477876,0.14380530973451328,6.0,3.0
deepfm_embed96,deepfm,42,6,512,0.001,0.0001,0.15,3,64,96,384x192x96,threshold,5,0.89,0.3246943358257722,1.3300443887710571,0.7891737891737892,0.569985020547884,0.8566581849024597,,0.703344120819849,0.703344120819849,0.15331406408261072,0.3898385565052232,0.44017094017094016,0.6101614434947769,0.5598290598290598,0.0,0.0,0.11965811965811968,0.22032288698955366,0.05033238366571696,1179.0,1285.0,0.5598290598290598,0.6101614434947769,1010.0,169.0,927.0,821.0,0.44017094017094016,0.3898385565052232,275.0,652.0,0.401330376940133,-0.1927572743989949,0.37448559670781895,,0.4326923076923077,0.37448559670781895,0.05820671098448876,0.5365853658536586,0.4611973392461197,0.4634146341463415,0.5388026607538803,0.0,0.0,0.07760532150776056,0.07317073170731708,0.07538802660753885,243.0,209.0,0.5388026607538803,0.4634146341463415,91.0,152.0,208.0,242.0,0.4611973392461197,0.5365853658536586,118.0,90.0,0.2920353982300885,-0.01512917955658142,0.28442437923250563,,0.6666666666666666,0.28442437923250563,0.382242287434161,0.7146017699115044,0.01991150442477876,0.2853982300884956,0.9800884955752213,0.0,0.0,0.9601769911504425,0.4292035398230088,0.6946902654867256,443.0,129.0,0.9800884955752213,0.2853982300884956,126.0,317.0,9.0,323.0,0.01991150442477876,0.7146017699115044,3.0,6.0
deepfm_narrow,deepfm,44,6,512,0.001,0.0001,0.15,3,64,32,256x128,threshold,1,0.79,0.57106109300215,0.3234947741031647,0.6847103513770181,0.37186589617613924,0.6658184902459712,,0.7087378640776699,0.6658184902459712,0.04291937383169875,0.4990503323836657,0.44017094017094016,0.5009496676163343,0.5598290598290598,0.0,0.0,0.11965811965811968,0.0018993352326686086,0.058879392212725534,1179.0,1055.0,0.5598290598290598,0.5009496676163343,785.0,394.0,927.0,1051.0,0.44017094017094016,0.4990503323836657,270.0,657.0,0.6053215077605322,0.2081857373892458,0.6172839506172839,,0.5913461538461539,0.5913461538461539,0.02593779677113006,0.4789356984478936,0.4611973392461197,0.5210643015521065,0.5388026607538803,0.0,0.0,0.07760532150776056,0.0421286031042129,0.017738359201773857,243.0,235.0,0.5388026607538803,0.5210643015521065,150.0,93.0,208.0,216.0,0.4611973392461197,0.4789356984478936,85.0,123.0,0.27876106194690264,-0.12033516662696299,0.27765237020316025,,0.3333333333333333,0.27765237020316025,0.05568096313017307,0.7146017699115044,0.01991150442477876,0.2853982300884956,0.9800884955752213,0.0,0.0,0.9601769911504425,0.4292035398230088,0.6946902654867256,443.0,129.0,0.9800884955752213,0.2853982300884956,123.0,320.0,9.0,323.0,0.01991150442477876,0.7146017699115044,6.0,3.0
deepfm_xwide,deepfm,44,6,512,0.001,0.0001,0.15,3,64,32,640x320x160,threshold,2,0.36,0.41183785776604204,0.21678641736507415,0.7169990503323836,0.50182986110371,0.5513146734520781,,0.9277238403451996,0.5513146734520781,0.37640916689312154,0.6595441595441596,0.44017094017094016,0.34045584045584043,0.5598290598290598,0.0,0.0,0.11965811965811968,0.31908831908831914,0.2193732193732194,1179.0,717.0,0.5598290598290598,0.34045584045584043,650.0,529.0,927.0,1389.0,0.44017094017094016,0.6595441595441596,67.0,860.0,0.4279379157427938,-0.1430352724150607,0.42386831275720166,,0.4326923076923077,0.42386831275720166,0.00882399493510605,0.5099778270509978,0.4611973392461197,0.49002217294900224,0.5388026607538803,0.0,0.0,0.07760532150776056,0.019955654101995568,0.04878048780487809,243.0,221.0,0.5388026607538803,0.49002217294900224,103.0,140.0,208.0,230.0,0.4611973392461197,0.5099778270509978,118.0,90.0,0.24557522123893805,0.07694589496113828,0.23024830699774265,,1.0,0.23024830699774265,0.7697516930022573,0.7743362831858407,0.01991150442477876,0.22566371681415928,0.9800884955752213,0.0,0.0,0.9601769911504425,0.5486725663716814,0.754424778761062,443.0,102.0,0.9800884955752213,0.22566371681415928,102.0,341.0,9.0,350.0,0.01991150442477876,0.7743362831858407,0.0,9.0
deepfm_base,deepfm,45,6,512,0.001,0.0001,0.15,3,64,32,384x192x96,threshold,2,0.3,0.47025213218980155,0.2729480445384979,0.7084520417853751,0.4196929928592307,0.6870229007633588,,0.7357065803667745,0.6870229007633588,0.048683679603415686,0.4990503323836657,0.44017094017094016,0.5009496676163343,0.5598290598290598,0.0,0.0,0.11965811965811968,0.0018993352326686086,0.058879392212725534,1179.0,1055.0,0.5598290598290598,0.5009496676163343,810.0,369.0,927.0,1051.0,0.44017094017094016,0.4990503323836657,245.0,682.0,0.48558758314855877,-0.0294304620932195,0.4897119341563786,,0.4807692307692308,0.4807692307692308,0.00894270338714781,0.49667405764966743,0.4611973392461197,0.5033259423503326,0.5388026607538803,0.0,0.0,0.07760532150776056,0.006651884700665134,0.03547671840354771,243.0,227.0,0.5388026607538803,0.5033259423503326,119.0,124.0,208.0,224.0,0.4611973392461197,0.49667405764966743,108.0,100.0,0.4336283185840708,-0.09553913126331706,0.43792325056433407,,0.2222222222222222,0.2222222222222222,0.21570102834211186,0.5553097345132744,0.01991150442477876,0.4446902654867257,0.9800884955752213,0.0,0.0,0.9601769911504425,0.11061946902654868,0.5353982300884956,443.0,201.0,0.9800884955752213,0.4446902654867257,194.0,249.0,9.0,251.0,0.01991150442477876,0.5553097345132744,7.0,2.0
dcn_base,dcn,45,6,512,0.001,0.0001,0.15,3,64,32,384x192x96,threshold,4,0.89,0.4224938610270588,0.08373425006866456,0.9886039886039886,0.9770387264481901,0.9991518235793045,,0.9751887810140237,0.9751887810140237,0.023963042565280812,0.42972459639126304,0.44017094017094016,0.570275403608737,0.5598290598290598,0.0,0.0,0.11965811965811968,0.14055080721747393,0.010446343779677125,1179.0,1201.0,0.5598290598290598,0.570275403608737,1178.0,1.0,927.0,905.0,0.44017094017094016,0.42972459639126304,23.0,904.0,0.4279379157427938,-0.1437059985653061,0.4279835390946502,,0.42788461538461536,0.42788461538461536,9.892371003483724e-05,0.5055432372505543,0.4611973392461197,0.49445676274944567,0.5388026607538803,0.0,0.0,0.07760532150776056,0.011086474501108612,0.04434589800443456,243.0,223.0,0.5388026607538803,0.49445676274944567,104.0,139.0,208.0,228.0,0.4611973392461197,0.5055432372505543,119.0,89.0,0.8650442477876106,0.042539782690603115,0.8781038374717833,,0.2222222222222222,0.2222222222222222,0.6558816152495611,0.12389380530973451,0.01991150442477876,0.8761061946902655,0.9800884955752213,0.0,0.0,0.9601769911504425,0.752212389380531,0.10398230088495575,443.0,396.0,0.9800884955752213,0.8761061946902655,389.0,54.0,9.0,56.0,0.01991150442477876,0.12389380530973451,7.0,2.0
deepfm_embed64,deepfm,44,6,512,0.001,0.0001,0.15,3,64,64,384x192x96,threshold,2,0.13,0.5026042011035237,0.4519328951835632,0.6628679962013295,0.32278629140679727,0.9219677692960135,,0.3333333333333333,0.3333333333333333,0.5886344359626803,0.19040835707502374,0.44017094017094016,0.8095916429249762,0.5598290598290598,0.0,0.0,0.11965811965811968,0.6191832858499524,0.24976258309591642,1179.0,1705.0,0.5598290598290598,0.8095916429249762,1087.0,92.0,927.0,401.0,0.44017094017094016,0.19040835707502374,618.0,309.0,0.5121951219512195,0.024636678460728218,0.5102880658436214,,0.5144230769230769,0.5102880658436214,0.004135011079455464,0.5011086474501109,0.4611973392461197,0.49889135254988914,0.5388026607538803,0.0,0.0,0.07760532150776056,0.0022172949002217113,0.039911308203991136,243.0,225.0,0.5388026607538803,0.49889135254988914,124.0,119.0,208.0,226.0,0.4611973392461197,0.5011086474501109,101.0,107.0,0.20353982300884957,0.06759977566685163,0.1873589164785553,,1.0,0.1873589164785553,0.8126410835214447,0.8163716814159292,0.01991150442477876,0.1836283185840708,0.9800884955752213,0.0,0.0,0.9601769911504425,0.6327433628318584,0.7964601769911505,443.0,83.0,0.9800884955752213,0.1836283185840708,83.0,360.0,9.0,369.0,0.01991150442477876,0.8163716814159292,0.0,9.0
deepfm_embed64,deepfm,42,6,512,0.001,0.0001,0.15,3,64,64,384x192x96,threshold,5,0.88,0.568256752782498,0.64585862159729,0.8399810066476733,0.6892696662414235,0.7888040712468194,,0.9050701186623517,0.7888040712468194,0.11626604741553226,0.51661918328585,0.44017094017094016,0.48338081671415006,0.5598290598290598,0.0,0.0,0.11965811965811968,0.03323836657169993,0.07644824311490983,1179.0,1018.0,0.5598290598290598,0.48338081671415006,930.0,249.0,927.0,1088.0,0.44017094017094016,0.51661918328585,88.0,839.0,0.5809312638580931,0.16083083320380342,0.5843621399176955,,0.5769230769230769,0.5769230769230769,0.007439062994618606,0.49002217294900224,0.4611973392461197,0.5099778270509978,0.5388026607538803,0.0,0.0,0.07760532150776056,0.019955654101995568,0.028824833702882524,243.0,230.0,0.5388026607538803,0.5099778270509978,142.0,101.0,208.0,221.0,0.4611973392461197,0.49002217294900224,88.0,120.0,0.17256637168141592,-0.14290924946140302,0.1670428893905192,,0.4444444444444444,0.1670428893905192,0.2774015550539252,0.8252212389380531,0.01991150442477876,0.1747787610619469,0.9800884955752213,0.0,0.0,0.9601769911504425,0.6504424778761062,0.8053097345132744,443.0,79.0,0.9800884955752213,0.1747787610619469,74.0,369.0,9.0,373.0,0.01991150442477876,0.8252212389380531,5.0,4.0
dcn_wider_mlp,dcn,44,6,512,0.001,0.0001,0.15,3,64,32,512x256x128,threshold,1,0.1,0.4953432007869678,0.09233166873455048,0.8903133903133903,0.78782404336596,0.8430873621713316,,0.9503775620280475,0.8430873621713316,0.10729019985671584,0.5061728395061729,0.44017094017094016,0.49382716049382713,0.5598290598290598,0.0,0.0,0.11965811965811968,0.012345679012345734,0.0660018993352327,1179.0,1040.0,0.5598290598290598,0.49382716049382713,994.0,185.0,927.0,1066.0,0.44017094017094016,0.5061728395061729,46.0,881.0,0.5033259423503326,0.0068446176348059985,0.5020576131687243,,0.5048076923076923,0.5020576131687243,0.0027500791389679646,0.5011086474501109,0.4611973392461197,0.49889135254988914,0.5388026607538803,0.0,0.0,0.07760532150776056,0.0022172949002217113,0.039911308203991136,243.0,225.0,0.5388026607538803,0.49889135254988914,122.0,121.0,208.0,226.0,0.4611973392461197,0.5011086474501109,103.0,105.0,0.2345132743362832,-0.21030233311855442,0.23702031602708803,,0.1111111111111111,0.1111111111111111,0.12590920491597693,0.75,0.01991150442477876,0.25,0.9800884955752213,0.0,0.0,0.9601769911504425,0.5,0.7300884955752213,443.0,113.0,0.9800884955752213,0.25,105.0,338.0,9.0,339.0,0.01991150442477876,0.75,8.0,1.0
deepfm_embed96,deepfm,44,6,512,0.001,0.0001,0.15,3,64,96,384x192x96,threshold,4,0.12,0.5570617034776926,0.49993098378181455,0.8214624881291548,0.671595335004376,0.7234944868532655,,0.9460625674217907,0.7234944868532655,0.22256808056852528,0.5712250712250713,0.44017094017094016,0.4287749287749288,0.5598290598290598,0.0,0.0,0.11965811965811968,0.14245014245014248,0.1310541310541311,1179.0,903.0,0.5598290598290598,0.4287749287749288,853.0,326.0,927.0,1203.0,0.44017094017094016,0.5712250712250713,50.0,877.0,0.5787139689578714,0.15807713465514486,0.5720164609053497,,0.5865384615384616,0.5720164609053497,0.01452200063311182,0.5011086474501109,0.4611973392461197,0.49889135254988914,0.5388026607538803,0.0,0.0,0.07760532150776056,0.0022172949002217113,0.039911308203991136,243.0,225.0,0.5388026607538803,0.49889135254988914,139.0,104.0,208.0,226.0,0.4611973392461197,0.5011086474501109,86.0,122.0,0.25,-0.20121783249708008,0.2528216704288939,,0.1111111111111111,0.1111111111111111,0.1417105593177828,0.7345132743362832,0.01991150442477876,0.26548672566371684,0.9800884955752213,0.0,0.0,0.9601769911504425,0.4690265486725664,0.7146017699115045,443.0,120.0,0.9800884955752213,0.26548672566371684,112.0,331.0,9.0,332.0,0.01991150442477876,0.7345132743362832,8.0,1.0
dcn_xwide,dcn,43,6,512,0.001,0.0001,0.15,3,64,32,640x320x160,threshold,2,0.24,0.44901920585186167,0.07666446417570114,0.9729344729344729,0.9464345657699743,0.9550466497031382,,0.9956850053937433,0.9550466497031382,0.04063835569060503,0.4634377967711301,0.44017094017094016,0.5365622032288699,0.5598290598290598,0.0,0.0,0.11965811965811968,0.07312440645773982,0.023266856600189956,1179.0,1130.0,0.5598290598290598,0.5365622032288699,1126.0,53.0,927.0,976.0,0.44017094017094016,0.4634377967711301,4.0,923.0,0.458980044345898,-0.0821156864948051,0.4609053497942387,,0.4567307692307692,0.4567307692307692,0.004174580563469477,0.5011086474501109,0.4611973392461197,0.49889135254988914,0.5388026607538803,0.0,0.0,0.07760532150776056,0.0022172949002217113,0.039911308203991136,243.0,225.0,0.5388026607538803,0.49889135254988914,112.0,131.0,208.0,226.0,0.4611973392461197,0.5011086474501109,113.0,95.0,0.26327433628318586,-0.19394767901636,0.26636568848758463,,0.1111111111111111,0.1111111111111111,0.15525457737647352,0.7212389380530974,0.01991150442477876,0.27876106194690264,0.9800884955752213,0.0,0.0,0.9601769911504425,0.4424778761061947,0.7013274336283186,443.0,126.0,0.9800884955752213,0.27876106194690264,118.0,325.0,9.0,326.0,0.01991150442477876,0.7212389380530974,8.0,1.0
dcn_deep_cross,dcn,44,6,512,0.001,0.0001,0.15,5,64,32,384x192x96,threshold,2,0.55,0.42636177808942033,0.07672489881515503,0.9681861348528015,0.9372654351020535,0.9474130619168787,,0.9946062567421791,0.9474130619168787,0.04719319482530038,0.4672364672364672,0.44017094017094016,0.5327635327635327,0.5598290598290598,0.0,0.0,0.11965811965811968,0.0655270655270655,0.027065527065527062,1179.0,1122.0,0.5598290598290598,0.5327635327635327,1117.0,62.0,927.0,984.0,0.44017094017094016,0.4672364672364672,5.0,922.0,0.43237250554323725,-0.13480944326634206,0.43209876543209874,,0.4326923076923077,0.43209876543209874,0.0005935422602089679,0.5055432372505543,0.4611973392461197,0.49445676274944567,0.5388026607538803,0.0,0.0,0.07760532150776056,0.011086474501108612,0.04434589800443456,243.0,223.0,0.5388026607538803,0.49445676274944567,105.0,138.0,208.0,228.0,0.4611973392461197,0.5055432372505543,118.0,90.0,0.2920353982300885,-0.17956779854424096,0.29571106094808125,,0.1111111111111111,0.1111111111111111,0.18459994983697015,0.6924778761061947,0.01991150442477876,0.3075221238938053,0.9800884955752213,0.0,0.0,0.9601769911504425,0.3849557522123894,0.672566371681416,443.0,139.0,0.9800884955752213,0.3075221238938053,131.0,312.0,9.0,313.0,0.01991150442477876,0.6924778761061947,8.0,1.0
deepfm_high_dropout,deepfm,45,6,512,0.001,0.0001,0.3,3,64,32,384x192x96,threshold,2,0.87,0.6450284470372547,0.3759783565998077,0.6875593542260209,0.358903043226129,0.8363019508057676,,0.49838187702265374,0.49838187702265374,0.3379200737831139,0.31101614434947766,0.44017094017094016,0.6889838556505223,0.5598290598290598,0.0,0.0,0.11965811965811968,0.3779677113010447,0.1291547958214625,1179.0,1451.0,0.5598290598290598,0.6889838556505223,986.0,193.0,927.0,655.0,0.44017094017094016,0.31101614434947766,465.0,462.0,0.6496674057649667,0.2984305289539033,0.6502057613168725,,0.6490384615384616,0.6490384615384616,0.0011672997784109018,0.4878048780487805,0.4611973392461197,0.5121951219512195,0.5388026607538803,0.0,0.0,0.07760532150776056,0.024390243902439046,0.026607538802660757,243.0,231.0,0.5388026607538803,0.5121951219512195,158.0,85.0,208.0,220.0,0.4611973392461197,0.4878048780487805,73.0,135.0,0.7123893805309734,-0.051566502630623026,0.7246049661399548,,0.1111111111111111,0.1111111111111111,0.6134938550288438,0.2721238938053097,0.01991150442477876,0.7278761061946902,0.9800884955752213,0.0,0.0,0.9601769911504425,0.4557522123893805,0.252212389380531,443.0,329.0,0.9800884955752213,0.7278761061946902,321.0,122.0,9.0,123.0,0.01991150442477876,0.2721238938053097,8.0,1.0
dcn_narrow,dcn,43,6,512,0.001,0.0001,0.15,3,64,32,256x128,threshold,3,0.6,0.4648964613124505,0.07648641318082809,0.9919278252611586,0.9836419730879656,0.9906700593723494,,0.9935275080906149,0.9906700593723494,0.002857448718265432,0.44254510921177587,0.44017094017094016,0.5574548907882241,0.5598290598290598,0.0,0.0,0.11965811965811968,0.11490978157644821,0.0023741690408357052,1179.0,1174.0,0.5598290598290598,0.5574548907882241,1168.0,11.0,927.0,932.0,0.44017094017094016,0.44254510921177587,6.0,921.0,0.4722838137472284,-0.05542759525592177,0.4732510288065844,,0.47115384615384615,0.47115384615384615,0.0020971826527382276,0.5011086474501109,0.4611973392461197,0.49889135254988914,0.5388026607538803,0.0,0.0,0.07760532150776056,0.0022172949002217113,0.039911308203991136,243.0,225.0,0.5388026607538803,0.49889135254988914,115.0,128.0,208.0,226.0,0.4611973392461197,0.5011086474501109,110.0,98.0,0.7168141592920354,-0.050409179951014946,0.7291196388261851,,0.1111111111111111,0.1111111111111111,0.618008527715074,0.2676991150442478,0.01991150442477876,0.7323008849557522,0.9800884955752213,0.0,0.0,0.9601769911504425,0.46460176991150437,0.24778761061946905,443.0,331.0,0.9800884955752213,0.7323008849557522,323.0,120.0,9.0,121.0,0.01991150442477876,0.2676991150442478,8.0,1.0
dcn_high_dropout,dcn,43,6,512,0.001,0.0001,0.3,3,64,32,384x192x96,threshold,6,0.58,0.411909024053333,0.08294260799884796,0.9981006647673314,0.9961471112817141,0.9991518235793045,,0.9967637540453075,0.9967637540453075,0.0023880695339970615,0.4392212725546059,0.44017094017094016,0.5607787274453941,0.5598290598290598,0.0,0.0,0.11965811965811968,0.12155745489078823,0.0009496676163342488,1179.0,1181.0,0.5598290598290598,0.5607787274453941,1178.0,1.0,927.0,925.0,0.44017094017094016,0.4392212725546059,3.0,924.0,0.4190687361419069,-0.16149910916323418,0.41975308641975306,,0.4182692307692308,0.4182692307692308,0.001483855650522281,0.5055432372505543,0.4611973392461197,0.49445676274944567,0.5388026607538803,0.0,0.0,0.07760532150776056,0.011086474501108612,0.04434589800443456,243.0,223.0,0.5388026607538803,0.49445676274944567,102.0,141.0,208.0,228.0,0.4611973392461197,0.5055432372505543,121.0,87.0,0.7367256637168141,-0.04512354422042311,0.7494356659142212,,0.1111111111111111,0.1111111111111111,0.63832455480311,0.24778761061946902,0.01991150442477876,0.7522123893805309,0.9800884955752213,0.0,0.0,0.9601769911504425,0.5044247787610618,0.22787610619469026,443.0,340.0,0.9800884955752213,0.7522123893805309,332.0,111.0,9.0,112.0,0.01991150442477876,0.24778761061946902,8.0,1.0
deepfm_wider_mlp,deepfm,42,6,512,0.001,0.0001,0.15,3,64,32,512x256x128,threshold,4,0.29,0.39731681697806354,0.2058008760213852,0.8684710351377019,0.741490381019189,0.8320610687022901,,0.9147788565264293,0.8320610687022901,0.08271778782413919,0.49667616334283,0.44017094017094016,0.50332383665717,0.5598290598290598,0.0,0.0,0.11965811965811968,0.0066476733143399636,0.05650522317188983,1179.0,1060.0,0.5598290598290598,0.50332383665717,981.0,198.0,927.0,1046.0,0.44017094017094016,0.49667616334283,79.0,848.0,0.4035476718403548,-0.1923031896869979,0.40329218106995884,,0.40384615384615385,0.40329218106995884,0.0005539727761950108,0.5077605321507761,0.4611973392461197,0.49223946784922396,0.5388026607538803,0.0,0.0,0.07760532150776056,0.015521064301552145,0.04656319290465638,243.0,222.0,0.5388026607538803,0.49223946784922396,98.0,145.0,208.0,229.0,0.4611973392461197,0.5077605321507761,124.0,84.0,0.7522123893805309,-0.04090387141865236,0.7652370203160271,,0.1111111111111111,0.1111111111111111,0.6541259092049161,0.2323008849557522,0.01991150442477876,0.7676991150442478,0.9800884955752213,0.0,0.0,0.9601769911504425,0.5353982300884956,0.21238938053097345,443.0,347.0,0.9800884955752213,0.7676991150442478,339.0,104.0,9.0,105.0,0.01991150442477876,0.2323008849557522,8.0,1.0
deepfm_embed128,deepfm,43,6,512,0.001,0.0001,0.15,3,64,128,384x192x96,threshold,6,0.57,0.4437267873649988,1.1288760781288147,0.7597340930674265,0.5441714269899812,0.9728583545377438,,0.4886731391585761,0.4886731391585761,0.48418521537916775,0.23029439696106363,0.44017094017094016,0.7697056030389364,0.5598290598290598,0.0,0.0,0.11965811965811968,0.5394112060778729,0.20987654320987653,1179.0,1621.0,0.5598290598290598,0.7697056030389364,1147.0,32.0,927.0,485.0,0.44017094017094016,0.23029439696106363,474.0,453.0,0.45454545454545453,-0.09101171690776622,0.4567901234567901,,0.4519230769230769,0.4519230769230769,0.004867046533713171,0.5011086474501109,0.4611973392461197,0.49889135254988914,0.5388026607538803,0.0,0.0,0.07760532150776056,0.0022172949002217113,0.039911308203991136,243.0,225.0,0.5388026607538803,0.49889135254988914,111.0,132.0,208.0,226.0,0.4611973392461197,0.5011086474501109,114.0,94.0,0.8761061946902655,0.0012397068595260397,0.891647855530474,,0.1111111111111111,0.1111111111111111,0.7805367444193629,0.1084070796460177,0.01991150442477876,0.8915929203539823,0.9800884955752213,0.0,0.0,0.9601769911504425,0.7831858407079646,0.08849557522123894,443.0,403.0,0.9800884955752213,0.8915929203539823,395.0,48.0,9.0,49.0,0.01991150442477876,0.1084070796460177,8.0,1.0
dcn_dropout_low,dcn,44,6,512,0.001,0.0001,0.08,3,64,32,384x192x96,threshold,6,0.5,0.4917127006286898,0.07679738700389863,0.9995251661918328,0.9990371121012571,0.9991518235793045,,1.0,0.9991518235793045,0.0008481764206954567,0.4406457739791073,0.44017094017094016,0.5593542260208927,0.5598290598290598,0.0,0.0,0.11965811965811968,0.11870845204178537,0.00047483380816715215,1179.0,1178.0,0.5598290598290598,0.5593542260208927,1178.0,1.0,927.0,928.0,0.44017094017094016,0.4406457739791073,0.0,927.0,0.49889135254988914,-0.002051412778155112,0.49794238683127573,,0.5,0.49794238683127573,0.0020576131687242705,0.5011086474501109,0.4611973392461197,0.49889135254988914,0.5388026607538803,0.0,0.0,0.07760532150776056,0.0022172949002217113,0.039911308203991136,243.0,225.0,0.5388026607538803,0.49889135254988914,121.0,122.0,208.0,226.0,0.4611973392461197,0.5011086474501109,104.0,104.0,0.8827433628318584,0.004403708324424458,0.8984198645598194,,0.1111111111111111,0.1111111111111111,0.7873087534487082,0.10176991150442478,0.01991150442477876,0.8982300884955752,0.9800884955752213,0.0,0.0,0.9601769911504425,0.7964601769911503,0.08185840707964602,443.0,406.0,0.9800884955752213,0.8982300884955752,398.0,45.0,9.0,46.0,0.01991150442477876,0.10176991150442478,8.0,1.0
dcn_base,dcn,44,6,512,0.001,0.0001,0.15,3,64,32,384x192x96,threshold,3,0.47,0.4953432007869678,0.07984142005443573,0.9919278252611586,0.9836231166241609,0.9949109414758269,,0.9881337648327939,0.9881337648327939,0.006777176643033012,0.43779677113010446,0.44017094017094016,0.5622032288698955,0.5598290598290598,0.0,0.0,0.11965811965811968,0.12440645773979103,0.0023741690408357052,1179.0,1184.0,0.5598290598290598,0.5622032288698955,1173.0,6.0,927.0,922.0,0.44017094017094016,0.43779677113010446,11.0,916.0,0.5033259423503326,0.0068446176348059985,0.5020576131687243,,0.5048076923076923,0.5020576131687243,0.0027500791389679646,0.5011086474501109,0.4611973392461197,0.49889135254988914,0.5388026607538803,0.0,0.0,0.07760532150776056,0.0022172949002217113,0.039911308203991136,243.0,225.0,0.5388026607538803,0.49889135254988914,122.0,121.0,208.0,226.0,0.4611973392461197,0.5011086474501109,103.0,105.0,0.8893805309734514,0.007762370305693917,0.9051918735891648,,0.1111111111111111,0.1111111111111111,0.7940807624780537,0.09513274336283185,0.01991150442477876,0.9048672566371682,0.9800884955752213,0.0,0.0,0.9601769911504425,0.8097345132743363,0.07522123893805309,443.0,409.0,0.9800884955752213,0.9048672566371682,401.0,42.0,9.0,43.0,0.01991150442477876,0.09513274336283185,8.0,1.0
dcn_high_dropout,dcn,44,6,512,0.001,0.0001,0.3,3,64,32,384x192x96,threshold,5,0.69,0.507299061597842,0.08610411286354065,0.9971509971509972,0.9942224023069224,0.996607294317218,,0.9978425026968716,0.996607294317218,0.0012352083796536295,0.44112060778727447,0.44017094017094016,0.5588793922127255,0.5598290598290598,0.0,0.0,0.11965811965811968,0.11775878442545107,0.0009496676163343043,1179.0,1177.0,0.5598290598290598,0.5588793922127255,1175.0,4.0,927.0,929.0,0.44017094017094016,0.44112060778727447,2.0,925.0,0.516629711751663,0.032842975459256345,0.5185185185185185,,0.5144230769230769,0.5144230769230769,0.004095441595441618,0.49667405764966743,0.4611973392461197,0.5033259423503326,0.5388026607538803,0.0,0.0,0.07760532150776056,0.006651884700665134,0.03547671840354771,243.0,227.0,0.5388026607538803,0.5033259423503326,126.0,117.0,208.0,224.0,0.4611973392461197,0.49667405764966743,101.0,107.0,0.9004424778761062,0.013889211730723551,0.9164785553047404,,0.1111111111111111,0.1111111111111111,0.8053674441936294,0.084070796460177,0.01991150442477876,0.915929203539823,0.9800884955752213,0.0,0.0,0.9601769911504425,0.831858407079646,0.06415929203539823,443.0,414.0,0.9800884955752213,0.915929203539823,406.0,37.0,9.0,38.0,0.01991150442477876,0.084070796460177,8.0,1.0
dcn_dropout_high,dcn,44,6,512,0.001,0.0001,0.4,3,64,32,384x192x96,threshold,6,0.58,0.5134966614234906,0.09879640936851501,0.9947768281101614,0.9894072931715161,0.9974554707379135,,0.9913700107874865,0.9913700107874865,0.006085459950426975,0.43779677113010446,0.44017094017094016,0.5622032288698955,0.5598290598290598,0.0,0.0,0.11965811965811968,0.12440645773979103,0.0023741690408357052,1179.0,1184.0,0.5598290598290598,0.5622032288698955,1176.0,3.0,927.0,922.0,0.44017094017094016,0.43779677113010446,8.0,919.0,0.5188470066518847,0.037635534429999555,0.5185185185185185,,0.5192307692307693,0.5185185185185185,0.0007122507122507837,0.49889135254988914,0.4611973392461197,0.5011086474501109,0.5388026607538803,0.0,0.0,0.07760532150776056,0.0022172949002217113,0.037694013303769425,243.0,226.0,0.5388026607538803,0.5011086474501109,126.0,117.0,208.0,225.0,0.4611973392461197,0.49889135254988914,100.0,108.0,0.9070796460176991,0.01795954789145214,0.9232505643340858,,0.1111111111111111,0.1111111111111111,0.8121394532229746,0.07743362831858407,0.01991150442477876,0.922566371681416,0.9800884955752213,0.0,0.0,0.9601769911504425,0.845132743362832,0.0575221238938053,443.0,417.0,0.9800884955752213,0.922566371681416,409.0,34.0,9.0,35.0,0.01991150442477876,0.07743362831858407,8.0,1.0
deepfm_embed128,deepfm,42,6,512,0.001,0.0001,0.15,3,64,128,384x192x96,threshold,6,0.42,0.47815913372485186,2.275500464439392,0.6837606837606838,0.4657091819925282,0.4741306191687871,,0.9503775620280475,0.4741306191687871,0.47624694285926034,0.7127255460588794,0.44017094017094016,0.2872744539411206,0.5598290598290598,0.0,0.0,0.11965811965811968,0.4254510921177588,0.2725546058879392,1179.0,605.0,0.5598290598290598,0.2872744539411206,559.0,620.0,927.0,1501.0,0.44017094017094016,0.7127255460588794,46.0,881.0,0.4878048780487805,-0.024636678460728218,0.4897119341563786,,0.4855769230769231,0.4855769230769231,0.0041350110794555195,0.49889135254988914,0.4611973392461197,0.5011086474501109,0.5388026607538803,0.0,0.0,0.07760532150776056,0.0022172949002217113,0.037694013303769425,243.0,226.0,0.5388026607538803,0.5011086474501109,119.0,124.0,208.0,225.0,0.4611973392461197,0.49889135254988914,107.0,101.0,0.10176991150442478,-0.3829422637220285,0.1038374717832957,,0.0,0.0,0.1038374717832957,0.8783185840707964,0.01991150442477876,0.12168141592920353,0.9800884955752213,0.0,0.0,0.9601769911504425,0.7566371681415929,0.8584070796460177,443.0,55.0,0.9800884955752213,0.12168141592920353,46.0,397.0,9.0,397.0,0.01991150442477876,0.8783185840707964,9.0,0.0
deepfm_embed64,deepfm,45,6,512,0.001,0.0001,0.15,3,64,64,384x192x96,threshold,4,0.72,0.507299061597842,0.5087987303733825,0.7587844254510921,0.538557879014716,0.6802374893977947,,0.8586839266450917,0.6802374893977947,0.17844643724729703,0.5569800569800569,0.44017094017094016,0.443019943019943,0.5598290598290598,0.0,0.0,0.11965811965811968,0.1139601139601139,0.11680911680911676,1179.0,933.0,0.5598290598290598,0.443019943019943,802.0,377.0,927.0,1173.0,0.44017094017094016,0.5569800569800569,131.0,796.0,0.516629711751663,0.032842975459256345,0.5185185185185185,,0.5144230769230769,0.5144230769230769,0.004095441595441618,0.49667405764966743,0.4611973392461197,0.5033259423503326,0.5388026607538803,0.0,0.0,0.07760532150776056,0.006651884700665134,0.03547671840354771,243.0,227.0,0.5388026607538803,0.5033259423503326,126.0,117.0,208.0,224.0,0.4611973392461197,0.49667405764966743,101.0,107.0,0.1261061946902655,-0.3446998355174934,0.12866817155756208,,0.0,0.0,0.12866817155756208,0.8539823008849557,0.01991150442477876,0.14601769911504425,0.9800884955752213,0.0,0.0,0.9601769911504425,0.7079646017699115,0.834070796460177,443.0,66.0,0.9800884955752213,0.14601769911504425,57.0,386.0,9.0,386.0,0.01991150442477876,0.8539823008849557,9.0,0.0
dcn_wider_mlp,dcn,45,6,512,0.001,0.0001,0.15,3,64,32,512x256x128,threshold,4,0.53,0.48082024030872267,0.07889804542064667,0.9928774928774928,0.9855701811711873,0.9974554707379135,,0.9870550161812298,0.9870550161812298,0.010400454556683703,0.4358974358974359,0.44017094017094016,0.5641025641025641,0.5598290598290598,0.0,0.0,0.11965811965811968,0.1282051282051282,0.004273504273504258,1179.0,1188.0,0.5598290598290598,0.5641025641025641,1176.0,3.0,927.0,918.0,0.44017094017094016,0.4358974358974359,12.0,915.0,0.49223946784922396,-0.015050564729977532,0.4897119341563786,,0.4951923076923077,0.4897119341563786,0.005480373535929117,0.5033259423503326,0.4611973392461197,0.49667405764966743,0.5388026607538803,0.0,0.0,0.07760532150776056,0.006651884700665134,0.04212860310421285,243.0,224.0,0.5388026607538803,0.49667405764966743,119.0,124.0,208.0,227.0,0.4611973392461197,0.5033259423503326,105.0,103.0,0.17035398230088494,-0.29404290768646646,0.17381489841986456,,0.0,0.0,0.17381489841986456,0.8097345132743363,0.01991150442477876,0.1902654867256637,0.9800884955752213,0.0,0.0,0.9601769911504425,0.6194690265486726,0.7898230088495576,443.0,86.0,0.9800884955752213,0.1902654867256637,77.0,366.0,9.0,366.0,0.01991150442477876,0.8097345132743363,9.0,0.0
dcn_narrow,dcn,45,6,512,0.001,0.0001,0.15,3,64,32,256x128,threshold,3,0.62,0.4754812982861764,0.09408041983842849,0.9881291547958214,0.9759739907610693,0.9957591178965225,,0.9784250269687162,0.9784250269687162,0.017334090927806245,0.43304843304843305,0.44017094017094016,0.5669515669515669,0.5598290598290598,0.0,0.0,0.11965811965811968,0.13390313390313385,0.007122507122507116,1179.0,1194.0,0.5598290598290598,0.5669515669515669,1174.0,5.0,927.0,912.0,0.44017094017094016,0.43304843304843305,20.0,907.0,0.4811529933481153,-0.037635534429999555,0.48148148148148145,,0.4807692307692308,0.4807692307692308,0.0007122507122506727,0.5011086474501109,0.4611973392461197,0.49889135254988914,0.5388026607538803,0.0,0.0,0.07760532150776056,0.0022172949002217113,0.039911308203991136,243.0,225.0,0.5388026607538803,0.49889135254988914,117.0,126.0,208.0,226.0,0.4611973392461197,0.5011086474501109,108.0,100.0,0.18584070796460178,-0.2800432709384442,0.18961625282167044,,0.0,0.0,0.18961625282167044,0.7942477876106194,0.01991150442477876,0.20575221238938052,0.9800884955752213,0.0,0.0,0.9601769911504425,0.5884955752212389,0.7743362831858407,443.0,93.0,0.9800884955752213,0.20575221238938052,84.0,359.0,9.0,359.0,0.01991150442477876,0.7942477876106194,9.0,0.0
dcn_narrow,dcn,42,6,512,0.001,0.0001,0.15,3,64,32,256x128,threshold,3,0.64,0.411909024053333,0.08633985817432403,0.9919278252611586,0.9836566788924972,0.989821882951654,,0.9946062567421791,0.989821882951654,0.004784373790525098,0.44349477682811017,0.44017094017094016,0.5565052231718899,0.5598290598290598,0.0,0.0,0.11965811965811968,0.11301044634377971,0.0033238366571700095,1179.0,1172.0,0.5598290598290598,0.5565052231718899,1167.0,12.0,927.0,934.0,0.44017094017094016,0.44349477682811017,5.0,922.0,0.4190687361419069,-0.16149910916323418,0.41975308641975306,,0.4182692307692308,0.4182692307692308,0.001483855650522281,0.5055432372505543,0.4611973392461197,0.49445676274944567,0.5388026607538803,0.0,0.0,0.07760532150776056,0.011086474501108612,0.04434589800443456,243.0,223.0,0.5388026607538803,0.49445676274944567,102.0,141.0,208.0,228.0,0.4611973392461197,0.5055432372505543,121.0,87.0,0.21902654867256638,-0.25438220948532064,0.2234762979683973,,0.0,0.0,0.2234762979683973,0.7610619469026548,0.01991150442477876,0.23893805309734514,0.9800884955752213,0.0,0.0,0.9601769911504425,0.5221238938053097,0.7411504424778761,443.0,108.0,0.9800884955752213,0.23893805309734514,99.0,344.0,9.0,344.0,0.01991150442477876,0.7610619469026548,9.0,0.0
deepfm_dropout_low,deepfm,43,6,512,0.001,0.0001,0.08,3,64,32,384x192x96,threshold,3,0.46,0.4198792779788714,0.23133383095264434,0.8266856600189934,0.6489131802292011,0.8396946564885496,,0.8101402373247033,0.8101402373247033,0.02955441916384627,0.44634377967711303,0.44017094017094016,0.553656220322887,0.5598290598290598,0.0,0.0,0.11965811965811968,0.10731244064577394,0.006172839506172867,1179.0,1166.0,0.5598290598290598,0.553656220322887,990.0,189.0,927.0,940.0,0.44017094017094016,0.44634377967711303,176.0,751.0,0.43015521064301554,-0.13959743983492923,0.43209876543209874,,0.42788461538461536,0.42788461538461536,0.004214150047483378,0.5033259423503326,0.4611973392461197,0.49667405764966743,0.5388026607538803,0.0,0.0,0.07760532150776056,0.006651884700665134,0.04212860310421285,243.0,224.0,0.5388026607538803,0.49667405764966743,105.0,138.0,208.0,227.0,0.4611973392461197,0.5033259423503326,119.0,89.0,0.2809734513274336,-0.21726685543188679,0.2866817155756208,,0.0,0.0,0.2866817155756208,0.6991150442477876,0.01991150442477876,0.3008849557522124,0.9800884955752213,0.0,0.0,0.9601769911504425,0.3982300884955752,0.6792035398230089,443.0,136.0,0.9800884955752213,0.3008849557522124,127.0,316.0,9.0,316.0,0.01991150442477876,0.6991150442477876,9.0,0.0
deepfm_embed96,deepfm,45,6,512,0.001,0.0001,0.15,3,64,96,384x192x96,threshold,6,0.59,0.4626658198270664,0.7294386148452758,0.8418803418803419,0.68691366775384,0.9508057675996607,,0.703344120819849,0.703344120819849,0.24746164677981175,0.3371320037986705,0.44017094017094016,0.6628679962013295,0.5598290598290598,0.0,0.0,0.11965811965811968,0.32573599240265905,0.10303893637226968,1179.0,1396.0,0.5598290598290598,0.6628679962013295,1121.0,58.0,927.0,710.0,0.44017094017094016,0.3371320037986705,275.0,652.0,0.48337028824833705,-0.03215574468504376,0.4773662551440329,,0.49038461538461536,0.4773662551440329,0.01301836024058245,0.5077605321507761,0.4611973392461197,0.49223946784922396,0.5388026607538803,0.0,0.0,0.07760532150776056,0.015521064301552145,0.04656319290465638,243.0,222.0,0.5388026607538803,0.49223946784922396,116.0,127.0,208.0,229.0,0.4611973392461197,0.5077605321507761,106.0,102.0,0.3163716814159292,-0.2002434065937798,0.3227990970654628,,0.0,0.0,0.3227990970654628,0.6637168141592921,0.01991150442477876,0.336283185840708,0.9800884955752213,0.0,0.0,0.9601769911504425,0.3274336283185841,0.6438053097345133,443.0,152.0,0.9800884955752213,0.336283185840708,143.0,300.0,9.0,300.0,0.01991150442477876,0.6637168141592921,9.0,0.0
deepfm_xwide,deepfm,43,6,512,0.001,0.0001,0.15,3,64,32,640x320x160,threshold,4,0.76,0.4263588985540205,0.2612470597028732,0.8817663817663818,0.7644457734967275,0.9592875318066157,,0.7831715210355987,0.7831715210355987,0.17611601077101702,0.36752136752136755,0.44017094017094016,0.6324786324786325,0.5598290598290598,0.0,0.0,0.11965811965811968,0.2649572649572649,0.07264957264957261,1179.0,1332.0,0.5598290598290598,0.6324786324786325,1131.0,48.0,927.0,774.0,0.44017094017094016,0.36752136752136755,201.0,726.0,0.4523281596452328,-0.09376144618769909,0.4444444444444444,,0.46153846153846156,0.4444444444444444,0.017094017094017144,0.5121951219512195,0.4611973392461197,0.4878048780487805,0.5388026607538803,0.0,0.0,0.07760532150776056,0.024390243902439046,0.0509977827050998,243.0,220.0,0.5388026607538803,0.4878048780487805,108.0,135.0,208.0,231.0,0.4611973392461197,0.5121951219512195,112.0,96.0,0.3274336283185841,-0.19538021059994948,0.3340857787810384,,0.0,0.0,0.3340857787810384,0.6526548672566371,0.01991150442477876,0.3473451327433628,0.9800884955752213,0.0,0.0,0.9601769911504425,0.3053097345132743,0.6327433628318584,443.0,157.0,0.9800884955752213,0.3473451327433628,148.0,295.0,9.0,295.0,0.01991150442477876,0.6526548672566371,9.0,0.0
dcn_xwide,dcn,45,6,512,0.001,0.0001,0.15,3,64,32,640x320x160,threshold,5,0.74,0.39603176859274425,0.07370973825454712,0.9971509971509972,0.9942239478095214,0.9991518235793045,,0.9946062567421791,0.9946062567421791,0.004545566837125481,0.4382716049382716,0.44017094017094016,0.5617283950617284,0.5598290598290598,0.0,0.0,0.11965811965811968,0.12345679012345684,0.001899335232668553,1179.0,1183.0,0.5598290598290598,0.5617283950617284,1178.0,1.0,927.0,923.0,0.44017094017094016,0.4382716049382716,5.0,922.0,0.4057649667405765,-0.18818877506012632,0.4074074074074074,,0.40384615384615385,0.40384615384615385,0.00356125356125353,0.5055432372505543,0.4611973392461197,0.49445676274944567,0.5388026607538803,0.0,0.0,0.07760532150776056,0.011086474501108612,0.04434589800443456,243.0,223.0,0.5388026607538803,0.49445676274944567,99.0,144.0,208.0,228.0,0.4611973392461197,0.5055432372505543,124.0,84.0,0.41150442477876104,-0.1636321540971964,0.4198645598194131,,0.0,0.0,0.4198645598194131,0.5685840707964602,0.01991150442477876,0.4314159292035398,0.9800884955752213,0.0,0.0,0.9601769911504425,0.1371681415929204,0.5486725663716815,443.0,195.0,0.9800884955752213,0.4314159292035398,186.0,257.0,9.0,257.0,0.01991150442477876,0.5685840707964602,9.0,0.0
deepfm_xwide,deepfm,42,6,512,0.001,0.0001,0.15,3,64,32,640x320x160,threshold,6,0.71,0.4463413704131861,0.21860324442386628,0.9696106362773029,0.9385228653588152,0.9669211195928753,,0.9730312837108953,0.9669211195928753,0.006110164118020012,0.4468186134852801,0.44017094017094016,0.5531813865147198,0.5598290598290598,0.0,0.0,0.11965811965811968,0.1063627730294397,0.0066476733143399636,1179.0,1165.0,0.5598290598290598,0.5531813865147198,1140.0,39.0,927.0,941.0,0.44017094017094016,0.4468186134852801,25.0,902.0,0.4523281596452328,-0.0951164130117322,0.45267489711934156,,0.4519230769230769,0.4519230769230769,0.0007518201962646298,0.5033259423503326,0.4611973392461197,0.49667405764966743,0.5388026607538803,0.0,0.0,0.07760532150776056,0.006651884700665134,0.04212860310421285,243.0,224.0,0.5388026607538803,0.49667405764966743,110.0,133.0,208.0,227.0,0.4611973392461197,0.5033259423503326,114.0,94.0,0.46238938053097345,-0.14767231170722628,0.4717832957110609,,0.0,0.0,0.4717832957110609,0.5176991150442478,0.01991150442477876,0.4823008849557522,0.9800884955752213,0.0,0.0,0.9601769911504425,0.03539823008849563,0.4977876106194691,443.0,218.0,0.9800884955752213,0.4823008849557522,209.0,234.0,9.0,234.0,0.01991150442477876,0.5176991150442478,9.0,0.0
deepfm_wider_mlp,deepfm,45,6,512,0.001,0.0001,0.15,3,64,32,512x256x128,threshold,5,0.21,0.3934171855445568,0.31125250458717346,0.8827160493827161,0.7759676586012476,0.825275657336726,,0.9557713052858684,0.825275657336726,0.13049564794914237,0.5185185185185185,0.44017094017094016,0.48148148148148145,0.5598290598290598,0.0,0.0,0.11965811965811968,0.037037037037037035,0.07834757834757833,1179.0,1014.0,0.5598290598290598,0.48148148148148145,973.0,206.0,927.0,1092.0,0.44017094017094016,0.5185185185185185,41.0,886.0,0.4079822616407982,-0.18407846665812624,0.411522633744856,,0.40384615384615385,0.40384615384615385,0.0076764798987021265,0.5033259423503326,0.4611973392461197,0.49667405764966743,0.5388026607538803,0.0,0.0,0.07760532150776056,0.006651884700665134,0.04212860310421285,243.0,224.0,0.5388026607538803,0.49667405764966743,100.0,143.0,208.0,227.0,0.4611973392461197,0.5033259423503326,124.0,84.0,0.4756637168141593,-0.14380129792890176,0.4853273137697517,,0.0,0.0,0.4853273137697517,0.504424778761062,0.01991150442477876,0.49557522123893805,0.9800884955752213,0.0,0.0,0.9601769911504425,0.008849557522123908,0.4845132743362832,443.0,224.0,0.9800884955752213,0.49557522123893805,215.0,228.0,9.0,228.0,0.01991150442477876,0.504424778761062,9.0,0.0
dcn_narrow,dcn,44,6,512,0.001,0.0001,0.15,3,64,32,256x128,threshold,2,0.48,0.5425416225348473,0.08183630108833313,0.9691358024691358,0.9373546848537405,0.9779474130619169,,0.9579288025889967,0.9579288025889967,0.020018610472920195,0.43399810066476735,0.44017094017094016,0.5660018993352327,0.5598290598290598,0.0,0.0,0.11965811965811968,0.13200379867046536,0.006172839506172811,1179.0,1192.0,0.5598290598290598,0.5660018993352327,1153.0,26.0,927.0,914.0,0.44017094017094016,0.43399810066476735,39.0,888.0,0.5476718403547672,0.0951164130117322,0.5473251028806584,,0.5480769230769231,0.5473251028806584,0.0007518201962647408,0.49667405764966743,0.4611973392461197,0.5033259423503326,0.5388026607538803,0.0,0.0,0.07760532150776056,0.006651884700665134,0.03547671840354771,243.0,227.0,0.5388026607538803,0.5033259423503326,133.0,110.0,208.0,224.0,0.4611973392461197,0.49667405764966743,94.0,114.0,0.4823008849557522,-0.14190500785617594,0.49209932279909707,,0.0,0.0,0.49209932279909707,0.497787610619469,0.01991150442477876,0.5022123893805309,0.9800884955752213,0.0,0.0,0.9601769911504425,0.004424778761061898,0.4778761061946903,443.0,227.0,0.9800884955752213,0.5022123893805309,218.0,225.0,9.0,225.0,0.01991150442477876,0.497787610619469,9.0,0.0
dcn_deep_cross,dcn,45,6,512,0.001,0.0001,0.15,5,64,32,384x192x96,threshold,3,0.47,0.4596040428255876,0.09347733110189438,0.9871794871794872,0.9740083212936079,0.993214588634436,,0.9795037756202805,0.9795037756202805,0.013710813014155554,0.4349477682811016,0.44017094017094016,0.5650522317188984,0.5598290598290598,0.0,0.0,0.11965811965811968,0.1301044634377968,0.005223171889838563,1179.0,1190.0,0.5598290598290598,0.5650522317188984,1171.0,8.0,927.0,916.0,0.44017094017094016,0.4349477682811016,19.0,908.0,0.4678492239467849,-0.06432362566888289,0.4691358024691358,,0.46634615384615385,0.46634615384615385,0.0027896486229819217,0.5011086474501109,0.4611973392461197,0.49889135254988914,0.5388026607538803,0.0,0.0,0.07760532150776056,0.0022172949002217113,0.039911308203991136,243.0,225.0,0.5388026607538803,0.49889135254988914,114.0,129.0,208.0,226.0,0.4611973392461197,0.5011086474501109,111.0,97.0,0.5243362831858407,-0.13043238880481742,0.5349887133182845,,0.0,0.0,0.5349887133182845,0.4557522123893805,0.01991150442477876,0.5442477876106194,0.9800884955752213,0.0,0.0,0.9601769911504425,0.08849557522123891,0.4358407079646018,443.0,246.0,0.9800884955752213,0.5442477876106194,237.0,206.0,9.0,206.0,0.01991150442477876,0.4557522123893805,9.0,0.0
deepfm_narrow,deepfm,42,6,512,0.001,0.0001,0.15,3,64,32,256x128,threshold,4,0.69,0.46629823967561096,0.2304139703512192,0.9188034188034188,0.8365828816066535,0.9643765903307888,,0.86084142394822,0.86084142394822,0.10353516638256877,0.39886039886039887,0.44017094017094016,0.6011396011396012,0.5598290598290598,0.0,0.0,0.11965811965811968,0.20227920227920232,0.04131054131054129,1179.0,1266.0,0.5598290598290598,0.6011396011396012,1137.0,42.0,927.0,840.0,0.44017094017094016,0.39886039886039887,129.0,798.0,0.4745011086474501,-0.05063538618853516,0.4732510288065844,,0.47596153846153844,0.4732510288065844,0.002710509654954063,0.5033259423503326,0.4611973392461197,0.49667405764966743,0.5388026607538803,0.0,0.0,0.07760532150776056,0.006651884700665134,0.04212860310421285,243.0,224.0,0.5388026607538803,0.49667405764966743,115.0,128.0,208.0,227.0,0.4611973392461197,0.5033259423503326,109.0,99.0,0.5442477876106194,-0.12528019320382885,0.5553047404063205,,0.0,0.0,0.5553047404063205,0.4358407079646018,0.01991150442477876,0.5641592920353983,0.9800884955752213,0.0,0.0,0.9601769911504425,0.1283185840707965,0.41592920353982304,443.0,255.0,0.9800884955752213,0.5641592920353983,246.0,197.0,9.0,197.0,0.01991150442477876,0.4358407079646018,9.0,0.0
deepfm_high_dropout,deepfm,44,6,512,0.001,0.0001,0.3,3,64,32,384x192x96,threshold,4,0.53,0.3748620946452925,0.35578274726867676,0.8542260208926875,0.7034722149107905,0.8829516539440203,,0.8176914778856527,0.8176914778856527,0.06526017605836765,0.4254510921177588,0.44017094017094016,0.5745489078822412,0.5598290598290598,0.0,0.0,0.11965811965811968,0.14909781576448244,0.014719848053181384,1179.0,1210.0,0.5598290598290598,0.5745489078822412,1041.0,138.0,927.0,896.0,0.44017094017094016,0.4254510921177588,169.0,758.0,0.38802660753880264,-0.2237749962559825,0.39094650205761317,,0.38461538461538464,0.38461538461538464,0.006331117442228529,0.5055432372505543,0.4611973392461197,0.49445676274944567,0.5388026607538803,0.0,0.0,0.07760532150776056,0.011086474501108612,0.04434589800443456,243.0,223.0,0.5388026607538803,0.49445676274944567,95.0,148.0,208.0,228.0,0.4611973392461197,0.5055432372505543,128.0,80.0,0.5995575221238938,-0.11171322755709007,0.6117381489841986,,0.0,0.0,0.6117381489841986,0.3805309734513274,0.01991150442477876,0.6194690265486725,0.9800884955752213,0.0,0.0,0.9601769911504425,0.23893805309734512,0.3606194690265487,443.0,280.0,0.9800884955752213,0.6194690265486725,271.0,172.0,9.0,172.0,0.01991150442477876,0.3805309734513274,9.0,0.0
deepfm_dropout_low,deepfm,45,6,512,0.001,0.0001,0.08,3,64,32,384x192x96,threshold,3,0.64,0.5311465709839693,0.22603418231010436,0.8133903133903134,0.6292442805362353,0.7879558948261238,,0.8457389428263214,0.7879558948261238,0.05778304800019762,0.49097815764482433,0.44017094017094016,0.5090218423551757,0.5598290598290598,0.0,0.0,0.11965811965811968,0.018043684710351338,0.05080721747388417,1179.0,1072.0,0.5598290598290598,0.5090218423551757,929.0,250.0,927.0,1034.0,0.44017094017094016,0.49097815764482433,143.0,784.0,0.541019955654102,0.0814301114725578,0.5432098765432098,,0.5384615384615384,0.5384615384615384,0.0047483380816714105,0.49445676274944567,0.4611973392461197,0.5055432372505543,0.5388026607538803,0.0,0.0,0.07760532150776056,0.011086474501108612,0.03325942350332595,243.0,228.0,0.5388026607538803,0.5055432372505543,132.0,111.0,208.0,223.0,0.4611973392461197,0.49445676274944567,96.0,112.0,0.6194690265486725,-0.1070444789250651,0.6320541760722348,,0.0,0.0,0.6320541760722348,0.3606194690265487,0.01991150442477876,0.6393805309734514,0.9800884955752213,0.0,0.0,0.9601769911504425,0.2787610619469027,0.34070796460176994,443.0,289.0,0.9800884955752213,0.6393805309734514,280.0,163.0,9.0,163.0,0.01991150442477876,0.3606194690265487,9.0,0.0
deepfm_dropout_high,deepfm,44,6,512,0.001,0.0001,0.4,3,64,32,384x192x96,threshold,1,0.87,0.4844478609316008,0.5750823855400086,0.6381766381766382,0.27904447737725885,0.6208651399491094,,0.6601941747572816,0.6208651399491094,0.03932903480817218,0.5028490028490028,0.44017094017094016,0.49715099715099714,0.5598290598290598,0.0,0.0,0.11965811965811968,0.005698005698005659,0.06267806267806264,1179.0,1047.0,0.5598290598290598,0.49715099715099714,732.0,447.0,927.0,1059.0,0.44017094017094016,0.5028490028490028,315.0,612.0,0.516629711751663,0.034920335472366545,0.5061728395061729,,0.5288461538461539,0.5061728395061729,0.022673314339980988,0.5099778270509978,0.4611973392461197,0.49002217294900224,0.5388026607538803,0.0,0.0,0.07760532150776056,0.019955654101995568,0.04878048780487809,243.0,221.0,0.5388026607538803,0.49002217294900224,123.0,120.0,208.0,230.0,0.4611973392461197,0.5099778270509978,98.0,110.0,0.6504424778761062,-0.09995193624009079,0.6636568848758465,,0.0,0.0,0.6636568848758465,0.32964601769911506,0.01991150442477876,0.6703539823008849,0.9800884955752213,0.0,0.0,0.9601769911504425,0.3407079646017699,0.3097345132743363,443.0,303.0,0.9800884955752213,0.6703539823008849,294.0,149.0,9.0,149.0,0.01991150442477876,0.32964601769911506,9.0,0.0
dcn_wider_mlp,dcn,43,6,512,0.001,0.0001,0.15,3,64,32,512x256x128,threshold,2,0.53,0.39335393315406864,0.08047418892383576,0.9605887939221273,0.9228084637115896,0.9346904156064462,,0.9935275080906149,0.9346904156064462,0.058837092484168685,0.47388414055080724,0.44017094017094016,0.5261158594491928,0.5598290598290598,0.0,0.0,0.11965811965811968,0.05223171889838557,0.03371320037986708,1179.0,1108.0,0.5598290598290598,0.5261158594491928,1102.0,77.0,927.0,998.0,0.44017094017094016,0.47388414055080724,6.0,921.0,0.3991130820399113,-0.20120026996488422,0.3991769547325103,,0.39903846153846156,0.39903846153846156,0.00013849319404873883,0.5077605321507761,0.4611973392461197,0.49223946784922396,0.5388026607538803,0.0,0.0,0.07760532150776056,0.015521064301552145,0.04656319290465638,243.0,222.0,0.5388026607538803,0.49223946784922396,97.0,146.0,208.0,229.0,0.4611973392461197,0.5077605321507761,125.0,83.0,0.6836283185840708,-0.09252481614753263,0.6975169300225733,,0.0,0.0,0.6975169300225733,0.29646017699115046,0.01991150442477876,0.7035398230088495,0.9800884955752213,0.0,0.0,0.9601769911504425,0.4070796460176991,0.2765486725663717,443.0,318.0,0.9800884955752213,0.7035398230088495,309.0,134.0,9.0,134.0,0.01991150442477876,0.29646017699115046,9.0,0.0
deepfm_embed128,deepfm,44,6,512,0.001,0.0001,0.15,3,64,128,384x192x96,threshold,4,0.26,0.507299061597842,0.7537078380584716,0.8271604938271605,0.6611667804484584,0.9567430025445293,,0.6623516720604099,0.6623516720604099,0.29439133048411936,0.3157644824311491,0.44017094017094016,0.6842355175688509,0.5598290598290598,0.0,0.0,0.11965811965811968,0.36847103513770185,0.12440645773979109,1179.0,1441.0,0.5598290598290598,0.6842355175688509,1128.0,51.0,927.0,665.0,0.44017094017094016,0.3157644824311491,313.0,614.0,0.516629711751663,0.032842975459256345,0.5185185185185185,,0.5144230769230769,0.5144230769230769,0.004095441595441618,0.49667405764966743,0.4611973392461197,0.5033259423503326,0.5388026607538803,0.0,0.0,0.07760532150776056,0.006651884700665134,0.03547671840354771,243.0,227.0,0.5388026607538803,0.5033259423503326,126.0,117.0,208.0,224.0,0.4611973392461197,0.49667405764966743,101.0,107.0,0.7190265486725663,-0.08472023696886515,0.7336343115124153,,0.0,0.0,0.7336343115124153,0.2610619469026549,0.01991150442477876,0.7389380530973452,0.9800884955752213,0.0,0.0,0.9601769911504425,0.4778761061946903,0.24115044247787612,443.0,334.0,0.9800884955752213,0.7389380530973452,325.0,118.0,9.0,118.0,0.01991150442477876,0.2610619469026549,9.0,0.0
deepfm_dropout_high,deepfm,42,6,512,0.001,0.0001,0.4,3,64,32,384x192x96,threshold,2,0.29,0.37553285618326265,0.5081801891326905,0.7269705603038936,0.4555555756435053,0.7090754877014419,,0.749730312837109,0.7090754877014419,0.040654825135667094,0.4928774928774929,0.44017094017094016,0.5071225071225072,0.5598290598290598,0.0,0.0,0.11965811965811968,0.014245014245014287,0.05270655270655272,1179.0,1068.0,0.5598290598290598,0.5071225071225072,836.0,343.0,927.0,1038.0,0.44017094017094016,0.4928774928774929,232.0,695.0,0.3835920177383592,-0.23201307635877433,0.38271604938271603,,0.38461538461538464,0.38271604938271603,0.0018993352326686086,0.5099778270509978,0.4611973392461197,0.49002217294900224,0.5388026607538803,0.0,0.0,0.07760532150776056,0.019955654101995568,0.04878048780487809,243.0,221.0,0.5388026607538803,0.49002217294900224,93.0,150.0,208.0,230.0,0.4611973392461197,0.5099778270509978,128.0,80.0,0.7389380530973452,-0.0803499443958715,0.7539503386004515,,0.0,0.0,0.7539503386004515,0.2411504424778761,0.01991150442477876,0.7588495575221239,0.9800884955752213,0.0,0.0,0.9601769911504425,0.5176991150442478,0.22123893805309733,443.0,343.0,0.9800884955752213,0.7588495575221239,334.0,109.0,9.0,109.0,0.01991150442477876,0.2411504424778761,9.0,0.0
dcn_cross_heavy,dcn,45,6,512,0.001,0.0001,0.15,6,128,32,384x192x96,threshold,4,0.79,0.49945531245327984,0.09870060831308365,0.99002849002849,0.9799197510238283,1.0,,0.9773462783171522,0.9773462783171522,0.02265372168284785,0.4301994301994302,0.44017094017094016,0.5698005698005698,0.5598290598290598,0.0,0.0,0.11965811965811968,0.13960113960113962,0.009971509971509973,1179.0,1200.0,0.5598290598290598,0.5698005698005698,1179.0,0.0,927.0,906.0,0.44017094017094016,0.4301994301994302,21.0,906.0,0.5232815964523282,0.045159688076975714,0.5308641975308642,,0.5144230769230769,0.5144230769230769,0.016441120607787352,0.49002217294900224,0.4611973392461197,0.5099778270509978,0.5388026607538803,0.0,0.0,0.07760532150776056,0.019955654101995568,0.028824833702882524,243.0,230.0,0.5388026607538803,0.5099778270509978,129.0,114.0,208.0,221.0,0.4611973392461197,0.49002217294900224,101.0,107.0,0.7433628318584071,-0.07937828890221232,0.7584650112866818,,0.0,0.0,0.7584650112866818,0.23672566371681417,0.01991150442477876,0.7632743362831859,0.9800884955752213,0.0,0.0,0.9601769911504425,0.5265486725663717,0.2168141592920354,443.0,345.0,0.9800884955752213,0.7632743362831859,336.0,107.0,9.0,107.0,0.01991150442477876,0.23672566371681417,9.0,0.0
dcn_xwide,dcn,44,6,512,0.001,0.0001,0.15,3,64,32,640x320x160,threshold,1,0.49,0.4463413704131861,0.08625012338161468,0.9116809116809117,0.8228849613448053,0.899067005937235,,0.9277238403451996,0.899067005937235,0.028656834407964626,0.4648622981956315,0.44017094017094016,0.5351377018043685,0.5598290598290598,0.0,0.0,0.11965811965811968,0.07027540360873696,0.024691358024691357,1179.0,1127.0,0.5598290598290598,0.5351377018043685,1060.0,119.0,927.0,979.0,0.44017094017094016,0.4648622981956315,67.0,860.0,0.4523281596452328,-0.0951164130117322,0.45267489711934156,,0.4519230769230769,0.4519230769230769,0.0007518201962646298,0.5033259423503326,0.4611973392461197,0.49667405764966743,0.5388026607538803,0.0,0.0,0.07760532150776056,0.006651884700665134,0.04212860310421285,243.0,224.0,0.5388026607538803,0.49667405764966743,110.0,133.0,208.0,227.0,0.4611973392461197,0.5033259423503326,114.0,94.0,0.7522123893805309,-0.0774328582451317,0.7674943566591422,,0.0,0.0,0.7674943566591422,0.22787610619469026,0.01991150442477876,0.7721238938053098,0.9800884955752213,0.0,0.0,0.9601769911504425,0.5442477876106195,0.2079646017699115,443.0,349.0,0.9800884955752213,0.7721238938053098,340.0,103.0,9.0,103.0,0.01991150442477876,0.22787610619469026,9.0,0.0
dcn_xwide,dcn,42,6,512,0.001,0.0001,0.15,3,64,32,640x320x160,threshold,2,0.65,0.4154693177694533,0.0781416803598404,0.9653371320037987,0.9301233698149725,0.9872773536895675,,0.9374325782092773,0.9374325782092773,0.049844775480290204,0.41975308641975306,0.44017094017094016,0.5802469135802469,0.5598290598290598,0.0,0.0,0.11965811965811968,0.16049382716049387,0.0204178537511871,1179.0,1222.0,0.5598290598290598,0.5802469135802469,1164.0,15.0,927.0,884.0,0.44017094017094016,0.41975308641975306,58.0,869.0,0.42572062084257206,-0.14781778829756617,0.42386831275720166,,0.42788461538461536,0.42386831275720166,0.004016302627413704,0.5077605321507761,0.4611973392461197,0.49223946784922396,0.5388026607538803,0.0,0.0,0.07760532150776056,0.015521064301552145,0.04656319290465638,243.0,222.0,0.5388026607538803,0.49223946784922396,103.0,140.0,208.0,229.0,0.4611973392461197,0.5077605321507761,119.0,89.0,0.754424778761062,-0.07694589496113828,0.7697516930022573,,0.0,0.0,0.7697516930022573,0.22566371681415928,0.01991150442477876,0.7743362831858407,0.9800884955752213,0.0,0.0,0.9601769911504425,0.5486725663716814,0.20575221238938052,443.0,350.0,0.9800884955752213,0.7743362831858407,341.0,102.0,9.0,102.0,0.01991150442477876,0.22566371681415928,9.0,0.0
deepfm_dropout_low,deepfm,42,6,512,0.001,0.0001,0.08,3,64,32,384x192x96,threshold,4,0.89,0.4190978982374647,0.3445579707622528,0.7801519468186134,0.5887940552604369,0.9847328244274809,,0.5199568500539374,0.5199568500539374,0.46477597437354345,0.23741690408357075,0.44017094017094016,0.7625830959164293,0.5598290598290598,0.0,0.0,0.11965811965811968,0.5251661918328585,0.20275403608736942,1179.0,1606.0,0.5598290598290598,0.7625830959164293,1161.0,18.0,927.0,500.0,0.44017094017094016,0.23741690408357075,445.0,482.0,0.4434589800443459,-0.11155875773258642,0.43621399176954734,,0.4519230769230769,0.43621399176954734,0.01570908515352959,0.5121951219512195,0.4611973392461197,0.4878048780487805,0.5388026607538803,0.0,0.0,0.07760532150776056,0.024390243902439046,0.0509977827050998,243.0,220.0,0.5388026607538803,0.4878048780487805,106.0,137.0,208.0,231.0,0.4611973392461197,0.5121951219512195,114.0,94.0,0.7588495575221239,-0.0759710379325945,0.7742663656884876,,0.0,0.0,0.7742663656884876,0.22123893805309736,0.01991150442477876,0.7787610619469026,0.9800884955752213,0.0,0.0,0.9601769911504425,0.5575221238938053,0.2013274336283186,443.0,352.0,0.9800884955752213,0.7787610619469026,343.0,100.0,9.0,100.0,0.01991150442477876,0.22123893805309736,9.0,0.0
deepfm_dropout_high,deepfm,43,6,512,0.001,0.0001,0.4,3,64,32,384x192x96,threshold,1,0.51,0.4771897401504448,0.5977238416671753,0.647673314339981,0.2746013861571142,0.7582697201017812,,0.5070118662351673,0.5070118662351673,0.2512578538666139,0.3584995251661918,0.44017094017094016,0.6415004748338081,0.5598290598290598,0.0,0.0,0.11965811965811968,0.2830009496676163,0.08167141500474834,1179.0,1351.0,0.5598290598290598,0.6415004748338081,894.0,285.0,927.0,755.0,0.44017094017094016,0.3584995251661918,457.0,470.0,0.4878048780487805,-0.02394677009461694,0.48559670781893005,,0.49038461538461536,0.48559670781893005,0.004787907565685312,0.5033259423503326,0.4611973392461197,0.49667405764966743,0.5388026607538803,0.0,0.0,0.07760532150776056,0.006651884700665134,0.04212860310421285,243.0,224.0,0.5388026607538803,0.49667405764966743,118.0,125.0,208.0,227.0,0.4611973392461197,0.5033259423503326,106.0,102.0,0.7699115044247787,-0.07352704057485168,0.7855530474040632,,0.0,0.0,0.7855530474040632,0.21017699115044247,0.01991150442477876,0.7898230088495575,0.9800884955752213,0.0,0.0,0.9601769911504425,0.579646017699115,0.1902654867256637,443.0,357.0,0.9800884955752213,0.7898230088495575,348.0,95.0,9.0,95.0,0.01991150442477876,0.21017699115044247,9.0,0.0
dcn_cross_heavy,dcn,42,6,512,0.001,0.0001,0.15,6,128,32,384x192x96,threshold,4,0.44,0.43575653343946025,0.1073788583278656,0.9947768281101614,0.9894194849699227,0.993214588634436,,0.9967637540453075,0.993214588634436,0.0035491654108714688,0.44254510921177587,0.44017094017094016,0.5574548907882241,0.5598290598290598,0.0,0.0,0.11965811965811968,0.11490978157644821,0.0023741690408357052,1179.0,1174.0,0.5598290598290598,0.5574548907882241,1171.0,8.0,927.0,932.0,0.44017094017094016,0.44254510921177587,3.0,924.0,0.4434589800443459,-0.11290882374101101,0.4444444444444444,,0.4423076923076923,0.4423076923076923,0.002136752136752129,0.5033259423503326,0.4611973392461197,0.49667405764966743,0.5388026607538803,0.0,0.0,0.07760532150776056,0.006651884700665134,0.04212860310421285,243.0,224.0,0.5388026607538803,0.49667405764966743,108.0,135.0,208.0,227.0,0.4611973392461197,0.5033259423503326,116.0,92.0,0.7831858407079646,-0.07057665685379971,0.7990970654627539,,0.0,0.0,0.7990970654627539,0.19690265486725664,0.01991150442477876,0.8030973451327433,0.9800884955752213,0.0,0.0,0.9601769911504425,0.6061946902654867,0.17699115044247787,443.0,363.0,0.9800884955752213,0.8030973451327433,354.0,89.0,9.0,89.0,0.01991150442477876,0.19690265486725664,9.0,0.0
dcn_deep_cross,dcn,42,6,512,0.001,0.0001,0.15,5,64,32,384x192x96,threshold,4,0.89,0.41183881761117525,0.08277365863323212,0.9919278252611586,0.9836958522287736,0.9991518235793045,,0.982740021574973,0.982740021574973,0.016411802004331566,0.43304843304843305,0.44017094017094016,0.5669515669515669,0.5598290598290598,0.0,0.0,0.11965811965811968,0.13390313390313385,0.007122507122507116,1179.0,1194.0,0.5598290598290598,0.5669515669515669,1178.0,1.0,927.0,912.0,0.44017094017094016,0.43304843304843305,16.0,911.0,0.4212860310421286,-0.15671486857545253,0.41975308641975306,,0.4230769230769231,0.41975308641975306,0.0033238366571700095,0.5077605321507761,0.4611973392461197,0.49223946784922396,0.5388026607538803,0.0,0.0,0.07760532150776056,0.015521064301552145,0.04656319290465638,243.0,222.0,0.5388026607538803,0.49223946784922396,102.0,141.0,208.0,229.0,0.4611973392461197,0.5077605321507761,120.0,88.0,0.7920353982300885,-0.0685955310005752,0.8081264108352144,,0.0,0.0,0.8081264108352144,0.18805309734513273,0.01991150442477876,0.8119469026548672,0.9800884955752213,0.0,0.0,0.9601769911504425,0.6238938053097345,0.16814159292035397,443.0,367.0,0.9800884955752213,0.8119469026548672,358.0,85.0,9.0,85.0,0.01991150442477876,0.18805309734513273,9.0,0.0
deepfm_high_dropout,deepfm,42,6,512,0.001,0.0001,0.3,3,64,32,384x192x96,threshold,5,0.63,0.366891840719754,0.3917216360569,0.8846153846153846,0.7700453999825052,0.9601357082273113,,0.7885652642934197,0.7885652642934197,0.17157044393389165,0.3694207027540361,0.44017094017094016,0.630579297245964,0.5598290598290598,0.0,0.0,0.11965811965811968,0.26115859449192785,0.07075023741690406,1179.0,1328.0,0.5598290598290598,0.630579297245964,1132.0,47.0,927.0,778.0,0.44017094017094016,0.3694207027540361,196.0,731.0,0.376940133037694,-0.24568567135431593,0.3786008230452675,,0.375,0.375,0.003600823045267487,0.5077605321507761,0.4611973392461197,0.49223946784922396,0.5388026607538803,0.0,0.0,0.07760532150776056,0.015521064301552145,0.04656319290465638,243.0,222.0,0.5388026607538803,0.49223946784922396,92.0,151.0,208.0,229.0,0.4611973392461197,0.5077605321507761,130.0,78.0,0.7920353982300885,-0.0685955310005752,0.8081264108352144,,0.0,0.0,0.8081264108352144,0.18805309734513273,0.01991150442477876,0.8119469026548672,0.9800884955752213,0.0,0.0,0.9601769911504425,0.6238938053097345,0.16814159292035397,443.0,367.0,0.9800884955752213,0.8119469026548672,358.0,85.0,9.0,85.0,0.01991150442477876,0.18805309734513273,9.0,0.0
deepfm_dropout_high,deepfm,45,6,512,0.001,0.0001,0.4,3,64,32,384x192x96,threshold,6,0.83,0.45163378890004907,0.5109963238239288,0.8855650522317189,0.7794041648683353,0.9881255301102629,,0.7551240560949298,0.7551240560949298,0.2330014740153331,0.33903133903133903,0.44017094017094016,0.6609686609686609,0.5598290598290598,0.0,0.0,0.11965811965811968,0.3219373219373219,0.10113960113960113,1179.0,1392.0,0.5598290598290598,0.6609686609686609,1165.0,14.0,927.0,714.0,0.44017094017094016,0.33903133903133903,227.0,700.0,0.4567627494456763,-0.08622020764709279,0.4567901234567901,,0.4567307692307692,0.4567307692307692,5.935422602088014e-05,0.5033259423503326,0.4611973392461197,0.49667405764966743,0.5388026607538803,0.0,0.0,0.07760532150776056,0.006651884700665134,0.04212860310421285,243.0,224.0,0.5388026607538803,0.49667405764966743,111.0,132.0,208.0,227.0,0.4611973392461197,0.5033259423503326,113.0,95.0,0.7920353982300885,-0.0685955310005752,0.8081264108352144,,0.0,0.0,0.8081264108352144,0.18805309734513273,0.01991150442477876,0.8119469026548672,0.9800884955752213,0.0,0.0,0.9601769911504425,0.6238938053097345,0.16814159292035397,443.0,367.0,0.9800884955752213,0.8119469026548672,358.0,85.0,9.0,85.0,0.01991150442477876,0.18805309734513273,9.0,0.0
deepfm_xwide,deepfm,45,6,512,0.001,0.0001,0.15,3,64,32,640x320x160,threshold,3,0.76,0.3828956009613192,0.24212231040000914,0.7796771130104464,0.5808585260319375,0.9728583545377438,,0.5339805825242718,0.5339805825242718,0.438877772013472,0.2502374169040836,0.44017094017094016,0.7497625830959165,0.5598290598290598,0.0,0.0,0.11965811965811968,0.4995251661918329,0.18993352326685659,1179.0,1579.0,0.5598290598290598,0.7497625830959165,1147.0,32.0,927.0,527.0,0.44017094017094016,0.2502374169040836,432.0,495.0,0.4079822616407982,-0.18476522589402822,0.4156378600823045,,0.39903846153846156,0.39903846153846156,0.016599398543842958,0.49889135254988914,0.4611973392461197,0.5011086474501109,0.5388026607538803,0.0,0.0,0.07760532150776056,0.0022172949002217113,0.037694013303769425,243.0,226.0,0.5388026607538803,0.5011086474501109,101.0,142.0,208.0,225.0,0.4611973392461197,0.49889135254988914,125.0,83.0,0.8163716814159292,-0.06306513816804984,0.8329571106094809,,0.0,0.0,0.8329571106094809,0.16371681415929204,0.01991150442477876,0.8362831858407079,0.9800884955752213,0.0,0.0,0.9601769911504425,0.6725663716814159,0.14380530973451328,443.0,378.0,0.9800884955752213,0.8362831858407079,369.0,74.0,9.0,74.0,0.01991150442477876,0.16371681415929204,9.0,0.0
dcn_base,dcn,42,6,512,0.001,0.0001,0.15,3,64,32,384x192x96,threshold,4,0.64,0.4880812406252786,0.08195913881063462,0.99335232668566,0.9865126341994508,0.9957591178965225,,0.9902912621359223,0.9902912621359223,0.00546785576060016,0.4382716049382716,0.44017094017094016,0.5617283950617284,0.5598290598290598,0.0,0.0,0.11965811965811968,0.12345679012345684,0.001899335232668553,1179.0,1183.0,0.5598290598290598,0.5617283950617284,1174.0,5.0,927.0,923.0,0.44017094017094016,0.4382716049382716,9.0,918.0,0.5011086474501109,0.0027418459993012803,0.49794238683127573,,0.5048076923076923,0.49794238683127573,0.006865305476416561,0.5033259423503326,0.4611973392461197,0.49667405764966743,0.5388026607538803,0.0,0.0,0.07760532150776056,0.006651884700665134,0.04212860310421285,243.0,224.0,0.5388026607538803,0.49667405764966743,121.0,122.0,208.0,227.0,0.4611973392461197,0.5033259423503326,103.0,105.0,0.831858407079646,-0.059460208562815836,0.8487584650112867,,0.0,0.0,0.8487584650112867,0.14823008849557523,0.01991150442477876,0.8517699115044248,0.9800884955752213,0.0,0.0,0.9601769911504425,0.7035398230088497,0.12831858407079647,443.0,385.0,0.9800884955752213,0.8517699115044248,376.0,67.0,9.0,67.0,0.01991150442477876,0.14823008849557523,9.0,0.0
dcn_deep_cross,dcn,43,6,512,0.001,0.0001,0.15,5,64,32,384x192x96,threshold,3,0.84,0.45163378890004907,0.0853888213634491,0.9876543209876543,0.9749984639900262,0.9949109414758269,,0.9784250269687162,0.9784250269687162,0.016485914507110677,0.4335232668566002,0.44017094017094016,0.5664767331433999,0.5598290598290598,0.0,0.0,0.11965811965811968,0.13295346628679966,0.0066476733143399636,1179.0,1193.0,0.5598290598290598,0.5664767331433999,1173.0,6.0,927.0,913.0,0.44017094017094016,0.4335232668566002,20.0,907.0,0.4567627494456763,-0.08622020764709279,0.4567901234567901,,0.4567307692307692,0.4567307692307692,5.935422602088014e-05,0.5033259423503326,0.4611973392461197,0.49667405764966743,0.5388026607538803,0.0,0.0,0.07760532150776056,0.006651884700665134,0.04212860310421285,243.0,224.0,0.5388026607538803,0.49667405764966743,111.0,132.0,208.0,227.0,0.4611973392461197,0.5033259423503326,113.0,95.0,0.834070796460177,-0.058938313844960004,0.8510158013544018,,0.0,0.0,0.8510158013544018,0.14601769911504425,0.01991150442477876,0.8539823008849557,0.9800884955752213,0.0,0.0,0.9601769911504425,0.7079646017699115,0.1261061946902655,443.0,386.0,0.9800884955752213,0.8539823008849557,377.0,66.0,9.0,66.0,0.01991150442477876,0.14601769911504425,9.0,0.0
deepfm_base,deepfm,44,6,512,0.001,0.0001,0.15,3,64,32,384x192x96,threshold,4,0.76,0.3973158571329303,0.21858038902282714,0.8684710351377019,0.7446900506187571,0.9779474130619169,,0.7292340884573895,0.7292340884573895,0.24871332460452744,0.3333333333333333,0.44017094017094016,0.6666666666666666,0.5598290598290598,0.0,0.0,0.11965811965811968,0.3333333333333333,0.10683760683760685,1179.0,1404.0,0.5598290598290598,0.6666666666666666,1153.0,26.0,927.0,702.0,0.44017094017094016,0.3333333333333333,251.0,676.0,0.41019955654101997,-0.17862639399254615,0.4074074074074074,,0.41346153846153844,0.4074074074074074,0.006054131054131051,0.5099778270509978,0.4611973392461197,0.49002217294900224,0.5388026607538803,0.0,0.0,0.07760532150776056,0.019955654101995568,0.04878048780487809,243.0,221.0,0.5388026607538803,0.49002217294900224,99.0,144.0,208.0,230.0,0.4611973392461197,0.5099778270509978,122.0,86.0,0.834070796460177,-0.058938313844960004,0.8510158013544018,,0.0,0.0,0.8510158013544018,0.14601769911504425,0.01991150442477876,0.8539823008849557,0.9800884955752213,0.0,0.0,0.9601769911504425,0.7079646017699115,0.1261061946902655,443.0,386.0,0.9800884955752213,0.8539823008849557,377.0,66.0,9.0,66.0,0.01991150442477876,0.14601769911504425,9.0,0.0
dcn_dropout_low,dcn,42,6,512,0.001,0.0001,0.08,3,64,32,384x192x96,threshold,4,0.61,0.4754812982861764,0.08448583036661148,0.9947768281101614,0.9894072931715161,0.9974554707379135,,0.9913700107874865,0.9913700107874865,0.006085459950426975,0.43779677113010446,0.44017094017094016,0.5622032288698955,0.5598290598290598,0.0,0.0,0.11965811965811968,0.12440645773979103,0.0023741690408357052,1179.0,1184.0,0.5598290598290598,0.5622032288698955,1176.0,3.0,927.0,922.0,0.44017094017094016,0.43779677113010446,8.0,919.0,0.4811529933481153,-0.037635534429999555,0.48148148148148145,,0.4807692307692308,0.4807692307692308,0.0007122507122506727,0.5011086474501109,0.4611973392461197,0.49889135254988914,0.5388026607538803,0.0,0.0,0.07760532150776056,0.0022172949002217113,0.039911308203991136,243.0,225.0,0.5388026607538803,0.49889135254988914,117.0,126.0,208.0,226.0,0.4611973392461197,0.5011086474501109,108.0,100.0,0.8407079646017699,-0.05736075587916346,0.8577878103837472,,0.0,0.0,0.8577878103837472,0.13938053097345132,0.01991150442477876,0.8606194690265486,0.9800884955752213,0.0,0.0,0.9601769911504425,0.7212389380530972,0.11946902654867256,443.0,389.0,0.9800884955752213,0.8606194690265486,380.0,63.0,9.0,63.0,0.01991150442477876,0.13938053097345132,9.0,0.0
dcn_dropout_high,dcn,42,6,512,0.001,0.0001,0.4,3,64,32,384x192x96,threshold,2,0.71,0.44901920585186167,0.0964190810918808,0.9605887939221273,0.9201959966340487,0.9787955894826124,,0.9374325782092773,0.9374325782092773,0.04136301127333508,0.42450142450142453,0.44017094017094016,0.5754985754985755,0.5598290598290598,0.0,0.0,0.11965811965811968,0.150997150997151,0.015669515669515632,1179.0,1212.0,0.5598290598290598,0.5754985754985755,1154.0,25.0,927.0,894.0,0.44017094017094016,0.42450142450142453,58.0,869.0,0.458980044345898,-0.0821156864948051,0.4609053497942387,,0.4567307692307692,0.4567307692307692,0.004174580563469477,0.5011086474501109,0.4611973392461197,0.49889135254988914,0.5388026607538803,0.0,0.0,0.07760532150776056,0.0022172949002217113,0.039911308203991136,243.0,225.0,0.5388026607538803,0.49889135254988914,112.0,131.0,208.0,226.0,0.4611973392461197,0.5011086474501109,113.0,95.0,0.8407079646017699,-0.05736075587916346,0.8577878103837472,,0.0,0.0,0.8577878103837472,0.13938053097345132,0.01991150442477876,0.8606194690265486,0.9800884955752213,0.0,0.0,0.9601769911504425,0.7212389380530972,0.11946902654867256,443.0,389.0,0.9800884955752213,0.8606194690265486,380.0,63.0,9.0,63.0,0.01991150442477876,0.13938053097345132,9.0,0.0
deepfm_base,deepfm,42,6,512,0.001,0.0001,0.15,3,64,32,384x192x96,threshold,3,0.41,0.37553189633812945,0.31654697060585024,0.8072174738841406,0.6318939981117364,0.9745547073791349,,0.5943905070118662,0.5943905070118662,0.3801642003672686,0.27587844254510924,0.44017094017094016,0.7241215574548908,0.5598290598290598,0.0,0.0,0.11965811965811968,0.4482431149097816,0.16429249762583092,1179.0,1525.0,0.5598290598290598,0.7241215574548908,1149.0,30.0,927.0,581.0,0.44017094017094016,0.27587844254510924,376.0,551.0,0.3902439024390244,-0.21834262700191037,0.3868312757201646,,0.3942307692307692,0.3868312757201646,0.007399493510604593,0.5121951219512195,0.4611973392461197,0.4878048780487805,0.5388026607538803,0.0,0.0,0.07760532150776056,0.024390243902439046,0.0509977827050998,243.0,220.0,0.5388026607538803,0.4878048780487805,94.0,149.0,208.0,231.0,0.4611973392461197,0.5121951219512195,126.0,82.0,0.8451327433628318,-0.056298384189316535,0.8623024830699775,,0.0,0.0,0.8623024830699775,0.13495575221238937,0.01991150442477876,0.8650442477876106,0.9800884955752213,0.0,0.0,0.9601769911504425,0.7300884955752212,0.1150442477876106,443.0,391.0,0.9800884955752213,0.8650442477876106,382.0,61.0,9.0,61.0,0.01991150442477876,0.13495575221238937,9.0,0.0
dcn_dropout_low,dcn,43,6,512,0.001,0.0001,0.08,3,64,32,384x192x96,threshold,2,0.68,0.39731681697806354,0.07653795182704926,0.9729344729344729,0.9450619396417934,0.9779474130619169,,0.9665587918015103,0.9665587918015103,0.011388621260406628,0.43779677113010446,0.44017094017094016,0.5622032288698955,0.5598290598290598,0.0,0.0,0.11965811965811968,0.12440645773979103,0.0023741690408357052,1179.0,1184.0,0.5598290598290598,0.5622032288698955,1153.0,26.0,927.0,922.0,0.44017094017094016,0.43779677113010446,31.0,896.0,0.4035476718403548,-0.1923031896869979,0.40329218106995884,,0.40384615384615385,0.40329218106995884,0.0005539727761950108,0.5077605321507761,0.4611973392461197,0.49223946784922396,0.5388026607538803,0.0,0.0,0.07760532150776056,0.015521064301552145,0.04656319290465638,243.0,222.0,0.5388026607538803,0.49223946784922396,98.0,145.0,208.0,229.0,0.4611973392461197,0.5077605321507761,124.0,84.0,0.8451327433628318,-0.056298384189316535,0.8623024830699775,,0.0,0.0,0.8623024830699775,0.13495575221238937,0.01991150442477876,0.8650442477876106,0.9800884955752213,0.0,0.0,0.9601769911504425,0.7300884955752212,0.1150442477876106,443.0,391.0,0.9800884955752213,0.8650442477876106,382.0,61.0,9.0,61.0,0.01991150442477876,0.13495575221238937,9.0,0.0
deepfm_high_dropout,deepfm,43,6,512,0.001,0.0001,0.3,3,64,32,384x192x96,threshold,5,0.84,0.40667985795695827,0.3270630478858948,0.8442545109211775,0.7062137203676507,0.9906700593723494,,0.6580366774541532,0.6580366774541532,0.33263338191819625,0.2948717948717949,0.44017094017094016,0.7051282051282052,0.5598290598290598,0.0,0.0,0.11965811965811968,0.4102564102564103,0.14529914529914528,1179.0,1485.0,0.5598290598290598,0.7051282051282052,1168.0,11.0,927.0,621.0,0.44017094017094016,0.2948717948717949,317.0,610.0,0.42350332594235035,-0.15328392979849398,0.4279835390946502,,0.4182692307692308,0.4182692307692308,0.009714308325419418,0.5011086474501109,0.4611973392461197,0.49889135254988914,0.5388026607538803,0.0,0.0,0.07760532150776056,0.0022172949002217113,0.039911308203991136,243.0,225.0,0.5388026607538803,0.49889135254988914,104.0,139.0,208.0,226.0,0.4611973392461197,0.5011086474501109,121.0,87.0,0.8473451327433629,-0.055763751513529566,0.8645598194130926,,0.0,0.0,0.8645598194130926,0.13274336283185842,0.01991150442477876,0.8672566371681416,0.9800884955752213,0.0,0.0,0.9601769911504425,0.7345132743362832,0.11283185840707965,443.0,392.0,0.9800884955752213,0.8672566371681416,383.0,60.0,9.0,60.0,0.01991150442477876,0.13274336283185842,9.0,0.0
dcn_base,dcn,43,6,512,0.001,0.0001,0.15,3,64,32,384x192x96,threshold,5,0.87,0.39870960403141975,0.07941953837871552,0.9938271604938271,0.9875146843551273,0.9991518235793045,,0.9870550161812298,0.9870550161812298,0.012096807398074727,0.4349477682811016,0.44017094017094016,0.5650522317188984,0.5598290598290598,0.0,0.0,0.11965811965811968,0.1301044634377968,0.005223171889838563,1179.0,1190.0,0.5598290598290598,0.5650522317188984,1178.0,1.0,927.0,916.0,0.44017094017094016,0.4349477682811016,12.0,915.0,0.4124168514412417,-0.17518226129348685,0.4156378600823045,,0.40865384615384615,0.40865384615384615,0.006984013928458377,0.5033259423503326,0.4611973392461197,0.49667405764966743,0.5388026607538803,0.0,0.0,0.07760532150776056,0.006651884700665134,0.04212860310421285,243.0,224.0,0.5388026607538803,0.49667405764966743,101.0,142.0,208.0,227.0,0.4611973392461197,0.5033259423503326,123.0,85.0,0.8584070796460177,-0.053052454671817545,0.8758465011286681,,0.0,0.0,0.8758465011286681,0.12168141592920353,0.01991150442477876,0.8783185840707964,0.9800884955752213,0.0,0.0,0.9601769911504425,0.7566371681415929,0.10176991150442477,443.0,397.0,0.9800884955752213,0.8783185840707964,388.0,55.0,9.0,55.0,0.01991150442477876,0.12168141592920353,9.0,0.0
dcn_high_dropout,dcn,42,6,512,0.001,0.0001,0.3,3,64,32,384x192x96,threshold,2,0.68,0.4408828188773988,0.09091881811618804,0.9605887939221273,0.9200277850469916,0.9737065309584394,,0.9439050701186623,0.9439050701186623,0.029801460839777083,0.4301994301994302,0.44017094017094016,0.5698005698005698,0.5598290598290598,0.0,0.0,0.11965811965811968,0.13960113960113962,0.009971509971509973,1179.0,1200.0,0.5598290598290598,0.5698005698005698,1148.0,31.0,927.0,906.0,0.44017094017094016,0.4301994301994302,52.0,875.0,0.4567627494456763,-0.0855382263523618,0.45267489711934156,,0.46153846153846156,0.45267489711934156,0.008863564419120007,0.5077605321507761,0.4611973392461197,0.49223946784922396,0.5388026607538803,0.0,0.0,0.07760532150776056,0.015521064301552145,0.04656319290465638,243.0,222.0,0.5388026607538803,0.49223946784922396,110.0,133.0,208.0,229.0,0.4611973392461197,0.5077605321507761,112.0,96.0,0.8694690265486725,-0.05026797231638165,0.8871331828442438,,0.0,0.0,0.8871331828442438,0.11061946902654868,0.01991150442477876,0.8893805309734514,0.9800884955752213,0.0,0.0,0.9601769911504425,0.7787610619469028,0.09070796460176991,443.0,402.0,0.9800884955752213,0.8893805309734514,393.0,50.0,9.0,50.0,0.01991150442477876,0.11061946902654868,9.0,0.0
deepfm_dropout_low,deepfm,44,6,512,0.001,0.0001,0.08,3,64,32,384x192x96,threshold,6,0.87,0.44640462280367427,0.24891412854194642,0.9078822412155746,0.8234528671870716,0.998303647158609,,0.7928802588996764,0.7928802588996764,0.20542338825893258,0.3499525166191833,0.44017094017094016,0.6500474833808167,0.5598290598290598,0.0,0.0,0.11965811965811968,0.30009496676163344,0.09021842355175685,1179.0,1369.0,0.5598290598290598,0.6500474833808167,1177.0,2.0,927.0,737.0,0.44017094017094016,0.3499525166191833,192.0,735.0,0.4611973392461197,-0.07801286093849488,0.46502057613168724,,0.4567307692307692,0.4567307692307692,0.008289806900918018,0.49889135254988914,0.4611973392461197,0.5011086474501109,0.5388026607538803,0.0,0.0,0.07760532150776056,0.0022172949002217113,0.037694013303769425,243.0,226.0,0.5388026607538803,0.5011086474501109,113.0,130.0,208.0,225.0,0.4611973392461197,0.49889135254988914,113.0,95.0,0.8694690265486725,-0.05026797231638165,0.8871331828442438,,0.0,0.0,0.8871331828442438,0.11061946902654868,0.01991150442477876,0.8893805309734514,0.9800884955752213,0.0,0.0,0.9601769911504425,0.7787610619469028,0.09070796460176991,443.0,402.0,0.9800884955752213,0.8893805309734514,393.0,50.0,9.0,50.0,0.01991150442477876,0.11061946902654868,9.0,0.0
dcn_dropout_high,dcn,43,6,512,0.001,0.0001,0.4,3,64,32,384x192x96,threshold,4,0.75,0.4045778172946195,0.09366055876016617,0.9905033238366572,0.9807421475809256,0.9949109414758269,,0.9848975188781014,0.9848975188781014,0.01001342259772553,0.43637226970560306,0.44017094017094016,0.563627730294397,0.5598290598290598,0.0,0.0,0.11965811965811968,0.1272554605887939,0.003798670465337106,1179.0,1187.0,0.5598290598290598,0.563627730294397,1173.0,6.0,927.0,919.0,0.44017094017094016,0.43637226970560306,14.0,913.0,0.4124168514412417,-0.1745090291312252,0.411522633744856,,0.41346153846153844,0.411522633744856,0.0019389047166824547,0.5077605321507761,0.4611973392461197,0.49223946784922396,0.5388026607538803,0.0,0.0,0.07760532150776056,0.015521064301552145,0.04656319290465638,243.0,222.0,0.5388026607538803,0.49223946784922396,100.0,143.0,208.0,229.0,0.4611973392461197,0.5077605321507761,122.0,86.0,0.8805309734513275,-0.04739455434153269,0.8984198645598194,,0.0,0.0,0.8984198645598194,0.09955752212389381,0.01991150442477876,0.9004424778761062,0.9800884955752213,0.0,0.0,0.9601769911504425,0.8008849557522124,0.07964601769911504,443.0,407.0,0.9800884955752213,0.9004424778761062,398.0,45.0,9.0,45.0,0.01991150442477876,0.09955752212389381,9.0,0.0
deepfm_wider_mlp,deepfm,44,6,512,0.001,0.0001,0.15,3,64,32,512x256x128,threshold,2,0.85,0.4880802807801454,0.16182341575622558,0.8660968660968661,0.7358875518529303,0.9635284139100933,,0.7421790722761596,0.7421790722761596,0.2213493416339336,0.34710351377018045,0.44017094017094016,0.6528964862298196,0.5598290598290598,0.0,0.0,0.11965811965811968,0.3057929724596391,0.09306742640075971,1179.0,1375.0,0.5598290598290598,0.6528964862298196,1136.0,43.0,927.0,731.0,0.44017094017094016,0.34710351377018045,239.0,688.0,0.5077605321507761,0.01643199681604667,0.5020576131687243,,0.5144230769230769,0.5020576131687243,0.012365463754352546,0.5055432372505543,0.4611973392461197,0.49445676274944567,0.5388026607538803,0.0,0.0,0.07760532150776056,0.011086474501108612,0.04434589800443456,243.0,223.0,0.5388026607538803,0.49445676274944567,122.0,121.0,208.0,228.0,0.4611973392461197,0.5055432372505543,101.0,107.0,0.9137168141592921,-0.03800351731791905,0.9322799097065463,,0.0,0.0,0.9322799097065463,0.06637168141592921,0.01991150442477876,0.9336283185840708,0.9800884955752213,0.0,0.0,0.9601769911504425,0.8672566371681416,0.046460176991150445,443.0,422.0,0.9800884955752213,0.9336283185840708,413.0,30.0,9.0,30.0,0.01991150442477876,0.06637168141592921,9.0,0.0
dcn_cross_light,dcn,43,6,512,0.001,0.0001,0.15,2,32,32,384x192x96,threshold,1,0.58,0.45163378890004907,0.09663007706403733,0.9107312440645774,0.8208492598264614,0.899067005937235,,0.9255663430420712,0.899067005937235,0.026499337104836207,0.46391263057929727,0.44017094017094016,0.5360873694207028,0.5598290598290598,0.0,0.0,0.11965811965811968,0.07217473884140552,0.023741690408357108,1179.0,1129.0,0.5598290598290598,0.5360873694207028,1060.0,119.0,927.0,977.0,0.44017094017094016,0.46391263057929727,69.0,858.0,0.4567627494456763,-0.08622020764709279,0.4567901234567901,,0.4567307692307692,0.4567307692307692,5.935422602088014e-05,0.5033259423503326,0.4611973392461197,0.49667405764966743,0.5388026607538803,0.0,0.0,0.07760532150776056,0.006651884700665134,0.04212860310421285,243.0,224.0,0.5388026607538803,0.49667405764966743,111.0,132.0,208.0,227.0,0.4611973392461197,0.5033259423503326,113.0,95.0,0.9203539823008849,-0.03592582984843586,0.9390519187358917,,0.0,0.0,0.9390519187358917,0.059734513274336286,0.01991150442477876,0.9402654867256637,0.9800884955752213,0.0,0.0,0.9601769911504425,0.8805309734513274,0.03982300884955753,443.0,425.0,0.9800884955752213,0.9402654867256637,416.0,27.0,9.0,27.0,0.01991150442477876,0.059734513274336286,9.0,0.0
dcn_wider_mlp,dcn,42,6,512,0.001,0.0001,0.15,3,64,32,512x256x128,threshold,4,0.81,0.4410489519263232,0.08738812208175659,0.99335232668566,0.9865589596639592,0.9991518235793045,,0.9859762675296656,0.9859762675296656,0.013175556049638937,0.43447293447293445,0.44017094017094016,0.5655270655270656,0.5598290598290598,0.0,0.0,0.11965811965811968,0.1310541310541311,0.005698005698005715,1179.0,1191.0,0.5598290598290598,0.5655270655270656,1178.0,1.0,927.0,915.0,0.44017094017094016,0.43447293447293445,13.0,914.0,0.44789356984478934,-0.1040126183763716,0.448559670781893,,0.44711538461538464,0.44711538461538464,0.0014442861665083795,0.5033259423503326,0.4611973392461197,0.49667405764966743,0.5388026607538803,0.0,0.0,0.07760532150776056,0.006651884700665134,0.04212860310421285,243.0,224.0,0.5388026607538803,0.49667405764966743,109.0,134.0,208.0,227.0,0.4611973392461197,0.5033259423503326,115.0,93.0,0.9756637168141593,-0.009502286762911597,0.9954853273137697,,0.0,0.0,0.9954853273137697,0.004424778761061947,0.01991150442477876,0.995575221238938,0.9800884955752213,0.0,0.0,0.9601769911504425,0.9911504424778761,0.015486725663716814,443.0,450.0,0.9800884955752213,0.995575221238938,441.0,2.0,9.0,2.0,0.01991150442477876,0.004424778761061947,9.0,0.0
