run_id,seed,model_type,hidden_dims,dropout,cross_layers,cross_rank,embed_dim,learning_rate,weight_decay,class_weight_power,label_smoothing,batch_size,cutoff_kind,best_epoch,best_margin,best_val_score,train_loss_last,train_acc,train_mcc,train_recall_down,train_recall_sideways,train_recall_up,train_recall_min,train_recall_gap,train_pred_up_share,train_true_up_share,train_pred_down_share,train_true_down_share,train_pred_sideways_share,train_true_sideways_share,train_true_balance_gap_ud,train_pred_balance_gap_ud,train_pred_target_gap,train_support_true_0,train_support_pred_0,train_share_true_0,train_share_pred_0,train_cm_00,train_cm_01,train_support_true_1,train_support_pred_1,train_share_true_1,train_share_pred_1,train_cm_10,train_cm_11,val_acc,val_mcc,val_recall_down,val_recall_sideways,val_recall_up,val_recall_min,val_recall_gap,val_pred_up_share,val_true_up_share,val_pred_down_share,val_true_down_share,val_pred_sideways_share,val_true_sideways_share,val_true_balance_gap_ud,val_pred_balance_gap_ud,val_pred_target_gap,val_support_true_0,val_support_pred_0,val_share_true_0,val_share_pred_0,val_cm_00,val_cm_01,val_support_true_1,val_support_pred_1,val_share_true_1,val_share_pred_1,val_cm_10,val_cm_11,test_acc,test_mcc,test_recall_down,test_recall_sideways,test_recall_up,test_recall_min,test_recall_gap,test_pred_up_share,test_true_up_share,test_pred_down_share,test_true_down_share,test_pred_sideways_share,test_true_sideways_share,test_true_balance_gap_ud,test_pred_balance_gap_ud,test_pred_target_gap,test_support_true_0,test_support_pred_0,test_share_true_0,test_share_pred_0,test_cm_00,test_cm_01,test_support_true_1,test_support_pred_1,test_share_true_1,test_share_pred_1,test_cm_10,test_cm_11
54,45,dcn,384x192x96,0.45,3,64,0,0.001,0.0001,1.6,0.05,384,threshold,3,0.69,0.4224938610270588,0.14693899701038995,0.9852801519468186,0.970149360418888,0.991518235793045,,0.9773462783171522,0.9773462783171522,0.014171957475892838,0.4349477682811016,0.44017094017094016,0.5650522317188984,0.5598290598290598,0.0,0.0,0.11965811965811968,0.1301044634377968,0.005223171889838563,1179.0,1190.0,0.5598290598290598,0.5650522317188984,1169.0,10.0,927.0,916.0,0.44017094017094016,0.4349477682811016,21.0,906.0,0.4279379157427938,-0.1437059985653061,0.4279835390946502,,0.42788461538461536,0.42788461538461536,9.892371003483724e-05,0.5055432372505543,0.4611973392461197,0.49445676274944567,0.5388026607538803,0.0,0.0,0.07760532150776056,0.011086474501108612,0.04434589800443456,243.0,223.0,0.5388026607538803,0.49445676274944567,104.0,139.0,208.0,228.0,0.4611973392461197,0.5055432372505543,119.0,89.0,0.7942477876106194,0.15831360321578178,0.7968397291196389,,0.6666666666666666,0.6666666666666666,0.13017306245297222,0.21238938053097345,0.01991150442477876,0.7876106194690266,0.9800884955752213,0.0,0.0,0.9601769911504425,0.5752212389380531,0.19247787610619468,443.0,356.0,0.9800884955752213,0.7876106194690266,353.0,90.0,9.0,96.0,0.01991150442477876,0.21238938053097345,3.0,6.0
69,44,dcn,384x192x96,0.35,6,96,0,0.0005,1e-05,1.4,0.05,512,threshold,6,0.7,0.45903723935905505,0.15763442516326903,0.99667616334283,0.9932634108697528,0.9991518235793045,,0.9935275080906149,0.9935275080906149,0.005624315488689691,0.43779677113010446,0.44017094017094016,0.5622032288698955,0.5598290598290598,0.0,0.0,0.11965811965811968,0.12440645773979103,0.0023741690408357052,1179.0,1184.0,0.5598290598290598,0.5622032288698955,1178.0,1.0,927.0,922.0,0.44017094017094016,0.43779677113010446,6.0,921.0,0.4656319290465632,-0.06842779691781398,0.46502057613168724,,0.46634615384615385,0.46502057613168724,0.0013255777144666192,0.5033259423503326,0.4611973392461197,0.49667405764966743,0.5388026607538803,0.0,0.0,0.07760532150776056,0.006651884700665134,0.04212860310421285,243.0,224.0,0.5388026607538803,0.49667405764966743,113.0,130.0,208.0,227.0,0.4611973392461197,0.5033259423503326,111.0,97.0,0.8207964601769911,0.17619037514019403,0.8239277652370203,,0.6666666666666666,0.6666666666666666,0.15726109857035364,0.18584070796460178,0.01991150442477876,0.8141592920353983,0.9800884955752213,0.0,0.0,0.9601769911504425,0.6283185840707965,0.16592920353982302,443.0,368.0,0.9800884955752213,0.8141592920353983,365.0,78.0,9.0,84.0,0.01991150442477876,0.18584070796460178,3.0,6.0
12,44,dcn,640x320x160,0.45,2,128,0,0.0003,5e-05,1.3,0.02,512,threshold,6,0.56,0.4227303180860091,0.11230047643184662,0.9919278252611586,0.9836739449517484,0.998303647158609,,0.9838187702265372,0.9838187702265372,0.014484876932071789,0.43399810066476735,0.44017094017094016,0.5660018993352327,0.5598290598290598,0.0,0.0,0.11965811965811968,0.13200379867046536,0.006172839506172811,1179.0,1192.0,0.5598290598290598,0.5660018993352327,1177.0,2.0,927.0,914.0,0.44017094017094016,0.43399810066476735,15.0,912.0,0.43458980044345896,-0.1300236277417935,0.43209876543209874,,0.4375,0.43209876543209874,0.0054012345679012586,0.5077605321507761,0.4611973392461197,0.49223946784922396,0.5388026607538803,0.0,0.0,0.07760532150776056,0.015521064301552145,0.04656319290465638,243.0,222.0,0.5388026607538803,0.49223946784922396,105.0,138.0,208.0,229.0,0.4611973392461197,0.5077605321507761,117.0,91.0,0.5995575221238938,-0.017641142444055208,0.6049661399548533,,0.3333333333333333,0.3333333333333333,0.27163280662151995,0.3938053097345133,0.01991150442477876,0.6061946902654868,0.9800884955752213,0.0,0.0,0.9601769911504425,0.2123893805309735,0.37389380530973454,443.0,274.0,0.9800884955752213,0.6061946902654868,268.0,175.0,9.0,178.0,0.01991150442477876,0.3938053097345133,6.0,3.0
17,45,dcn,384x192x96,0.4,3,32,0,0.0015,0.0005,1.5,0.02,768,threshold,2,0.8,0.39603176859274425,0.09416766464710236,0.9548907882241215,0.9089761341855863,0.9804919423240034,,0.9223300970873787,0.9223300970873787,0.05816184523662471,0.41690408357075026,0.44017094017094016,0.5830959164292497,0.5598290598290598,0.0,0.0,0.11965811965811968,0.16619183285849948,0.0232668566001899,1179.0,1228.0,0.5598290598290598,0.5830959164292497,1156.0,23.0,927.0,878.0,0.44017094017094016,0.41690408357075026,72.0,855.0,0.4057649667405765,-0.18818877506012632,0.4074074074074074,,0.40384615384615385,0.40384615384615385,0.00356125356125353,0.5055432372505543,0.4611973392461197,0.49445676274944567,0.5388026607538803,0.0,0.0,0.07760532150776056,0.011086474501108612,0.04434589800443456,243.0,223.0,0.5388026607538803,0.49445676274944567,99.0,144.0,208.0,228.0,0.4611973392461197,0.5055432372505543,124.0,84.0,0.7787610619469026,0.04122151690298389,0.7878103837471784,,0.3333333333333333,0.3333333333333333,0.45447705041384506,0.21460176991150443,0.01991150442477876,0.7853982300884956,0.9800884955752213,0.0,0.0,0.9601769911504425,0.5707964601769913,0.19469026548672566,443.0,355.0,0.9800884955752213,0.7853982300884956,349.0,94.0,9.0,97.0,0.01991150442477876,0.21460176991150443,6.0,3.0
8,45,dcn,512x256x128,0.4,5,64,0,0.0005,0.0005,1.6,0.0,512,threshold,2,0.66,0.42636177808942033,0.019686453230679034,0.9681861348528015,0.9354837762668204,0.9804919423240034,,0.9525350593311759,0.9525350593311759,0.027956882992827503,0.4301994301994302,0.44017094017094016,0.5698005698005698,0.5598290598290598,0.0,0.0,0.11965811965811968,0.13960113960113962,0.009971509971509973,1179.0,1200.0,0.5598290598290598,0.5698005698005698,1156.0,23.0,927.0,906.0,0.44017094017094016,0.4301994301994302,44.0,883.0,0.43237250554323725,-0.13480944326634206,0.43209876543209874,,0.4326923076923077,0.43209876543209874,0.0005935422602089679,0.5055432372505543,0.4611973392461197,0.49445676274944567,0.5388026607538803,0.0,0.0,0.07760532150776056,0.011086474501108612,0.04434589800443456,243.0,223.0,0.5388026607538803,0.49445676274944567,105.0,138.0,208.0,228.0,0.4611973392461197,0.5055432372505543,118.0,90.0,0.27876106194690264,-0.12033516662696299,0.27765237020316025,,0.3333333333333333,0.27765237020316025,0.05568096313017307,0.7146017699115044,0.01991150442477876,0.2853982300884956,0.9800884955752213,0.0,0.0,0.9601769911504425,0.4292035398230088,0.6946902654867256,443.0,129.0,0.9800884955752213,0.2853982300884956,123.0,320.0,9.0,323.0,0.01991150442477876,0.7146017699115044,6.0,3.0
13,45,dcn,640x320x160,0.25,4,128,0,0.0003,0.0001,1.3,0.05,768,threshold,5,0.47,0.4372532785642541,0.1557725022236506,0.9947768281101614,0.9894329239243889,0.9923664122137404,,0.9978425026968716,0.9923664122137404,0.005476090483131135,0.44349477682811017,0.44017094017094016,0.5565052231718899,0.5598290598290598,0.0,0.0,0.11965811965811968,0.11301044634377971,0.0033238366571700095,1179.0,1172.0,0.5598290598290598,0.5565052231718899,1170.0,9.0,927.0,934.0,0.44017094017094016,0.44349477682811017,2.0,925.0,0.44567627494456763,-0.10811977736944993,0.4444444444444444,,0.44711538461538464,0.4444444444444444,0.002670940170940217,0.5055432372505543,0.4611973392461197,0.49445676274944567,0.5388026607538803,0.0,0.0,0.07760532150776056,0.011086474501108612,0.04434589800443456,243.0,223.0,0.5388026607538803,0.49445676274944567,108.0,135.0,208.0,228.0,0.4611973392461197,0.5055432372505543,115.0,93.0,0.2610619469026549,0.009143579700806714,0.2505643340857788,,0.7777777777777778,0.2505643340857788,0.5272134436919991,0.75,0.01991150442477876,0.25,0.9800884955752213,0.0,0.0,0.9601769911504425,0.5,0.7300884955752213,443.0,113.0,0.9800884955752213,0.25,111.0,332.0,9.0,339.0,0.01991150442477876,0.75,2.0,7.0
42,44,dcn,384x192x96,0.4,5,64,0,0.001,5e-05,1.3,0.01,512,threshold,2,0.4,0.411909024053333,0.05684608519077301,0.9582146248812915,0.9182298004698578,0.9312977099236641,,0.9924487594390508,0.9312977099236641,0.061151049515386635,0.47530864197530864,0.44017094017094016,0.5246913580246914,0.5598290598290598,0.0,0.0,0.11965811965811968,0.04938271604938271,0.03513770180436848,1179.0,1105.0,0.5598290598290598,0.5246913580246914,1098.0,81.0,927.0,1001.0,0.44017094017094016,0.47530864197530864,7.0,920.0,0.4190687361419069,-0.16149910916323418,0.41975308641975306,,0.4182692307692308,0.4182692307692308,0.001483855650522281,0.5055432372505543,0.4611973392461197,0.49445676274944567,0.5388026607538803,0.0,0.0,0.07760532150776056,0.011086474501108612,0.04434589800443456,243.0,223.0,0.5388026607538803,0.49445676274944567,102.0,141.0,208.0,228.0,0.4611973392461197,0.5055432372505543,121.0,87.0,0.23008849557522124,-0.17880115047521658,0.23024830699774265,,0.2222222222222222,0.2222222222222222,0.008026084775520442,0.7588495575221239,0.01991150442477876,0.2411504424778761,0.9800884955752213,0.0,0.0,0.9601769911504425,0.5176991150442478,0.7389380530973452,443.0,109.0,0.9800884955752213,0.2411504424778761,102.0,341.0,9.0,343.0,0.01991150442477876,0.7588495575221239,7.0,2.0
20,44,dcn,512x256x128,0.25,5,64,0,0.0003,0.0001,1.2,0.0,768,threshold,1,0.53,0.39335393315406864,0.05177618438998858,0.8698955365622032,0.7372270418700001,0.8710771840542832,,0.8683926645091694,0.8683926645091694,0.0026845195451138393,0.4544159544159544,0.44017094017094016,0.5455840455840456,0.5598290598290598,0.0,0.0,0.11965811965811968,0.09116809116809121,0.014245014245014231,1179.0,1149.0,0.5598290598290598,0.5455840455840456,1027.0,152.0,927.0,957.0,0.44017094017094016,0.4544159544159544,122.0,805.0,0.3991130820399113,-0.20120026996488422,0.3991769547325103,,0.39903846153846156,0.39903846153846156,0.00013849319404873883,0.5077605321507761,0.4611973392461197,0.49223946784922396,0.5388026607538803,0.0,0.0,0.07760532150776056,0.015521064301552145,0.04656319290465638,243.0,222.0,0.5388026607538803,0.49223946784922396,97.0,146.0,208.0,229.0,0.4611973392461197,0.5077605321507761,125.0,83.0,0.4026548672566372,-0.10536301762776865,0.40632054176072235,,0.2222222222222222,0.2222222222222222,0.18409831953850014,0.5862831858407079,0.01991150442477876,0.413716814159292,0.9800884955752213,0.0,0.0,0.9601769911504425,0.17256637168141592,0.5663716814159292,443.0,187.0,0.9800884955752213,0.413716814159292,180.0,263.0,9.0,265.0,0.01991150442477876,0.5862831858407079,7.0,2.0
49,45,dcn,512x256x128,0.4,6,128,0,0.0003,1e-05,1.3,0.02,768,threshold,8,0.79,0.37553285618326265,0.09774337460597356,0.9971509971509972,0.9942318588047296,1.0,,0.9935275080906149,0.9935275080906149,0.006472491909385147,0.4373219373219373,0.44017094017094016,0.5626780626780626,0.5598290598290598,0.0,0.0,0.11965811965811968,0.12535612535612534,0.0028490028490028574,1179.0,1185.0,0.5598290598290598,0.5626780626780626,1179.0,0.0,927.0,921.0,0.44017094017094016,0.4373219373219373,6.0,921.0,0.3835920177383592,-0.23201307635877433,0.38271604938271603,,0.38461538461538464,0.38271604938271603,0.0018993352326686086,0.5099778270509978,0.4611973392461197,0.49002217294900224,0.5388026607538803,0.0,0.0,0.07760532150776056,0.019955654101995568,0.04878048780487809,243.0,221.0,0.5388026607538803,0.49002217294900224,93.0,150.0,208.0,230.0,0.4611973392461197,0.5099778270509978,128.0,80.0,0.5752212389380531,-0.05542052041325576,0.582392776523702,,0.2222222222222222,0.2222222222222222,0.3601705543014798,0.413716814159292,0.01991150442477876,0.5862831858407079,0.9800884955752213,0.0,0.0,0.9601769911504425,0.17256637168141592,0.3938053097345133,443.0,265.0,0.9800884955752213,0.5862831858407079,258.0,185.0,9.0,187.0,0.01991150442477876,0.413716814159292,7.0,2.0
71,44,dcn,640x320x160,0.25,6,32,0,0.001,5e-05,1.6,0.02,768,threshold,6,0.43,0.4887439706985778,0.07562142113844554,0.9995251661918328,0.9990371121012571,0.9991518235793045,,1.0,0.9991518235793045,0.0008481764206954567,0.4406457739791073,0.44017094017094016,0.5593542260208927,0.5598290598290598,0.0,0.0,0.11965811965811968,0.11870845204178537,0.00047483380816715215,1179.0,1178.0,0.5598290598290598,0.5593542260208927,1178.0,1.0,927.0,928.0,0.44017094017094016,0.4406457739791073,0.0,927.0,0.49667405764966743,-0.0068446176348059985,0.49794238683127573,,0.4951923076923077,0.4951923076923077,0.00275007913896802,0.49889135254988914,0.4611973392461197,0.5011086474501109,0.5388026607538803,0.0,0.0,0.07760532150776056,0.0022172949002217113,0.037694013303769425,243.0,226.0,0.5388026607538803,0.5011086474501109,121.0,122.0,208.0,225.0,0.4611973392461197,0.49889135254988914,105.0,103.0,0.6216814159292036,-0.04288365892813813,0.6297968397291196,,0.2222222222222222,0.2222222222222222,0.4075746175068974,0.3672566371681416,0.01991150442477876,0.6327433628318584,0.9800884955752213,0.0,0.0,0.9601769911504425,0.2654867256637168,0.34734513274336287,443.0,286.0,0.9800884955752213,0.6327433628318584,279.0,164.0,9.0,166.0,0.01991150442477876,0.3672566371681416,7.0,2.0
38,45,dcn,640x320x160,0.25,3,32,0,0.0003,1e-05,1.4,0.01,768,threshold,1,0.5,0.30861198497377357,0.14621113240718842,0.7863247863247863,0.5789385767346397,0.7480916030534351,,0.8349514563106796,0.7480916030534351,0.08685985325724443,0.5085470085470085,0.44017094017094016,0.49145299145299143,0.5598290598290598,0.0,0.0,0.11965811965811968,0.01709401709401709,0.06837606837606836,1179.0,1035.0,0.5598290598290598,0.49145299145299143,882.0,297.0,927.0,1071.0,0.44017094017094016,0.5085470085470085,153.0,774.0,0.31929046563192903,-0.360721119361009,0.32098765432098764,,0.3173076923076923,0.3173076923076923,0.003679962013295346,0.5121951219512195,0.4611973392461197,0.4878048780487805,0.5388026607538803,0.0,0.0,0.07760532150776056,0.024390243902439046,0.0509977827050998,243.0,220.0,0.5388026607538803,0.4878048780487805,78.0,165.0,208.0,231.0,0.4611973392461197,0.5121951219512195,142.0,66.0,0.7345132743362832,-0.010538633641039567,0.744920993227991,,0.2222222222222222,0.2222222222222222,0.5226987710057688,0.25442477876106195,0.01991150442477876,0.745575221238938,0.9800884955752213,0.0,0.0,0.9601769911504425,0.4911504424778761,0.2345132743362832,443.0,337.0,0.9800884955752213,0.745575221238938,330.0,113.0,9.0,115.0,0.01991150442477876,0.25442477876106195,7.0,2.0
43,44,dcn,512x256x128,0.45,3,128,0,0.0005,0.0001,1.6,0.01,768,threshold,2,0.58,0.4331419503912729,0.07406953473885854,0.9572649572649573,0.913245972311665,0.9694656488549618,,0.941747572815534,0.941747572815534,0.027718076039427775,0.43162393162393164,0.44017094017094016,0.5683760683760684,0.5598290598290598,0.0,0.0,0.11965811965811968,0.1367521367521367,0.008547008547008517,1179.0,1197.0,0.5598290598290598,0.5683760683760684,1143.0,36.0,927.0,909.0,0.44017094017094016,0.43162393162393164,54.0,873.0,0.44567627494456763,-0.10880377773368843,0.448559670781893,,0.4423076923076923,0.4423076923076923,0.006251978474200726,0.5011086474501109,0.4611973392461197,0.49889135254988914,0.5388026607538803,0.0,0.0,0.07760532150776056,0.0022172949002217113,0.039911308203991136,243.0,225.0,0.5388026607538803,0.49889135254988914,109.0,134.0,208.0,226.0,0.4611973392461197,0.5011086474501109,116.0,92.0,0.7367256637168141,-0.009842964914087475,0.7471783295711061,,0.2222222222222222,0.2222222222222222,0.5249561073488839,0.252212389380531,0.01991150442477876,0.7477876106194691,0.9800884955752213,0.0,0.0,0.9601769911504425,0.4955752212389381,0.2323008849557522,443.0,338.0,0.9800884955752213,0.7477876106194691,331.0,112.0,9.0,114.0,0.01991150442477876,0.252212389380531,7.0,2.0
35,45,dcn,384x192x96,0.35,3,64,0,0.001,0.0005,1.2,0.02,384,threshold,7,0.71,0.3934171855445568,0.07496671130259831,0.9990503323836657,0.998074484331713,1.0,,0.9978425026968716,0.9978425026968716,0.0021574973031284195,0.4392212725546059,0.44017094017094016,0.5607787274453941,0.5598290598290598,0.0,0.0,0.11965811965811968,0.12155745489078823,0.0009496676163342488,1179.0,1181.0,0.5598290598290598,0.5607787274453941,1179.0,0.0,927.0,925.0,0.44017094017094016,0.4392212725546059,2.0,925.0,0.4079822616407982,-0.18407846665812624,0.411522633744856,,0.40384615384615385,0.40384615384615385,0.0076764798987021265,0.5033259423503326,0.4611973392461197,0.49667405764966743,0.5388026607538803,0.0,0.0,0.07760532150776056,0.006651884700665134,0.04212860310421285,243.0,224.0,0.5388026607538803,0.49667405764966743,100.0,143.0,208.0,227.0,0.4611973392461197,0.5033259423503326,124.0,84.0,0.8938053097345132,0.06174069920067315,0.90744920993228,,0.2222222222222222,0.2222222222222222,0.6852269877100577,0.09513274336283185,0.01991150442477876,0.9048672566371682,0.9800884955752213,0.0,0.0,0.9601769911504425,0.8097345132743363,0.07522123893805309,443.0,409.0,0.9800884955752213,0.9048672566371682,402.0,41.0,9.0,43.0,0.01991150442477876,0.09513274336283185,7.0,2.0
13,44,dcn,640x320x160,0.25,4,128,0,0.0003,0.0001,1.3,0.05,768,threshold,5,0.44,0.4013241870796071,0.15948079029719034,0.9957264957264957,0.9913453222639085,0.9940627650551315,,0.9978425026968716,0.9940627650551315,0.0037797376417401107,0.44254510921177587,0.44017094017094016,0.5574548907882241,0.5598290598290598,0.0,0.0,0.11965811965811968,0.11490978157644821,0.0023741690408357052,1179.0,1174.0,0.5598290598290598,0.5574548907882241,1172.0,7.0,927.0,932.0,0.44017094017094016,0.44254510921177587,2.0,925.0,0.41019955654101997,-0.17929221976116227,0.411522633744856,,0.40865384615384615,0.40865384615384615,0.002868787591009836,0.5055432372505543,0.4611973392461197,0.49445676274944567,0.5388026607538803,0.0,0.0,0.07760532150776056,0.011086474501108612,0.04434589800443456,243.0,223.0,0.5388026607538803,0.49445676274944567,100.0,143.0,208.0,228.0,0.4611973392461197,0.5055432372505543,123.0,85.0,0.18584070796460178,-0.17143640509747224,0.18284424379232506,,0.3333333333333333,0.18284424379232506,0.15048908954100826,0.8075221238938053,0.01991150442477876,0.19247787610619468,0.9800884955752213,0.0,0.0,0.9601769911504425,0.6150442477876106,0.7876106194690266,443.0,87.0,0.9800884955752213,0.19247787610619468,81.0,362.0,9.0,365.0,0.01991150442477876,0.8075221238938053,6.0,3.0
20,45,dcn,512x256x128,0.25,5,64,0,0.0003,0.0001,1.2,0.0,768,threshold,1,0.54,0.45903723935905505,0.06218114495277405,0.8433048433048433,0.6813165698231752,0.8710771840542832,,0.807982740021575,0.807982740021575,0.06309444403270825,0.4278252611585945,0.44017094017094016,0.5721747388414055,0.5598290598290598,0.0,0.0,0.11965811965811968,0.14434947768281098,0.012345679012345678,1179.0,1205.0,0.5598290598290598,0.5721747388414055,1027.0,152.0,927.0,901.0,0.44017094017094016,0.4278252611585945,178.0,749.0,0.4656319290465632,-0.06842779691781398,0.46502057613168724,,0.46634615384615385,0.46502057613168724,0.0013255777144666192,0.5033259423503326,0.4611973392461197,0.49667405764966743,0.5388026607538803,0.0,0.0,0.07760532150776056,0.006651884700665134,0.04212860310421285,243.0,224.0,0.5388026607538803,0.49667405764966743,113.0,130.0,208.0,227.0,0.4611973392461197,0.5033259423503326,111.0,97.0,0.18141592920353983,-0.21160709203581202,0.18058690744920994,,0.2222222222222222,0.18058690744920994,0.04163531477301227,0.8075221238938053,0.01991150442477876,0.19247787610619468,0.9800884955752213,0.0,0.0,0.9601769911504425,0.6150442477876106,0.7876106194690266,443.0,87.0,0.9800884955752213,0.19247787610619468,80.0,363.0,9.0,365.0,0.01991150442477876,0.8075221238938053,7.0,2.0
28,44,dcn,512x256x128,0.4,2,48,0,0.0005,0.0001,1.5,0.0,512,threshold,1,0.84,0.34285643506849467,0.08833799064159394,0.8152896486229819,0.6481667122331155,0.9779474130619169,,0.6084142394822006,0.6084142394822006,0.36953317357971627,0.2801519468186135,0.44017094017094016,0.7198480531813866,0.5598290598290598,0.0,0.0,0.11965811965811968,0.43969610636277306,0.16001899335232667,1179.0,1516.0,0.5598290598290598,0.7198480531813866,1153.0,26.0,927.0,590.0,0.44017094017094016,0.2801519468186135,363.0,564.0,0.35698447893569846,-0.28477087687796204,0.35390946502057613,,0.3605769230769231,0.35390946502057613,0.006667458056346942,0.5144124168514412,0.4611973392461197,0.48558758314855877,0.5388026607538803,0.0,0.0,0.07760532150776056,0.02882483370288247,0.053215077605321515,243.0,219.0,0.5388026607538803,0.48558758314855877,86.0,157.0,208.0,232.0,0.4611973392461197,0.5144124168514412,133.0,75.0,0.14823008849557523,0.054687148313151294,0.1309255079006772,,1.0,0.1309255079006772,0.8690744920993227,0.8716814159292036,0.01991150442477876,0.12831858407079647,0.9800884955752213,0.0,0.0,0.9601769911504425,0.7433628318584071,0.8517699115044248,443.0,58.0,0.9800884955752213,0.12831858407079647,58.0,385.0,9.0,394.0,0.01991150442477876,0.8716814159292036,0.0,9.0
39,45,dcn,640x320x160,0.25,3,128,0,0.001,1e-05,1.6,0.0,512,threshold,3,0.24,0.5125914800847051,0.004022873123176396,0.99335232668566,0.9865102460317194,0.9949109414758269,,0.9913700107874865,0.9913700107874865,0.0035409306883403824,0.4392212725546059,0.44017094017094016,0.5607787274453941,0.5598290598290598,0.0,0.0,0.11965811965811968,0.12155745489078823,0.0009496676163342488,1179.0,1181.0,0.5598290598290598,0.5607787274453941,1173.0,6.0,927.0,925.0,0.44017094017094016,0.4392212725546059,8.0,919.0,0.5210643015521065,0.04173918082389575,0.522633744855967,,0.5192307692307693,0.5192307692307693,0.003402975625197757,0.49667405764966743,0.4611973392461197,0.5033259423503326,0.5388026607538803,0.0,0.0,0.07760532150776056,0.006651884700665134,0.03547671840354771,243.0,227.0,0.5388026607538803,0.5033259423503326,127.0,116.0,208.0,224.0,0.4611973392461197,0.49667405764966743,100.0,108.0,0.1504424778761062,-0.2769941518067059,0.15124153498871332,,0.1111111111111111,0.1111111111111111,0.04013042387760221,0.834070796460177,0.01991150442477876,0.16592920353982302,0.9800884955752213,0.0,0.0,0.9601769911504425,0.668141592920354,0.8141592920353983,443.0,75.0,0.9800884955752213,0.16592920353982302,67.0,376.0,9.0,377.0,0.01991150442477876,0.834070796460177,8.0,1.0
68,45,dcn,256x128,0.25,6,48,0,0.0005,5e-05,1.5,0.02,768,threshold,1,0.66,0.5171271615817685,0.1013799359401067,0.8627730294396961,0.7222919544543415,0.9253604749787956,,0.7831715210355987,0.7831715210355987,0.14218895394319686,0.3865147198480532,0.44017094017094016,0.6134852801519468,0.5598290598290598,0.0,0.0,0.11965811965811968,0.22697056030389362,0.05365622032288697,1179.0,1292.0,0.5598290598290598,0.6134852801519468,1091.0,88.0,927.0,814.0,0.44017094017094016,0.3865147198480532,201.0,726.0,0.5232815964523282,0.046531564842960664,0.522633744855967,,0.5240384615384616,0.522633744855967,0.0014047166824945334,0.49889135254988914,0.4611973392461197,0.5011086474501109,0.5388026607538803,0.0,0.0,0.07760532150776056,0.0022172949002217113,0.037694013303769425,243.0,226.0,0.5388026607538803,0.5011086474501109,127.0,116.0,208.0,225.0,0.4611973392461197,0.49889135254988914,99.0,109.0,0.15265486725663716,-0.2746882797236583,0.15349887133182843,,0.1111111111111111,0.1111111111111111,0.04238776022071733,0.831858407079646,0.01991150442477876,0.168141592920354,0.9800884955752213,0.0,0.0,0.9601769911504425,0.663716814159292,0.8119469026548672,443.0,76.0,0.9800884955752213,0.168141592920354,68.0,375.0,9.0,376.0,0.01991150442477876,0.831858407079646,8.0,1.0
48,45,dcn,256x128,0.35,6,48,0,0.0015,1e-05,1.6,0.05,768,threshold,4,0.55,0.38279385649981856,0.14849663277467093,0.9962013295346629,0.9922959178527451,0.9957591178965225,,0.9967637540453075,0.9957591178965225,0.0010046361487849875,0.44112060778727447,0.44017094017094016,0.5588793922127255,0.5598290598290598,0.0,0.0,0.11965811965811968,0.11775878442545107,0.0009496676163343043,1179.0,1177.0,0.5598290598290598,0.5588793922127255,1174.0,5.0,927.0,929.0,0.44017094017094016,0.44112060778727447,3.0,924.0,0.3924611973392461,-0.2142175155700316,0.39094650205761317,,0.3942307692307692,0.39094650205761317,0.0032842671731560524,0.5099778270509978,0.4611973392461197,0.49002217294900224,0.5388026607538803,0.0,0.0,0.07760532150776056,0.019955654101995568,0.04878048780487809,243.0,221.0,0.5388026607538803,0.49002217294900224,95.0,148.0,208.0,230.0,0.4611973392461197,0.5099778270509978,126.0,82.0,0.18141592920353983,-0.24803157183950833,0.18284424379232506,,0.1111111111111111,0.1111111111111111,0.07173313268121395,0.8030973451327433,0.01991150442477876,0.19690265486725664,0.9800884955752213,0.0,0.0,0.9601769911504425,0.6061946902654867,0.7831858407079646,443.0,89.0,0.9800884955752213,0.19690265486725664,81.0,362.0,9.0,363.0,0.01991150442477876,0.8030973451327433,8.0,1.0
71,45,dcn,640x320x160,0.25,6,32,0,0.001,5e-05,1.6,0.02,768,threshold,7,0.64,0.4596040428255876,0.07822093864281972,0.9990503323836657,0.9980730749277403,0.9991518235793045,,0.9989212513484358,0.9989212513484358,0.000230572230868753,0.44017094017094016,0.44017094017094016,0.5598290598290598,0.5598290598290598,0.0,0.0,0.11965811965811968,0.11965811965811968,0.0,1179.0,1179.0,0.5598290598290598,0.5598290598290598,1178.0,1.0,927.0,927.0,0.44017094017094016,0.44017094017094016,1.0,926.0,0.4678492239467849,-0.06432362566888289,0.4691358024691358,,0.46634615384615385,0.46634615384615385,0.0027896486229819217,0.5011086474501109,0.4611973392461197,0.49889135254988914,0.5388026607538803,0.0,0.0,0.07760532150776056,0.0022172949002217113,0.039911308203991136,243.0,225.0,0.5388026607538803,0.49889135254988914,114.0,129.0,208.0,226.0,0.4611973392461197,0.5011086474501109,111.0,97.0,0.21460176991150443,-0.22310298686047306,0.21670428893905191,,0.1111111111111111,0.1111111111111111,0.10559317782794081,0.7699115044247787,0.01991150442477876,0.23008849557522124,0.9800884955752213,0.0,0.0,0.9601769911504425,0.5398230088495575,0.75,443.0,104.0,0.9800884955752213,0.23008849557522124,96.0,347.0,9.0,348.0,0.01991150442477876,0.7699115044247787,8.0,1.0
50,45,dcn,384x192x96,0.4,4,96,0,0.001,0.0001,1.5,0.05,512,threshold,6,0.57,0.5152693155233805,0.15559396147727966,1.0,1.0,1.0,,1.0,1.0,0.0,0.44017094017094016,0.44017094017094016,0.5598290598290598,0.5598290598290598,0.0,0.0,0.11965811965811968,0.11965811965811968,0.0,1179.0,1179.0,0.5598290598290598,0.5598290598290598,1179.0,0.0,927.0,927.0,0.44017094017094016,0.44017094017094016,0.0,927.0,0.5277161862527716,0.054740445575665674,0.5308641975308642,,0.5240384615384616,0.5240384615384616,0.0068257359924026595,0.49445676274944567,0.4611973392461197,0.5055432372505543,0.5388026607538803,0.0,0.0,0.07760532150776056,0.011086474501108612,0.03325942350332595,243.0,228.0,0.5388026607538803,0.5055432372505543,129.0,114.0,208.0,223.0,0.4611973392461197,0.49445676274944567,99.0,109.0,0.21902654867256638,-0.22013746005394472,0.22121896162528218,,0.1111111111111111,0.1111111111111111,0.11010785051417107,0.7654867256637168,0.01991150442477876,0.2345132743362832,0.9800884955752213,0.0,0.0,0.9601769911504425,0.5309734513274336,0.745575221238938,443.0,106.0,0.9800884955752213,0.2345132743362832,98.0,345.0,9.0,346.0,0.01991150442477876,0.7654867256637168,8.0,1.0
49,44,dcn,512x256x128,0.4,6,128,0,0.0003,1e-05,1.3,0.02,768,threshold,7,0.29,0.411909024053333,0.09604333837827046,0.9971509971509972,0.9942292657760918,0.9957591178965225,,0.9989212513484358,0.9957591178965225,0.003162133451913296,0.4420702754036087,0.44017094017094016,0.5579297245963912,0.5598290598290598,0.0,0.0,0.11965811965811968,0.11585944919278252,0.001899335232668553,1179.0,1175.0,0.5598290598290598,0.5579297245963912,1174.0,5.0,927.0,931.0,0.44017094017094016,0.4420702754036087,1.0,926.0,0.4190687361419069,-0.16149910916323418,0.41975308641975306,,0.4182692307692308,0.4182692307692308,0.001483855650522281,0.5055432372505543,0.4611973392461197,0.49445676274944567,0.5388026607538803,0.0,0.0,0.07760532150776056,0.011086474501108612,0.04434589800443456,243.0,223.0,0.5388026607538803,0.49445676274944567,102.0,141.0,208.0,228.0,0.4611973392461197,0.5055432372505543,121.0,87.0,0.24778761061946902,-0.20247391080791083,0.2505643340857788,,0.1111111111111111,0.1111111111111111,0.13945322297466767,0.7367256637168141,0.01991150442477876,0.26327433628318586,0.9800884955752213,0.0,0.0,0.9601769911504425,0.4734513274336283,0.7168141592920354,443.0,119.0,0.9800884955752213,0.26327433628318586,111.0,332.0,9.0,333.0,0.01991150442477876,0.7367256637168141,8.0,1.0
40,44,dcn,384x192x96,0.25,5,64,0,0.0015,0.0001,1.3,0.05,384,threshold,1,0.34,0.4372532785642541,0.146973617374897,0.949667616334283,0.8999388878377271,0.9304495335029687,,0.9741100323624595,0.9304495335029687,0.04366049885949086,0.4677113010446344,0.44017094017094016,0.5322886989553656,0.5598290598290598,0.0,0.0,0.11965811965811968,0.0645773979107312,0.027540360873694214,1179.0,1121.0,0.5598290598290598,0.5322886989553656,1097.0,82.0,927.0,985.0,0.44017094017094016,0.4677113010446344,24.0,903.0,0.44567627494456763,-0.10811977736944993,0.4444444444444444,,0.44711538461538464,0.4444444444444444,0.002670940170940217,0.5055432372505543,0.4611973392461197,0.49445676274944567,0.5388026607538803,0.0,0.0,0.07760532150776056,0.011086474501108612,0.04434589800443456,243.0,223.0,0.5388026607538803,0.49445676274944567,108.0,135.0,208.0,228.0,0.4611973392461197,0.5055432372505543,115.0,93.0,0.2610619469026549,-0.19512895866167004,0.26410835214446954,,0.1111111111111111,0.1111111111111111,0.15299724103335843,0.7234513274336283,0.01991150442477876,0.27654867256637167,0.9800884955752213,0.0,0.0,0.9601769911504425,0.4469026548672566,0.7035398230088495,443.0,125.0,0.9800884955752213,0.27654867256637167,117.0,326.0,9.0,327.0,0.01991150442477876,0.7234513274336283,8.0,1.0
72,44,dcn,512x256x128,0.4,3,128,0,0.0005,0.0005,1.3,0.02,384,threshold,5,0.52,0.4372532785642541,0.07912717883785565,0.9976258309591642,0.9951837044128649,0.9974554707379135,,0.9978425026968716,0.9974554707379135,0.00038703195895806175,0.4406457739791073,0.44017094017094016,0.5593542260208927,0.5598290598290598,0.0,0.0,0.11965811965811968,0.11870845204178537,0.00047483380816715215,1179.0,1178.0,0.5598290598290598,0.5593542260208927,1176.0,3.0,927.0,928.0,0.44017094017094016,0.4406457739791073,2.0,925.0,0.44567627494456763,-0.10811977736944993,0.4444444444444444,,0.44711538461538464,0.4444444444444444,0.002670940170940217,0.5055432372505543,0.4611973392461197,0.49445676274944567,0.5388026607538803,0.0,0.0,0.07760532150776056,0.011086474501108612,0.04434589800443456,243.0,223.0,0.5388026607538803,0.49445676274944567,108.0,135.0,208.0,228.0,0.4611973392461197,0.5055432372505543,115.0,93.0,0.5508849557522124,-0.0927604183998513,0.5598194130925508,,0.1111111111111111,0.1111111111111111,0.4487083019814397,0.4336283185840708,0.01991150442477876,0.5663716814159292,0.9800884955752213,0.0,0.0,0.9601769911504425,0.1327433628318584,0.41371681415929207,443.0,256.0,0.9800884955752213,0.5663716814159292,248.0,195.0,9.0,196.0,0.01991150442477876,0.4336283185840708,8.0,1.0
56,44,dcn,384x192x96,0.35,5,48,0,0.001,0.0003,1.3,0.05,384,threshold,7,0.6,0.37916335634154064,0.14050325254599252,0.9995251661918328,0.9990368901672698,1.0,,0.9989212513484358,0.9989212513484358,0.0010787486515642097,0.439696106362773,0.44017094017094016,0.560303893637227,0.5598290598290598,0.0,0.0,0.11965811965811968,0.12060778727445398,0.00047483380816715215,1179.0,1180.0,0.5598290598290598,0.560303893637227,1179.0,0.0,927.0,926.0,0.44017094017094016,0.439696106362773,1.0,926.0,0.38802660753880264,-0.22311529596440297,0.3868312757201646,,0.3894230769230769,0.3868312757201646,0.0025918012029123028,0.5099778270509978,0.4611973392461197,0.49002217294900224,0.5388026607538803,0.0,0.0,0.07760532150776056,0.019955654101995568,0.04878048780487809,243.0,221.0,0.5388026607538803,0.49002217294900224,94.0,149.0,208.0,230.0,0.4611973392461197,0.5099778270509978,127.0,81.0,0.5641592920353983,-0.08929560357530414,0.5733634311512416,,0.1111111111111111,0.1111111111111111,0.46225232004013045,0.42035398230088494,0.01991150442477876,0.5796460176991151,0.9800884955752213,0.0,0.0,0.9601769911504425,0.15929203539823011,0.4004424778761062,443.0,262.0,0.9800884955752213,0.5796460176991151,254.0,189.0,9.0,190.0,0.01991150442477876,0.42035398230088494,8.0,1.0
8,44,dcn,512x256x128,0.4,5,64,0,0.0005,0.0005,1.6,0.0,512,threshold,1,0.54,0.3642140052810785,0.031384659558534624,0.9264007597340931,0.853604183131904,0.9804919423240034,,0.8576051779935275,0.8576051779935275,0.12288676433047585,0.38841405508072174,0.44017094017094016,0.6115859449192782,0.5598290598290598,0.0,0.0,0.11965811965811968,0.22317188983855646,0.05175688509021842,1179.0,1288.0,0.5598290598290598,0.6115859449192782,1156.0,23.0,927.0,818.0,0.44017094017094016,0.38841405508072174,132.0,795.0,0.37028824833702884,-0.2587064175418884,0.37037037037037035,,0.3701923076923077,0.3701923076923077,0.00017806267806264042,0.5099778270509978,0.4611973392461197,0.49002217294900224,0.5388026607538803,0.0,0.0,0.07760532150776056,0.019955654101995568,0.04878048780487809,243.0,221.0,0.5388026607538803,0.49002217294900224,90.0,153.0,208.0,230.0,0.4611973392461197,0.5099778270509978,131.0,77.0,0.5929203539823009,-0.08190483627016357,0.6027088036117382,,0.1111111111111111,0.1111111111111111,0.49159769250062707,0.3915929203539823,0.01991150442477876,0.6084070796460177,0.9800884955752213,0.0,0.0,0.9601769911504425,0.2168141592920354,0.37168141592920356,443.0,275.0,0.9800884955752213,0.6084070796460177,267.0,176.0,9.0,177.0,0.01991150442477876,0.3915929203539823,8.0,1.0
25,45,dcn,640x320x160,0.45,2,48,0,0.0015,1e-05,1.5,0.05,768,threshold,8,0.73,0.39335393315406864,0.1549292951822281,0.99667616334283,0.9932634108697528,0.9991518235793045,,0.9935275080906149,0.9935275080906149,0.005624315488689691,0.43779677113010446,0.44017094017094016,0.5622032288698955,0.5598290598290598,0.0,0.0,0.11965811965811968,0.12440645773979103,0.0023741690408357052,1179.0,1184.0,0.5598290598290598,0.5622032288698955,1178.0,1.0,927.0,922.0,0.44017094017094016,0.43779677113010446,6.0,921.0,0.3991130820399113,-0.20120026996488422,0.3991769547325103,,0.39903846153846156,0.39903846153846156,0.00013849319404873883,0.5077605321507761,0.4611973392461197,0.49223946784922396,0.5388026607538803,0.0,0.0,0.07760532150776056,0.015521064301552145,0.04656319290465638,243.0,222.0,0.5388026607538803,0.49223946784922396,97.0,146.0,208.0,229.0,0.4611973392461197,0.5077605321507761,125.0,83.0,0.7057522123893806,-0.05329263379901593,0.7178329571106095,,0.1111111111111111,0.1111111111111111,0.6067218459994983,0.27876106194690264,0.01991150442477876,0.7212389380530974,0.9800884955752213,0.0,0.0,0.9601769911504425,0.4424778761061947,0.2588495575221239,443.0,326.0,0.9800884955752213,0.7212389380530974,318.0,125.0,9.0,126.0,0.01991150442477876,0.27876106194690264,8.0,1.0
14,44,dcn,384x192x96,0.4,6,64,0,0.0005,5e-05,1.5,0.01,384,threshold,4,0.79,0.42636177808942033,0.04928417503833771,0.9943019943019943,0.9884571927558279,0.998303647158609,,0.9892125134843581,0.9892125134843581,0.00909113367425085,0.43637226970560306,0.44017094017094016,0.563627730294397,0.5598290598290598,0.0,0.0,0.11965811965811968,0.1272554605887939,0.003798670465337106,1179.0,1187.0,0.5598290598290598,0.563627730294397,1177.0,2.0,927.0,919.0,0.44017094017094016,0.43637226970560306,10.0,917.0,0.43237250554323725,-0.13480944326634206,0.43209876543209874,,0.4326923076923077,0.43209876543209874,0.0005935422602089679,0.5055432372505543,0.4611973392461197,0.49445676274944567,0.5388026607538803,0.0,0.0,0.07760532150776056,0.011086474501108612,0.04434589800443456,243.0,223.0,0.5388026607538803,0.49445676274944567,105.0,138.0,208.0,228.0,0.4611973392461197,0.5055432372505543,118.0,90.0,0.7190265486725663,-0.04982839069722646,0.7313769751693002,,0.1111111111111111,0.1111111111111111,0.6202658640581891,0.26548672566371684,0.01991150442477876,0.7345132743362832,0.9800884955752213,0.0,0.0,0.9601769911504425,0.4690265486725664,0.24557522123893807,443.0,332.0,0.9800884955752213,0.7345132743362832,324.0,119.0,9.0,120.0,0.01991150442477876,0.26548672566371684,8.0,1.0
55,45,dcn,384x192x96,0.4,5,96,0,0.001,0.0005,1.6,0.01,768,threshold,8,0.81,0.4596672952160757,0.053268127143383026,1.0,1.0,1.0,,1.0,1.0,0.0,0.44017094017094016,0.44017094017094016,0.5598290598290598,0.5598290598290598,0.0,0.0,0.11965811965811968,0.11965811965811968,0.0,1179.0,1179.0,0.5598290598290598,0.5598290598290598,1179.0,0.0,927.0,927.0,0.44017094017094016,0.44017094017094016,0.0,927.0,0.47671840354767187,-0.04722287282249831,0.48148148148148145,,0.47115384615384615,0.47115384615384615,0.01032763532763531,0.49667405764966743,0.4611973392461197,0.5033259423503326,0.5388026607538803,0.0,0.0,0.07760532150776056,0.006651884700665134,0.03547671840354771,243.0,227.0,0.5388026607538803,0.5033259423503326,117.0,126.0,208.0,224.0,0.4611973392461197,0.49667405764966743,110.0,98.0,0.8119469026548672,-0.023181086546009835,0.8261851015801355,,0.1111111111111111,0.1111111111111111,0.7150739904690244,0.17256637168141592,0.01991150442477876,0.827433628318584,0.9800884955752213,0.0,0.0,0.9601769911504425,0.654867256637168,0.15265486725663716,443.0,374.0,0.9800884955752213,0.827433628318584,366.0,77.0,9.0,78.0,0.01991150442477876,0.17256637168141592,8.0,1.0
3,44,dcn,256x128,0.3,2,32,0,0.0005,0.0005,1.5,0.02,768,threshold,2,0.7,0.5098652014200794,0.13109464446703592,0.8936372269705603,0.7887820949910488,0.9677692960135709,,0.7993527508090615,0.7993527508090615,0.16841654520450933,0.36989553656220325,0.44017094017094016,0.6301044634377968,0.5598290598290598,0.0,0.0,0.11965811965811968,0.26020892687559355,0.07027540360873691,1179.0,1327.0,0.5598290598290598,0.6301044634377968,1141.0,38.0,927.0,779.0,0.44017094017094016,0.36989553656220325,186.0,741.0,0.5210643015521065,0.04242873928665044,0.5185185185185185,,0.5240384615384616,0.5185185185185185,0.005519943019943074,0.5011086474501109,0.4611973392461197,0.49889135254988914,0.5388026607538803,0.0,0.0,0.07760532150776056,0.0022172949002217113,0.039911308203991136,243.0,225.0,0.5388026607538803,0.49889135254988914,126.0,117.0,208.0,226.0,0.4611973392461197,0.5011086474501109,99.0,109.0,0.8407079646017699,-0.01328055920604287,0.8555304740406321,,0.1111111111111111,0.1111111111111111,0.744419362929521,0.14380530973451328,0.01991150442477876,0.8561946902654868,0.9800884955752213,0.0,0.0,0.9601769911504425,0.7123893805309736,0.12389380530973451,443.0,387.0,0.9800884955752213,0.8561946902654868,379.0,64.0,9.0,65.0,0.01991150442477876,0.14380530973451328,8.0,1.0
51,44,dcn,640x320x160,0.35,2,96,0,0.001,1e-05,1.6,0.05,768,threshold,3,0.73,0.429991318402565,0.1496602495511373,0.9705603038936372,0.9402455867299138,0.9787955894826124,,0.9600862998921251,0.9600862998921251,0.018709289590487233,0.43447293447293445,0.44017094017094016,0.5655270655270656,0.5598290598290598,0.0,0.0,0.11965811965811968,0.1310541310541311,0.005698005698005715,1179.0,1191.0,0.5598290598290598,0.5655270655270656,1154.0,25.0,927.0,915.0,0.44017094017094016,0.43447293447293445,37.0,890.0,0.4434589800443459,-0.11222946718602082,0.4403292181069959,,0.44711538461538464,0.4403292181069959,0.006786166508388758,0.5077605321507761,0.4611973392461197,0.49223946784922396,0.5388026607538803,0.0,0.0,0.07760532150776056,0.015521064301552145,0.04656319290465638,243.0,222.0,0.5388026607538803,0.49223946784922396,107.0,136.0,208.0,229.0,0.4611973392461197,0.5077605321507761,115.0,93.0,0.8539823008849557,-0.008216402242568994,0.8690744920993227,,0.1111111111111111,0.1111111111111111,0.7579633809882116,0.13053097345132744,0.01991150442477876,0.8694690265486725,0.9800884955752213,0.0,0.0,0.9601769911504425,0.7389380530973451,0.11061946902654868,443.0,393.0,0.9800884955752213,0.8694690265486725,385.0,58.0,9.0,59.0,0.01991150442477876,0.13053097345132744,8.0,1.0
5,44,dcn,256x128,0.25,6,128,0,0.001,0.0001,1.5,0.01,768,threshold,5,0.64,0.4701888797993134,0.05801118165254593,0.99667616334283,0.9932575807752976,0.998303647158609,,0.9946062567421791,0.9946062567421791,0.003697390416429913,0.43874643874643876,0.44017094017094016,0.5612535612535613,0.5598290598290598,0.0,0.0,0.11965811965811968,0.12250712250712253,0.001424501424501401,1179.0,1182.0,0.5598290598290598,0.5612535612535613,1177.0,2.0,927.0,924.0,0.44017094017094016,0.43874643874643876,5.0,922.0,0.47671840354767187,-0.046531564842960664,0.4773662551440329,,0.47596153846153844,0.47596153846153844,0.001404716682494478,0.5011086474501109,0.4611973392461197,0.49889135254988914,0.5388026607538803,0.0,0.0,0.07760532150776056,0.0022172949002217113,0.039911308203991136,243.0,225.0,0.5388026607538803,0.49889135254988914,116.0,127.0,208.0,226.0,0.4611973392461197,0.5011086474501109,109.0,99.0,0.8672566371681416,-0.00272265434048669,0.8826185101580135,,0.1111111111111111,0.1111111111111111,0.7715073990469024,0.1172566371681416,0.01991150442477876,0.8827433628318584,0.9800884955752213,0.0,0.0,0.9601769911504425,0.7654867256637168,0.09734513274336283,443.0,399.0,0.9800884955752213,0.8827433628318584,391.0,52.0,9.0,53.0,0.01991150442477876,0.1172566371681416,8.0,1.0
41,44,dcn,640x320x160,0.45,2,96,0,0.0015,5e-05,1.2,0.02,768,threshold,3,0.89,0.3864224369678299,0.08785992364088695,0.9458689458689459,0.8934388799989637,0.9957591178965225,,0.8824163969795038,0.8824163969795038,0.11334272091701869,0.39078822412155745,0.44017094017094016,0.6092117758784426,0.5598290598290598,0.0,0.0,0.11965811965811968,0.2184235517568851,0.04938271604938271,1179.0,1283.0,0.5598290598290598,0.6092117758784426,1174.0,5.0,927.0,823.0,0.44017094017094016,0.39078822412155745,109.0,818.0,0.41019955654101997,-0.1779743980709819,0.40329218106995884,,0.4182692307692308,0.40329218106995884,0.014977049699271938,0.5144124168514412,0.4611973392461197,0.48558758314855877,0.5388026607538803,0.0,0.0,0.07760532150776056,0.02882483370288247,0.053215077605321515,243.0,219.0,0.5388026607538803,0.48558758314855877,98.0,145.0,208.0,232.0,0.4611973392461197,0.5144124168514412,121.0,87.0,0.8672566371681416,-0.00272265434048669,0.8826185101580135,,0.1111111111111111,0.1111111111111111,0.7715073990469024,0.1172566371681416,0.01991150442477876,0.8827433628318584,0.9800884955752213,0.0,0.0,0.9601769911504425,0.7654867256637168,0.09734513274336283,443.0,399.0,0.9800884955752213,0.8827433628318584,391.0,52.0,9.0,53.0,0.01991150442477876,0.1172566371681416,8.0,1.0
46,45,dcn,384x192x96,0.45,6,96,0,0.0015,1e-05,1.5,0.02,384,threshold,1,0.88,0.5046212261591665,0.1257554143667221,0.936372269705603,0.8710727662539429,0.9626802374893978,,0.9029126213592233,0.9029126213592233,0.05976761613017445,0.41832858499525166,0.44017094017094016,0.5816714150047484,0.5598290598290598,0.0,0.0,0.11965811965811968,0.16334283000949673,0.0218423551756885,1179.0,1225.0,0.5598290598290598,0.5816714150047484,1135.0,44.0,927.0,881.0,0.44017094017094016,0.41832858499525166,90.0,837.0,0.5099778270509978,0.019843473604077334,0.5102880658436214,,0.5096153846153846,0.5096153846153846,0.0006726812282368266,0.49889135254988914,0.4611973392461197,0.5011086474501109,0.5388026607538803,0.0,0.0,0.07760532150776056,0.0022172949002217113,0.037694013303769425,243.0,226.0,0.5388026607538803,0.5011086474501109,124.0,119.0,208.0,225.0,0.4611973392461197,0.49889135254988914,102.0,106.0,0.8716814159292036,-0.0007752069324406469,0.8871331828442438,,0.1111111111111111,0.1111111111111111,0.7760220717331328,0.11283185840707964,0.01991150442477876,0.8871681415929203,0.9800884955752213,0.0,0.0,0.9601769911504425,0.7743362831858407,0.09292035398230088,443.0,401.0,0.9800884955752213,0.8871681415929203,393.0,50.0,9.0,51.0,0.01991150442477876,0.11283185840707964,8.0,1.0
36,44,dcn,512x256x128,0.4,6,96,0,0.0008,0.0003,1.6,0.05,768,threshold,5,0.78,0.3880615146672057,0.16715340813000998,0.9914529914529915,0.9827700251854933,1.0,,0.9805825242718447,0.9805825242718447,0.01941747572815533,0.43162393162393164,0.44017094017094016,0.5683760683760684,0.5598290598290598,0.0,0.0,0.11965811965811968,0.1367521367521367,0.008547008547008517,1179.0,1197.0,0.5598290598290598,0.5683760683760684,1179.0,0.0,927.0,909.0,0.44017094017094016,0.43162393162393164,18.0,909.0,0.3946784922394678,-0.21009735024277057,0.3950617283950617,,0.3942307692307692,0.3942307692307692,0.0008309591642924885,0.5077605321507761,0.4611973392461197,0.49223946784922396,0.5388026607538803,0.0,0.0,0.07760532150776056,0.015521064301552145,0.04656319290465638,243.0,222.0,0.5388026607538803,0.49223946784922396,96.0,147.0,208.0,229.0,0.4611973392461197,0.5077605321507761,126.0,82.0,0.8805309734513275,0.0033288822962201717,0.8961625282167043,,0.1111111111111111,0.1111111111111111,0.7850514171055931,0.10398230088495575,0.01991150442477876,0.8960176991150443,0.9800884955752213,0.0,0.0,0.9601769911504425,0.7920353982300885,0.08407079646017698,443.0,405.0,0.9800884955752213,0.8960176991150443,397.0,46.0,9.0,47.0,0.01991150442477876,0.10398230088495575,8.0,1.0
33,45,dcn,256x128,0.25,3,128,0,0.0008,5e-05,1.6,0.01,512,threshold,4,0.76,0.32107343411882705,0.04500267580151558,0.9981006647673314,0.996151776212039,1.0,,0.9956850053937433,0.9956850053937433,0.004314994606256728,0.4382716049382716,0.44017094017094016,0.5617283950617284,0.5598290598290598,0.0,0.0,0.11965811965811968,0.12345679012345684,0.001899335232668553,1179.0,1183.0,0.5598290598290598,0.5617283950617284,1179.0,0.0,927.0,923.0,0.44017094017094016,0.4382716049382716,4.0,923.0,0.3303769401330377,-0.33816911628145213,0.3292181069958848,,0.3317307692307692,0.3292181069958848,0.002512662234884444,0.5144124168514412,0.4611973392461197,0.48558758314855877,0.5388026607538803,0.0,0.0,0.07760532150776056,0.02882483370288247,0.053215077605321515,243.0,219.0,0.5388026607538803,0.48558758314855877,80.0,163.0,208.0,232.0,0.4611973392461197,0.5144124168514412,139.0,69.0,0.8827433628318584,0.004403708324424458,0.8984198645598194,,0.1111111111111111,0.1111111111111111,0.7873087534487082,0.10176991150442478,0.01991150442477876,0.8982300884955752,0.9800884955752213,0.0,0.0,0.9601769911504425,0.7964601769911503,0.08185840707964602,443.0,406.0,0.9800884955752213,0.8982300884955752,398.0,45.0,9.0,46.0,0.01991150442477876,0.10176991150442478,8.0,1.0
61,44,dcn,640x320x160,0.3,6,32,0,0.001,5e-05,1.3,0.0,384,threshold,3,0.8,0.47025213218980155,0.0036349849542602897,0.9867046533713201,0.9732098580340502,0.998303647158609,,0.9719525350593312,0.9719525350593312,0.026351112099277763,0.4287749287749288,0.44017094017094016,0.5712250712250713,0.5598290598290598,0.0,0.0,0.11965811965811968,0.14245014245014248,0.011396011396011374,1179.0,1203.0,0.5598290598290598,0.5712250712250713,1177.0,2.0,927.0,903.0,0.44017094017094016,0.4287749287749288,26.0,901.0,0.48558758314855877,-0.0294304620932195,0.4897119341563786,,0.4807692307692308,0.4807692307692308,0.00894270338714781,0.49667405764966743,0.4611973392461197,0.5033259423503326,0.5388026607538803,0.0,0.0,0.07760532150776056,0.006651884700665134,0.03547671840354771,243.0,227.0,0.5388026607538803,0.5033259423503326,119.0,124.0,208.0,224.0,0.4611973392461197,0.49667405764966743,108.0,100.0,0.8915929203539823,0.0089308342314882,0.90744920993228,,0.1111111111111111,0.1111111111111111,0.7963380988211688,0.09292035398230089,0.01991150442477876,0.9070796460176991,0.9800884955752213,0.0,0.0,0.9601769911504425,0.8141592920353982,0.07300884955752213,443.0,410.0,0.9800884955752213,0.9070796460176991,402.0,41.0,9.0,42.0,0.01991150442477876,0.09292035398230089,8.0,1.0
64,44,dcn,512x256x128,0.25,3,64,0,0.0003,0.0005,1.2,0.05,768,threshold,4,0.58,0.4701888797993134,0.1785142868757248,0.9753086419753086,0.9499504298238485,0.9754028837998303,,0.9751887810140237,0.9751887810140237,0.00021410278580658026,0.443019943019943,0.44017094017094016,0.5569800569800569,0.5598290598290598,0.0,0.0,0.11965811965811968,0.1139601139601139,0.0028490028490028574,1179.0,1173.0,0.5598290598290598,0.5569800569800569,1150.0,29.0,927.0,933.0,0.44017094017094016,0.443019943019943,23.0,904.0,0.47671840354767187,-0.046531564842960664,0.4773662551440329,,0.47596153846153844,0.47596153846153844,0.001404716682494478,0.5011086474501109,0.4611973392461197,0.49889135254988914,0.5388026607538803,0.0,0.0,0.07760532150776056,0.0022172949002217113,0.039911308203991136,243.0,225.0,0.5388026607538803,0.49889135254988914,116.0,127.0,208.0,226.0,0.4611973392461197,0.5011086474501109,109.0,99.0,0.9203539823008849,0.027311217871163154,0.9367945823927766,,0.1111111111111111,0.1111111111111111,0.8256834712816654,0.06415929203539823,0.01991150442477876,0.9358407079646017,0.9800884955752213,0.0,0.0,0.9601769911504425,0.8716814159292035,0.04424778761061947,443.0,423.0,0.9800884955752213,0.9358407079646017,415.0,28.0,9.0,29.0,0.01991150442477876,0.06415929203539823,8.0,1.0
19,44,dcn,256x128,0.25,5,128,0,0.0008,5e-05,1.6,0.02,768,threshold,3,0.62,0.37553285618326265,0.0848249023159345,0.9876543209876543,0.9750199666815579,0.9957591178965225,,0.9773462783171522,0.9773462783171522,0.018412839579370344,0.4325735992402659,0.44017094017094016,0.567426400759734,0.5598290598290598,0.0,0.0,0.11965811965811968,0.13485280151946816,0.007597340930674268,1179.0,1195.0,0.5598290598290598,0.567426400759734,1174.0,5.0,927.0,911.0,0.44017094017094016,0.4325735992402659,21.0,906.0,0.3835920177383592,-0.23201307635877433,0.38271604938271603,,0.38461538461538464,0.38271604938271603,0.0018993352326686086,0.5099778270509978,0.4611973392461197,0.49002217294900224,0.5388026607538803,0.0,0.0,0.07760532150776056,0.019955654101995568,0.04878048780487809,243.0,221.0,0.5388026607538803,0.49002217294900224,93.0,150.0,208.0,230.0,0.4611973392461197,0.5099778270509978,128.0,80.0,0.9778761061946902,0.18339268728873354,0.9954853273137697,,0.1111111111111111,0.1111111111111111,0.8843742162026587,0.00663716814159292,0.01991150442477876,0.9933628318584071,0.9800884955752213,0.0,0.0,0.9601769911504425,0.9867256637168142,0.01327433628318584,443.0,449.0,0.9800884955752213,0.9933628318584071,441.0,2.0,9.0,3.0,0.01991150442477876,0.00663716814159292,8.0,1.0
47,44,dcn,640x320x160,0.4,6,96,0,0.001,0.0005,1.6,0.05,384,threshold,8,0.47,0.41909981792773116,0.1550712784131368,1.0,1.0,1.0,,1.0,1.0,0.0,0.44017094017094016,0.44017094017094016,0.5598290598290598,0.5598290598290598,0.0,0.0,0.11965811965811968,0.11965811965811968,0.0,1179.0,1179.0,0.5598290598290598,0.5598290598290598,1179.0,0.0,927.0,927.0,0.44017094017094016,0.44017094017094016,0.0,927.0,0.43015521064301554,-0.13892070801967984,0.4279835390946502,,0.4326923076923077,0.4279835390946502,0.004708768597657509,0.5077605321507761,0.4611973392461197,0.49223946784922396,0.5388026607538803,0.0,0.0,0.07760532150776056,0.015521064301552145,0.04656319290465638,243.0,222.0,0.5388026607538803,0.49223946784922396,104.0,139.0,208.0,229.0,0.4611973392461197,0.5077605321507761,118.0,90.0,0.08628318584070796,-0.37107036986334513,0.08577878103837472,,0.1111111111111111,0.08577878103837472,0.025332330072736386,0.8982300884955752,0.01991150442477876,0.10176991150442478,0.9800884955752213,0.0,0.0,0.9601769911504425,0.7964601769911503,0.8783185840707964,443.0,46.0,0.9800884955752213,0.10176991150442478,38.0,405.0,9.0,406.0,0.01991150442477876,0.8982300884955752,8.0,1.0
43,45,dcn,512x256x128,0.45,3,128,0,0.0005,0.0001,1.6,0.01,768,threshold,1,0.54,0.33922593491021674,0.08600707352161407,0.8812915479582146,0.7601842679516628,0.8821034775233249,,0.8802588996763754,0.8802588996763754,0.001844577846949469,0.45346628679962014,0.44017094017094016,0.5465337132003799,0.5598290598290598,0.0,0.0,0.11965811965811968,0.09306742640075977,0.013295346628679983,1179.0,1151.0,0.5598290598290598,0.5465337132003799,1040.0,139.0,927.0,955.0,0.44017094017094016,0.45346628679962014,111.0,816.0,0.352549889135255,-0.2936705834452104,0.3497942386831276,,0.3557692307692308,0.3497942386831276,0.0059749920861031924,0.5144124168514412,0.4611973392461197,0.48558758314855877,0.5388026607538803,0.0,0.0,0.07760532150776056,0.02882483370288247,0.053215077605321515,243.0,219.0,0.5388026607538803,0.48558758314855877,85.0,158.0,208.0,232.0,0.4611973392461197,0.5144124168514412,134.0,74.0,0.0752212389380531,-0.43958900146552776,0.07674943566591422,,0.0,0.0,0.07674943566591422,0.9048672566371682,0.01991150442477876,0.09513274336283185,0.9800884955752213,0.0,0.0,0.9601769911504425,0.8097345132743363,0.8849557522123894,443.0,43.0,0.9800884955752213,0.09513274336283185,34.0,409.0,9.0,409.0,0.01991150442477876,0.9048672566371682,9.0,0.0
12,45,dcn,640x320x160,0.45,2,128,0,0.0003,5e-05,1.3,0.02,512,threshold,5,0.48,0.4013241870796071,0.1212636724114418,0.9876543209876543,0.9750495706257026,0.9838846480067854,,0.9924487594390508,0.9838846480067854,0.00856411143226532,0.4458689458689459,0.44017094017094016,0.5541310541310541,0.5598290598290598,0.0,0.0,0.11965811965811968,0.10826210826210825,0.005698005698005715,1179.0,1167.0,0.5598290598290598,0.5541310541310541,1160.0,19.0,927.0,939.0,0.44017094017094016,0.4458689458689459,7.0,920.0,0.41019955654101997,-0.17929221976116227,0.411522633744856,,0.40865384615384615,0.40865384615384615,0.002868787591009836,0.5055432372505543,0.4611973392461197,0.49445676274944567,0.5388026607538803,0.0,0.0,0.07760532150776056,0.011086474501108612,0.04434589800443456,243.0,223.0,0.5388026607538803,0.49445676274944567,100.0,143.0,208.0,228.0,0.4611973392461197,0.5055432372505543,123.0,85.0,0.10398230088495575,-0.37902946377327373,0.10609480812641084,,0.0,0.0,0.10609480812641084,0.8761061946902655,0.01991150442477876,0.12389380530973451,0.9800884955752213,0.0,0.0,0.9601769911504425,0.752212389380531,0.8561946902654868,443.0,56.0,0.9800884955752213,0.12389380530973451,47.0,396.0,9.0,396.0,0.01991150442477876,0.8761061946902655,9.0,0.0
3,45,dcn,256x128,0.3,2,32,0,0.0005,0.0005,1.5,0.02,768,threshold,1,0.36,0.4953432007869678,0.15240690112113953,0.808641975308642,0.6247886919432588,0.7650551314673452,,0.8640776699029126,0.7650551314673452,0.09902253843556741,0.5118708452041786,0.44017094017094016,0.4881291547958215,0.5598290598290598,0.0,0.0,0.11965811965811968,0.023741690408357108,0.07169990503323842,1179.0,1028.0,0.5598290598290598,0.4881291547958215,902.0,277.0,927.0,1078.0,0.44017094017094016,0.5118708452041786,126.0,801.0,0.5033259423503326,0.0068446176348059985,0.5020576131687243,,0.5048076923076923,0.5020576131687243,0.0027500791389679646,0.5011086474501109,0.4611973392461197,0.49889135254988914,0.5388026607538803,0.0,0.0,0.07760532150776056,0.0022172949002217113,0.039911308203991136,243.0,225.0,0.5388026607538803,0.49889135254988914,122.0,121.0,208.0,226.0,0.4611973392461197,0.5011086474501109,103.0,105.0,0.1172566371681416,-0.35748337575455497,0.11963882618510158,,0.0,0.0,0.11963882618510158,0.8628318584070797,0.01991150442477876,0.13716814159292035,0.9800884955752213,0.0,0.0,0.9601769911504425,0.7256637168141593,0.8429203539823009,443.0,62.0,0.9800884955752213,0.13716814159292035,53.0,390.0,9.0,390.0,0.01991150442477876,0.8628318584070797,9.0,0.0
11,45,dcn,640x320x160,0.45,4,128,0,0.0015,0.0003,1.3,0.0,384,threshold,3,0.45,0.4299922782476983,0.01674618214989702,0.9829059829059829,0.9654276143861331,0.9796437659033079,,0.9870550161812298,0.9796437659033079,0.007411250277921888,0.4458689458689459,0.44017094017094016,0.5541310541310541,0.5598290598290598,0.0,0.0,0.11965811965811968,0.10826210826210825,0.005698005698005715,1179.0,1167.0,0.5598290598290598,0.5541310541310541,1155.0,24.0,927.0,939.0,0.44017094017094016,0.4458689458689459,12.0,915.0,0.43680709534368073,-0.125912887967378,0.43621399176954734,,0.4375,0.43621399176954734,0.001286008230452662,0.5055432372505543,0.4611973392461197,0.49445676274944567,0.5388026607538803,0.0,0.0,0.07760532150776056,0.011086474501108612,0.04434589800443456,243.0,223.0,0.5388026607538803,0.49445676274944567,106.0,137.0,208.0,228.0,0.4611973392461197,0.5055432372505543,117.0,91.0,0.1172566371681416,-0.35748337575455497,0.11963882618510158,,0.0,0.0,0.11963882618510158,0.8628318584070797,0.01991150442477876,0.13716814159292035,0.9800884955752213,0.0,0.0,0.9601769911504425,0.7256637168141593,0.8429203539823009,443.0,62.0,0.9800884955752213,0.13716814159292035,53.0,390.0,9.0,390.0,0.01991150442477876,0.8628318584070797,9.0,0.0
6,45,dcn,640x320x160,0.35,3,64,0,0.0015,0.0003,1.6,0.02,512,threshold,7,0.46,0.42636177808942033,0.07278376519680023,0.9990503323836657,0.9980753712152771,0.998303647158609,,1.0,0.998303647158609,0.0016963528413910245,0.44112060778727447,0.44017094017094016,0.5588793922127255,0.5598290598290598,0.0,0.0,0.11965811965811968,0.11775878442545107,0.0009496676163343043,1179.0,1177.0,0.5598290598290598,0.5588793922127255,1177.0,2.0,927.0,929.0,0.44017094017094016,0.44112060778727447,0.0,927.0,0.43237250554323725,-0.13480944326634206,0.43209876543209874,,0.4326923076923077,0.43209876543209874,0.0005935422602089679,0.5055432372505543,0.4611973392461197,0.49445676274944567,0.5388026607538803,0.0,0.0,0.07760532150776056,0.011086474501108612,0.04434589800443456,243.0,223.0,0.5388026607538803,0.49445676274944567,105.0,138.0,208.0,228.0,0.4611973392461197,0.5055432372505543,118.0,90.0,0.14601769911504425,-0.31956516731729107,0.1489841986455982,,0.0,0.0,0.1489841986455982,0.834070796460177,0.01991150442477876,0.16592920353982302,0.9800884955752213,0.0,0.0,0.9601769911504425,0.668141592920354,0.8141592920353983,443.0,75.0,0.9800884955752213,0.16592920353982302,66.0,377.0,9.0,377.0,0.01991150442477876,0.834070796460177,9.0,0.0
25,44,dcn,640x320x160,0.45,2,48,0,0.0015,1e-05,1.5,0.05,768,threshold,2,0.58,0.5073623139883302,0.16318718592325845,0.956315289648623,0.9115446594445442,0.9558948261238338,,0.9568500539374326,0.9558948261238338,0.0009552278135988024,0.4458689458689459,0.44017094017094016,0.5541310541310541,0.5598290598290598,0.0,0.0,0.11965811965811968,0.10826210826210825,0.005698005698005715,1179.0,1167.0,0.5598290598290598,0.5541310541310541,1127.0,52.0,927.0,939.0,0.44017094017094016,0.4458689458689459,40.0,887.0,0.5254988913525499,0.04994990524081644,0.5308641975308642,,0.5192307692307693,0.5192307692307693,0.01163342830009495,0.49223946784922396,0.4611973392461197,0.5077605321507761,0.5388026607538803,0.0,0.0,0.07760532150776056,0.015521064301552145,0.031042128603104235,243.0,229.0,0.5388026607538803,0.5077605321507761,129.0,114.0,208.0,222.0,0.4611973392461197,0.49223946784922396,100.0,108.0,0.15265486725663716,-0.3121101492554764,0.15575620767494355,,0.0,0.0,0.15575620767494355,0.827433628318584,0.01991150442477876,0.17256637168141592,0.9800884955752213,0.0,0.0,0.9601769911504425,0.654867256637168,0.8075221238938053,443.0,78.0,0.9800884955752213,0.17256637168141592,69.0,374.0,9.0,374.0,0.01991150442477876,0.827433628318584,9.0,0.0
23,44,dcn,384x192x96,0.25,4,128,0,0.0003,5e-05,1.5,0.02,512,threshold,8,0.54,0.4092944410051456,0.0803895503282547,0.9981006647673314,0.9961471112817141,0.9991518235793045,,0.9967637540453075,0.9967637540453075,0.0023880695339970615,0.4392212725546059,0.44017094017094016,0.5607787274453941,0.5598290598290598,0.0,0.0,0.11965811965811968,0.12155745489078823,0.0009496676163342488,1179.0,1181.0,0.5598290598290598,0.5607787274453941,1178.0,1.0,927.0,925.0,0.44017094017094016,0.4392212725546059,3.0,924.0,0.4212860310421286,-0.15738985056420804,0.42386831275720166,,0.4182692307692308,0.4182692307692308,0.0055990819879708775,0.5033259423503326,0.4611973392461197,0.49667405764966743,0.5388026607538803,0.0,0.0,0.07760532150776056,0.006651884700665134,0.04212860310421285,243.0,224.0,0.5388026607538803,0.49667405764966743,103.0,140.0,208.0,227.0,0.4611973392461197,0.5033259423503326,121.0,87.0,0.16371681415929204,-0.3005339424225091,0.1670428893905192,,0.0,0.0,0.1670428893905192,0.8163716814159292,0.01991150442477876,0.1836283185840708,0.9800884955752213,0.0,0.0,0.9601769911504425,0.6327433628318584,0.7964601769911505,443.0,83.0,0.9800884955752213,0.1836283185840708,74.0,369.0,9.0,369.0,0.01991150442477876,0.8163716814159292,9.0,0.0
59,45,dcn,512x256x128,0.45,6,64,0,0.001,0.0005,1.2,0.02,384,threshold,2,0.5,0.4224938610270588,0.09311492120226224,0.9810066476733144,0.9614509093362195,0.9855810008481765,,0.9751887810140237,0.9751887810140237,0.010392219834152727,0.4373219373219373,0.44017094017094016,0.5626780626780626,0.5598290598290598,0.0,0.0,0.11965811965811968,0.12535612535612534,0.0028490028490028574,1179.0,1185.0,0.5598290598290598,0.5626780626780626,1162.0,17.0,927.0,921.0,0.44017094017094016,0.4373219373219373,23.0,904.0,0.4279379157427938,-0.1437059985653061,0.4279835390946502,,0.42788461538461536,0.42788461538461536,9.892371003483724e-05,0.5055432372505543,0.4611973392461197,0.49445676274944567,0.5388026607538803,0.0,0.0,0.07760532150776056,0.011086474501108612,0.04434589800443456,243.0,223.0,0.5388026607538803,0.49445676274944567,104.0,139.0,208.0,228.0,0.4611973392461197,0.5055432372505543,119.0,89.0,0.16371681415929204,-0.3005339424225091,0.1670428893905192,,0.0,0.0,0.1670428893905192,0.8163716814159292,0.01991150442477876,0.1836283185840708,0.9800884955752213,0.0,0.0,0.9601769911504425,0.6327433628318584,0.7964601769911505,443.0,83.0,0.9800884955752213,0.1836283185840708,74.0,369.0,9.0,369.0,0.01991150442477876,0.8163716814159292,9.0,0.0
65,45,dcn,256x128,0.35,5,128,0,0.0015,1e-05,1.4,0.02,768,threshold,2,0.35,0.5125914800847051,0.1027337114016215,0.9567901234567902,0.9146192536305748,0.9346904156064462,,0.9848975188781014,0.9346904156064462,0.05020710327165523,0.4700854700854701,0.44017094017094016,0.5299145299145299,0.5598290598290598,0.0,0.0,0.11965811965811968,0.05982905982905984,0.02991452991452992,1179.0,1116.0,0.5598290598290598,0.5299145299145299,1102.0,77.0,927.0,990.0,0.44017094017094016,0.4700854700854701,14.0,913.0,0.5210643015521065,0.04173918082389575,0.522633744855967,,0.5192307692307693,0.5192307692307693,0.003402975625197757,0.49667405764966743,0.4611973392461197,0.5033259423503326,0.5388026607538803,0.0,0.0,0.07760532150776056,0.006651884700665134,0.03547671840354771,243.0,227.0,0.5388026607538803,0.5033259423503326,127.0,116.0,208.0,224.0,0.4611973392461197,0.49667405764966743,100.0,108.0,0.168141592920354,-0.2961712926730717,0.17155756207674944,,0.0,0.0,0.17155756207674944,0.8119469026548672,0.01991150442477876,0.18805309734513273,0.9800884955752213,0.0,0.0,0.9601769911504425,0.6238938053097345,0.7920353982300885,443.0,85.0,0.9800884955752213,0.18805309734513273,76.0,367.0,9.0,367.0,0.01991150442477876,0.8119469026548672,9.0,0.0
27,44,dcn,384x192x96,0.45,3,96,0,0.001,5e-05,1.5,0.02,512,threshold,5,0.42,0.507299061597842,0.08921488970518113,0.9976258309591642,0.9951885070575938,0.996607294317218,,0.9989212513484358,0.996607294317218,0.0023139570312178392,0.4415954415954416,0.44017094017094016,0.5584045584045584,0.5598290598290598,0.0,0.0,0.11965811965811968,0.11680911680911676,0.0014245014245014564,1179.0,1176.0,0.5598290598290598,0.5584045584045584,1175.0,4.0,927.0,930.0,0.44017094017094016,0.4415954415954416,1.0,926.0,0.516629711751663,0.032842975459256345,0.5185185185185185,,0.5144230769230769,0.5144230769230769,0.004095441595441618,0.49667405764966743,0.4611973392461197,0.5033259423503326,0.5388026607538803,0.0,0.0,0.07760532150776056,0.006651884700665134,0.03547671840354771,243.0,227.0,0.5388026607538803,0.5033259423503326,126.0,117.0,208.0,224.0,0.4611973392461197,0.49667405764966743,101.0,107.0,0.17920353982300885,-0.28585936336032003,0.18284424379232506,,0.0,0.0,0.18284424379232506,0.8008849557522124,0.01991150442477876,0.19911504424778761,0.9800884955752213,0.0,0.0,0.9601769911504425,0.6017699115044248,0.7809734513274337,443.0,90.0,0.9800884955752213,0.19911504424778761,81.0,362.0,9.0,362.0,0.01991150442477876,0.8008849557522124,9.0,0.0
61,45,dcn,640x320x160,0.3,6,32,0,0.001,5e-05,1.3,0.0,384,threshold,4,0.59,0.4154693177694533,0.005071023071650416,0.9962013295346629,0.9922923651817162,0.9974554707379135,,0.9946062567421791,0.9946062567421791,0.0028492139957344564,0.4392212725546059,0.44017094017094016,0.5607787274453941,0.5598290598290598,0.0,0.0,0.11965811965811968,0.12155745489078823,0.0009496676163342488,1179.0,1181.0,0.5598290598290598,0.5607787274453941,1176.0,3.0,927.0,925.0,0.44017094017094016,0.4392212725546059,5.0,922.0,0.42572062084257206,-0.14781778829756617,0.42386831275720166,,0.42788461538461536,0.42386831275720166,0.004016302627413704,0.5077605321507761,0.4611973392461197,0.49223946784922396,0.5388026607538803,0.0,0.0,0.07760532150776056,0.015521064301552145,0.04656319290465638,243.0,222.0,0.5388026607538803,0.49223946784922396,103.0,140.0,208.0,229.0,0.4611973392461197,0.5077605321507761,119.0,89.0,0.2323008849557522,-0.24542868252995165,0.23702031602708803,,0.0,0.0,0.23702031602708803,0.7477876106194691,0.01991150442477876,0.252212389380531,0.9800884955752213,0.0,0.0,0.9601769911504425,0.4955752212389381,0.7278761061946903,443.0,114.0,0.9800884955752213,0.252212389380531,105.0,338.0,9.0,338.0,0.01991150442477876,0.7477876106194691,9.0,0.0
19,45,dcn,256x128,0.25,5,128,0,0.0008,5e-05,1.6,0.02,768,threshold,5,0.6,0.5026042011035237,0.08281924327214558,0.9976258309591642,0.9951885070575938,0.996607294317218,,0.9989212513484358,0.996607294317218,0.0023139570312178392,0.4415954415954416,0.44017094017094016,0.5584045584045584,0.5598290598290598,0.0,0.0,0.11965811965811968,0.11680911680911676,0.0014245014245014564,1179.0,1176.0,0.5598290598290598,0.5584045584045584,1175.0,4.0,927.0,930.0,0.44017094017094016,0.4415954415954416,1.0,926.0,0.5121951219512195,0.024636678460728218,0.5102880658436214,,0.5144230769230769,0.5102880658436214,0.004135011079455464,0.5011086474501109,0.4611973392461197,0.49889135254988914,0.5388026607538803,0.0,0.0,0.07760532150776056,0.0022172949002217113,0.039911308203991136,243.0,225.0,0.5388026607538803,0.49889135254988914,124.0,119.0,208.0,226.0,0.4611973392461197,0.5011086474501109,101.0,107.0,0.23672566371681417,-0.2425828173830206,0.24153498871331827,,0.0,0.0,0.24153498871331827,0.7433628318584071,0.01991150442477876,0.25663716814159293,0.9800884955752213,0.0,0.0,0.9601769911504425,0.4867256637168142,0.7234513274336284,443.0,116.0,0.9800884955752213,0.25663716814159293,107.0,336.0,9.0,336.0,0.01991150442477876,0.7433628318584071,9.0,0.0
30,44,dcn,512x256x128,0.35,4,64,0,0.0008,0.0003,1.3,0.01,768,threshold,8,0.61,0.4224938610270588,0.05303800851106644,1.0,1.0,1.0,,1.0,1.0,0.0,0.44017094017094016,0.44017094017094016,0.5598290598290598,0.5598290598290598,0.0,0.0,0.11965811965811968,0.11965811965811968,0.0,1179.0,1179.0,0.5598290598290598,0.5598290598290598,1179.0,0.0,927.0,927.0,0.44017094017094016,0.44017094017094016,0.0,927.0,0.4279379157427938,-0.1437059985653061,0.4279835390946502,,0.42788461538461536,0.42788461538461536,9.892371003483724e-05,0.5055432372505543,0.4611973392461197,0.49445676274944567,0.5388026607538803,0.0,0.0,0.07760532150776056,0.011086474501108612,0.04434589800443456,243.0,223.0,0.5388026607538803,0.49445676274944567,104.0,139.0,208.0,228.0,0.4611973392461197,0.5055432372505543,119.0,89.0,0.2411504424778761,-0.23980134870848271,0.24604966139954854,,0.0,0.0,0.24604966139954854,0.7389380530973452,0.01991150442477876,0.2610619469026549,0.9800884955752213,0.0,0.0,0.9601769911504425,0.4778761061946903,0.7190265486725664,443.0,118.0,0.9800884955752213,0.2610619469026549,109.0,334.0,9.0,334.0,0.01991150442477876,0.7389380530973452,9.0,0.0
10,44,dcn,256x128,0.4,6,32,0,0.0003,0.0005,1.5,0.01,512,threshold,4,0.89,0.46629823967561096,0.0738950677216053,0.9183285849952516,0.842816450641805,0.9991518235793045,,0.8155339805825242,0.8155339805825242,0.1836178429967803,0.35944919278252613,0.44017094017094016,0.6405508072174739,0.5598290598290598,0.0,0.0,0.11965811965811968,0.2811016144349478,0.08072174738841403,1179.0,1349.0,0.5598290598290598,0.6405508072174739,1178.0,1.0,927.0,757.0,0.44017094017094016,0.35944919278252613,171.0,756.0,0.4745011086474501,-0.05063538618853516,0.4732510288065844,,0.47596153846153844,0.4732510288065844,0.002710509654954063,0.5033259423503326,0.4611973392461197,0.49667405764966743,0.5388026607538803,0.0,0.0,0.07760532150776056,0.006651884700665134,0.04212860310421285,243.0,224.0,0.5388026607538803,0.49667405764966743,115.0,128.0,208.0,227.0,0.4611973392461197,0.5033259423503326,109.0,99.0,0.24557522123893805,-0.2370815786676953,0.2505643340857788,,0.0,0.0,0.2505643340857788,0.7345132743362832,0.01991150442477876,0.26548672566371684,0.9800884955752213,0.0,0.0,0.9601769911504425,0.4690265486725664,0.7146017699115045,443.0,120.0,0.9800884955752213,0.26548672566371684,111.0,332.0,9.0,332.0,0.01991150442477876,0.7345132743362832,9.0,0.0
57,45,dcn,512x256x128,0.45,3,128,0,0.001,0.0001,1.6,0.01,512,threshold,6,0.67,0.40661660556647006,0.06113887503743172,1.0,1.0,1.0,,1.0,1.0,0.0,0.44017094017094016,0.44017094017094016,0.5598290598290598,0.5598290598290598,0.0,0.0,0.11965811965811968,0.11965811965811968,0.0,1179.0,1179.0,0.5598290598290598,0.5598290598290598,1179.0,0.0,927.0,927.0,0.44017094017094016,0.44017094017094016,0.0,927.0,0.4146341463414634,-0.17039566446219823,0.4156378600823045,,0.41346153846153844,0.41346153846153844,0.0021763216207660863,0.5055432372505543,0.4611973392461197,0.49445676274944567,0.5388026607538803,0.0,0.0,0.07760532150776056,0.011086474501108612,0.04434589800443456,243.0,223.0,0.5388026607538803,0.49445676274944567,101.0,142.0,208.0,228.0,0.4611973392461197,0.5055432372505543,122.0,86.0,0.25663716814159293,-0.23053573879618422,0.2618510158013544,,0.0,0.0,0.2618510158013544,0.7234513274336283,0.01991150442477876,0.27654867256637167,0.9800884955752213,0.0,0.0,0.9601769911504425,0.4469026548672566,0.7035398230088495,443.0,125.0,0.9800884955752213,0.27654867256637167,116.0,327.0,9.0,327.0,0.01991150442477876,0.7234513274336283,9.0,0.0
32,44,dcn,512x256x128,0.25,6,128,0,0.0005,0.0001,1.4,0.01,768,threshold,8,0.46,0.41909981792773116,0.053752691795428596,1.0,1.0,1.0,,1.0,1.0,0.0,0.44017094017094016,0.44017094017094016,0.5598290598290598,0.5598290598290598,0.0,0.0,0.11965811965811968,0.11965811965811968,0.0,1179.0,1179.0,0.5598290598290598,0.5598290598290598,1179.0,0.0,927.0,927.0,0.44017094017094016,0.44017094017094016,0.0,927.0,0.43015521064301554,-0.13892070801967984,0.4279835390946502,,0.4326923076923077,0.4279835390946502,0.004708768597657509,0.5077605321507761,0.4611973392461197,0.49223946784922396,0.5388026607538803,0.0,0.0,0.07760532150776056,0.015521064301552145,0.04656319290465638,243.0,222.0,0.5388026607538803,0.49223946784922396,104.0,139.0,208.0,229.0,0.4611973392461197,0.5077605321507761,118.0,90.0,0.2743362831858407,-0.2207440023978295,0.2799097065462754,,0.0,0.0,0.2799097065462754,0.7057522123893806,0.01991150442477876,0.2942477876106195,0.9800884955752213,0.0,0.0,0.9601769911504425,0.4115044247787611,0.6858407079646018,443.0,133.0,0.9800884955752213,0.2942477876106195,124.0,319.0,9.0,319.0,0.01991150442477876,0.7057522123893806,9.0,0.0
36,45,dcn,512x256x128,0.4,6,96,0,0.0008,0.0003,1.6,0.05,768,threshold,4,0.59,0.4993288076723036,0.16132357716560364,0.99667616334283,0.99325544574657,0.9974554707379135,,0.9956850053937433,0.9956850053937433,0.0017704653441702467,0.439696106362773,0.44017094017094016,0.560303893637227,0.5598290598290598,0.0,0.0,0.11965811965811968,0.12060778727445398,0.00047483380816715215,1179.0,1180.0,0.5598290598290598,0.560303893637227,1176.0,3.0,927.0,926.0,0.44017094017094016,0.439696106362773,4.0,923.0,0.5055432372505543,0.010947443191116223,0.5061728395061729,,0.5048076923076923,0.5048076923076923,0.0013651471984805763,0.49889135254988914,0.4611973392461197,0.5011086474501109,0.5388026607538803,0.0,0.0,0.07760532150776056,0.0022172949002217113,0.037694013303769425,243.0,226.0,0.5388026607538803,0.5011086474501109,123.0,120.0,208.0,225.0,0.4611973392461197,0.49889135254988914,103.0,105.0,0.2743362831858407,-0.2207440023978295,0.2799097065462754,,0.0,0.0,0.2799097065462754,0.7057522123893806,0.01991150442477876,0.2942477876106195,0.9800884955752213,0.0,0.0,0.9601769911504425,0.4115044247787611,0.6858407079646018,443.0,133.0,0.9800884955752213,0.2942477876106195,124.0,319.0,9.0,319.0,0.01991150442477876,0.7057522123893806,9.0,0.0
64,45,dcn,512x256x128,0.25,3,64,0,0.0003,0.0005,1.2,0.05,768,threshold,1,0.66,0.3563070037460281,0.20327048003673553,0.7815764482431149,0.5744682925692103,0.9525021204410518,,0.564185544768069,0.564185544768069,0.3883165756729827,0.27492877492877493,0.44017094017094016,0.7250712250712251,0.5598290598290598,0.0,0.0,0.11965811965811968,0.4501424501424502,0.16524216524216523,1179.0,1527.0,0.5598290598290598,0.7250712250712251,1123.0,56.0,927.0,579.0,0.44017094017094016,0.27492877492877493,404.0,523.0,0.36807095343680707,-0.2634798319100886,0.37037037037037035,,0.36538461538461536,0.36538461538461536,0.0049857549857549865,0.5077605321507761,0.4611973392461197,0.49223946784922396,0.5388026607538803,0.0,0.0,0.07760532150776056,0.015521064301552145,0.04656319290465638,243.0,222.0,0.5388026607538803,0.49223946784922396,90.0,153.0,208.0,229.0,0.4611973392461197,0.5077605321507761,132.0,76.0,0.2809734513274336,-0.21726685543188679,0.2866817155756208,,0.0,0.0,0.2866817155756208,0.6991150442477876,0.01991150442477876,0.3008849557522124,0.9800884955752213,0.0,0.0,0.9601769911504425,0.3982300884955752,0.6792035398230089,443.0,136.0,0.9800884955752213,0.3008849557522124,127.0,316.0,9.0,316.0,0.01991150442477876,0.6991150442477876,9.0,0.0
66,44,dcn,256x128,0.45,2,48,0,0.0008,0.0003,1.5,0.01,512,threshold,1,0.28,0.5417314079576953,0.08903901875019074,0.8812915479582146,0.7685651636619723,0.8388464800678541,,0.9352750809061489,0.8388464800678541,0.09642860083829474,0.5018993352326686,0.44017094017094016,0.49810066476733145,0.5598290598290598,0.0,0.0,0.11965811965811968,0.0037986704653371617,0.06172839506172845,1179.0,1049.0,0.5598290598290598,0.49810066476733145,989.0,190.0,927.0,1057.0,0.44017094017094016,0.5018993352326686,60.0,867.0,0.549889135254989,0.09922322207048588,0.551440329218107,,0.5480769230769231,0.5480769230769231,0.003363406141183911,0.49445676274944567,0.4611973392461197,0.5055432372505543,0.5388026607538803,0.0,0.0,0.07760532150776056,0.011086474501108612,0.03325942350332595,243.0,228.0,0.5388026607538803,0.5055432372505543,134.0,109.0,208.0,223.0,0.4611973392461197,0.49445676274944567,94.0,114.0,0.2920353982300885,-0.21168497309085693,0.2979683972911964,,0.0,0.0,0.2979683972911964,0.6880530973451328,0.01991150442477876,0.31194690265486724,0.9800884955752213,0.0,0.0,0.9601769911504425,0.3761061946902655,0.668141592920354,443.0,141.0,0.9800884955752213,0.31194690265486724,132.0,311.0,9.0,311.0,0.01991150442477876,0.6880530973451328,9.0,0.0
26,45,dcn,640x320x160,0.3,6,32,0,0.0003,1e-05,1.5,0.0,512,threshold,5,0.75,0.43046411495259734,0.042390914633870125,0.9829059829059829,0.9656493769737797,0.998303647158609,,0.9633225458468176,0.9633225458468176,0.03498110131179133,0.4249762583095916,0.44017094017094016,0.5750237416904084,0.5598290598290598,0.0,0.0,0.11965811965811968,0.15004748338081675,0.015194681861348536,1179.0,1211.0,0.5598290598290598,0.5750237416904084,1177.0,2.0,927.0,895.0,0.44017094017094016,0.4249762583095916,34.0,893.0,0.43902439024390244,-0.12180502910565041,0.4403292181069959,,0.4375,0.4375,0.002829218106995879,0.5033259423503326,0.4611973392461197,0.49667405764966743,0.5388026607538803,0.0,0.0,0.07760532150776056,0.006651884700665134,0.04212860310421285,243.0,224.0,0.5388026607538803,0.49667405764966743,107.0,136.0,208.0,227.0,0.4611973392461197,0.5033259423503326,117.0,91.0,0.31194690265486724,-0.20224473920783712,0.3182844243792325,,0.0,0.0,0.3182844243792325,0.668141592920354,0.01991150442477876,0.33185840707964603,0.9800884955752213,0.0,0.0,0.9601769911504425,0.336283185840708,0.6482300884955753,443.0,150.0,0.9800884955752213,0.33185840707964603,141.0,302.0,9.0,302.0,0.01991150442477876,0.668141592920354,9.0,0.0
58,44,dcn,512x256x128,0.25,6,32,0,0.001,0.0005,1.2,0.05,384,threshold,2,0.65,0.40094731713634146,0.1388846958676974,0.9767331433998101,0.9529319455716089,0.989821882951654,,0.9600862998921251,0.9600862998921251,0.029735583059528836,0.42830009496676164,0.44017094017094016,0.5716999050332384,0.5598290598290598,0.0,0.0,0.11965811965811968,0.14339981006647678,0.011870845204178526,1179.0,1204.0,0.5598290598290598,0.5716999050332384,1167.0,12.0,927.0,902.0,0.44017094017094016,0.42830009496676164,37.0,890.0,0.4079822616407982,-0.18340610940911153,0.4074074074074074,,0.40865384615384615,0.4074074074074074,0.0012464387464387605,0.5077605321507761,0.4611973392461197,0.49223946784922396,0.5388026607538803,0.0,0.0,0.07760532150776056,0.015521064301552145,0.04656319290465638,243.0,222.0,0.5388026607538803,0.49223946784922396,99.0,144.0,208.0,229.0,0.4611973392461197,0.5077605321507761,123.0,85.0,0.3252212389380531,-0.19633736040326052,0.33182844243792325,,0.0,0.0,0.33182844243792325,0.6548672566371682,0.01991150442477876,0.34513274336283184,0.9800884955752213,0.0,0.0,0.9601769911504425,0.3097345132743363,0.6349557522123894,443.0,156.0,0.9800884955752213,0.34513274336283184,147.0,296.0,9.0,296.0,0.01991150442477876,0.6548672566371682,9.0,0.0
9,45,dcn,512x256x128,0.25,6,64,0,0.0003,1e-05,1.3,0.01,384,threshold,1,0.75,0.46629823967561096,0.05586648794511954,0.8808167141500475,0.7716894433470347,0.9906700593723494,,0.7411003236245954,0.7411003236245954,0.24956973574775398,0.33143399810066476,0.44017094017094016,0.6685660018993352,0.5598290598290598,0.0,0.0,0.11965811965811968,0.3371320037986705,0.1087369420702754,1179.0,1408.0,0.5598290598290598,0.6685660018993352,1168.0,11.0,927.0,698.0,0.44017094017094016,0.33143399810066476,240.0,687.0,0.4745011086474501,-0.05063538618853516,0.4732510288065844,,0.47596153846153844,0.4732510288065844,0.002710509654954063,0.5033259423503326,0.4611973392461197,0.49667405764966743,0.5388026607538803,0.0,0.0,0.07760532150776056,0.006651884700665134,0.04212860310421285,243.0,224.0,0.5388026607538803,0.49667405764966743,115.0,128.0,208.0,227.0,0.4611973392461197,0.5033259423503326,109.0,99.0,0.33185840707964603,-0.19348826913874018,0.33860045146726864,,0.0,0.0,0.33860045146726864,0.6482300884955752,0.01991150442477876,0.35176991150442477,0.9800884955752213,0.0,0.0,0.9601769911504425,0.2964601769911504,0.6283185840707964,443.0,159.0,0.9800884955752213,0.35176991150442477,150.0,293.0,9.0,293.0,0.01991150442477876,0.6482300884955752,9.0,0.0
63,44,dcn,256x128,0.25,5,96,0,0.0008,5e-05,1.2,0.0,384,threshold,8,0.86,0.4013241870796071,0.0013580450710530083,0.9990503323836657,0.998074484331713,1.0,,0.9978425026968716,0.9978425026968716,0.0021574973031284195,0.4392212725546059,0.44017094017094016,0.5607787274453941,0.5598290598290598,0.0,0.0,0.11965811965811968,0.12155745489078823,0.0009496676163342488,1179.0,1181.0,0.5598290598290598,0.5607787274453941,1179.0,0.0,927.0,925.0,0.44017094017094016,0.4392212725546059,2.0,925.0,0.41019955654101997,-0.17929221976116227,0.411522633744856,,0.40865384615384615,0.40865384615384615,0.002868787591009836,0.5055432372505543,0.4611973392461197,0.49445676274944567,0.5388026607538803,0.0,0.0,0.07760532150776056,0.011086474501108612,0.04434589800443456,243.0,223.0,0.5388026607538803,0.49445676274944567,100.0,143.0,208.0,228.0,0.4611973392461197,0.5055432372505543,123.0,85.0,0.33849557522123896,-0.19070447461734347,0.345372460496614,,0.0,0.0,0.345372460496614,0.6415929203539823,0.01991150442477876,0.3584070796460177,0.9800884955752213,0.0,0.0,0.9601769911504425,0.2831858407079646,0.6216814159292036,443.0,162.0,0.9800884955752213,0.3584070796460177,153.0,290.0,9.0,290.0,0.01991150442477876,0.6415929203539823,9.0,0.0
67,44,dcn,384x192x96,0.45,3,96,0,0.0008,1e-05,1.4,0.01,768,threshold,8,0.62,0.4993288076723036,0.06989296029011409,0.9990503323836657,0.998074484331713,1.0,,0.9978425026968716,0.9978425026968716,0.0021574973031284195,0.4392212725546059,0.44017094017094016,0.5607787274453941,0.5598290598290598,0.0,0.0,0.11965811965811968,0.12155745489078823,0.0009496676163342488,1179.0,1181.0,0.5598290598290598,0.5607787274453941,1179.0,0.0,927.0,925.0,0.44017094017094016,0.4392212725546059,2.0,925.0,0.5055432372505543,0.010947443191116223,0.5061728395061729,,0.5048076923076923,0.5048076923076923,0.0013651471984805763,0.49889135254988914,0.4611973392461197,0.5011086474501109,0.5388026607538803,0.0,0.0,0.07760532150776056,0.0022172949002217113,0.037694013303769425,243.0,226.0,0.5388026607538803,0.5011086474501109,123.0,120.0,208.0,225.0,0.4611973392461197,0.49889135254988914,103.0,105.0,0.34292035398230086,-0.18888336511724543,0.34988713318284426,,0.0,0.0,0.34988713318284426,0.6371681415929203,0.01991150442477876,0.36283185840707965,0.9800884955752213,0.0,0.0,0.9601769911504425,0.2743362831858407,0.6172566371681416,443.0,164.0,0.9800884955752213,0.36283185840707965,155.0,288.0,9.0,288.0,0.01991150442477876,0.6371681415929203,9.0,0.0
48,44,dcn,256x128,0.35,6,48,0,0.0015,1e-05,1.6,0.05,768,threshold,7,0.67,0.4045768574494862,0.1467666526635488,0.9995251661918328,0.9990368901672698,1.0,,0.9989212513484358,0.9989212513484358,0.0010787486515642097,0.439696106362773,0.44017094017094016,0.560303893637227,0.5598290598290598,0.0,0.0,0.11965811965811968,0.12060778727445398,0.00047483380816715215,1179.0,1180.0,0.5598290598290598,0.560303893637227,1179.0,0.0,927.0,926.0,0.44017094017094016,0.439696106362773,1.0,926.0,0.4190687361419069,-0.16083083320380342,0.4156378600823045,,0.4230769230769231,0.4156378600823045,0.0074390629946185505,0.5099778270509978,0.4611973392461197,0.49002217294900224,0.5388026607538803,0.0,0.0,0.07760532150776056,0.019955654101995568,0.04878048780487809,243.0,221.0,0.5388026607538803,0.49002217294900224,101.0,142.0,208.0,230.0,0.4611973392461197,0.5099778270509978,120.0,88.0,0.36283185840707965,-0.18100828003866384,0.37020316027088035,,0.0,0.0,0.37020316027088035,0.6172566371681416,0.01991150442477876,0.3827433628318584,0.9800884955752213,0.0,0.0,0.9601769911504425,0.23451327433628322,0.5973451327433629,443.0,173.0,0.9800884955752213,0.3827433628318584,164.0,279.0,9.0,279.0,0.01991150442477876,0.6172566371681416,9.0,0.0
72,45,dcn,512x256x128,0.4,3,128,0,0.0005,0.0005,1.3,0.02,384,threshold,3,0.83,0.3319649345936609,0.08006596316893895,0.9862298195631529,0.9722625344773907,0.998303647158609,,0.970873786407767,0.970873786407767,0.027429860750841972,0.42830009496676164,0.44017094017094016,0.5716999050332384,0.5598290598290598,0.0,0.0,0.11965811965811968,0.14339981006647678,0.011870845204178526,1179.0,1204.0,0.5598290598290598,0.5716999050332384,1177.0,2.0,927.0,902.0,0.44017094017094016,0.42830009496676164,27.0,900.0,0.3436807095343681,-0.3114699965797071,0.34156378600823045,,0.34615384615384615,0.34156378600823045,0.004590060145615693,0.5144124168514412,0.4611973392461197,0.48558758314855877,0.5388026607538803,0.0,0.0,0.07760532150776056,0.02882483370288247,0.053215077605321515,243.0,219.0,0.5388026607538803,0.48558758314855877,83.0,160.0,208.0,232.0,0.4611973392461197,0.5144124168514412,136.0,72.0,0.36283185840707965,-0.18100828003866384,0.37020316027088035,,0.0,0.0,0.37020316027088035,0.6172566371681416,0.01991150442477876,0.3827433628318584,0.9800884955752213,0.0,0.0,0.9601769911504425,0.23451327433628322,0.5973451327433629,443.0,173.0,0.9800884955752213,0.3827433628318584,164.0,279.0,9.0,279.0,0.01991150442477876,0.6172566371681416,9.0,0.0
39,44,dcn,640x320x160,0.25,3,128,0,0.001,1e-05,1.6,0.0,512,threshold,3,0.76,0.5046212261591665,0.00214170302497223,0.9890788224121557,0.9779044561279954,0.996607294317218,,0.9795037756202805,0.9795037756202805,0.017103518696937492,0.43304843304843305,0.44017094017094016,0.5669515669515669,0.5598290598290598,0.0,0.0,0.11965811965811968,0.13390313390313385,0.007122507122507116,1179.0,1194.0,0.5598290598290598,0.5669515669515669,1175.0,4.0,927.0,912.0,0.44017094017094016,0.43304843304843305,19.0,908.0,0.5099778270509978,0.019843473604077334,0.5102880658436214,,0.5096153846153846,0.5096153846153846,0.0006726812282368266,0.49889135254988914,0.4611973392461197,0.5011086474501109,0.5388026607538803,0.0,0.0,0.07760532150776056,0.0022172949002217113,0.037694013303769425,243.0,226.0,0.5388026607538803,0.5011086474501109,124.0,119.0,208.0,225.0,0.4611973392461197,0.49889135254988914,102.0,106.0,0.38495575221238937,-0.17281044428505601,0.3927765237020316,,0.0,0.0,0.3927765237020316,0.5951327433628318,0.01991150442477876,0.40486725663716816,0.9800884955752213,0.0,0.0,0.9601769911504425,0.19026548672566368,0.5752212389380531,443.0,183.0,0.9800884955752213,0.40486725663716816,174.0,269.0,9.0,269.0,0.01991150442477876,0.5951327433628318,9.0,0.0
55,44,dcn,384x192x96,0.4,5,96,0,0.001,0.0005,1.6,0.01,768,threshold,4,0.85,0.4198792779788714,0.06064796323577563,0.9881291547958214,0.9760248271780294,0.9974554707379135,,0.9762675296655879,0.9762675296655879,0.021187941072325578,0.4311490978157645,0.44017094017094016,0.5688509021842355,0.5598290598290598,0.0,0.0,0.11965811965811968,0.13770180436847101,0.009021842355175669,1179.0,1198.0,0.5598290598290598,0.5688509021842355,1176.0,3.0,927.0,908.0,0.44017094017094016,0.4311490978157645,22.0,905.0,0.43015521064301554,-0.13959743983492923,0.43209876543209874,,0.42788461538461536,0.42788461538461536,0.004214150047483378,0.5033259423503326,0.4611973392461197,0.49667405764966743,0.5388026607538803,0.0,0.0,0.07760532150776056,0.006651884700665134,0.04212860310421285,243.0,224.0,0.5388026607538803,0.49667405764966743,105.0,138.0,208.0,227.0,0.4611973392461197,0.5033259423503326,119.0,89.0,0.43805309734513276,-0.15506624167463365,0.4469525959367946,,0.0,0.0,0.4469525959367946,0.5420353982300885,0.01991150442477876,0.4579646017699115,0.9800884955752213,0.0,0.0,0.9601769911504425,0.08407079646017701,0.5221238938053098,443.0,207.0,0.9800884955752213,0.4579646017699115,198.0,245.0,9.0,245.0,0.01991150442477876,0.5420353982300885,9.0,0.0
21,45,dcn,640x320x160,0.25,3,48,0,0.0015,0.0003,1.3,0.05,512,threshold,1,0.73,0.5243881618983246,0.14937110543251036,0.8874643874643875,0.7804591470668806,0.9804919423240034,,0.7691477885652643,0.7691477885652643,0.21134415375873905,0.34947768281101615,0.44017094017094016,0.6505223171889839,0.5598290598290598,0.0,0.0,0.11965811965811968,0.30104463437796775,0.090693257359924,1179.0,1370.0,0.5598290598290598,0.6505223171889839,1156.0,23.0,927.0,736.0,0.44017094017094016,0.34947768281101615,214.0,713.0,0.532150776053215,0.06432362566888289,0.5308641975308642,,0.5336538461538461,0.5308641975308642,0.0027896486229819217,0.49889135254988914,0.4611973392461197,0.5011086474501109,0.5388026607538803,0.0,0.0,0.07760532150776056,0.0022172949002217113,0.037694013303769425,243.0,226.0,0.5388026607538803,0.5011086474501109,129.0,114.0,208.0,225.0,0.4611973392461197,0.49889135254988914,97.0,111.0,0.4446902654867257,-0.1530091586942046,0.45372460496614,,0.0,0.0,0.45372460496614,0.5353982300884956,0.01991150442477876,0.4646017699115044,0.9800884955752213,0.0,0.0,0.9601769911504425,0.0707964601769912,0.5154867256637169,443.0,210.0,0.9800884955752213,0.4646017699115044,201.0,242.0,9.0,242.0,0.01991150442477876,0.5353982300884956,9.0,0.0
52,45,dcn,640x320x160,0.4,3,48,0,0.0008,0.0003,1.3,0.05,512,threshold,2,0.78,0.5098661612652128,0.16020116209983826,0.9553656220322887,0.9094277530161089,0.9703138252756573,,0.9363538295577131,0.9363538295577131,0.03395999571794428,0.4287749287749288,0.44017094017094016,0.5712250712250713,0.5598290598290598,0.0,0.0,0.11965811965811968,0.14245014245014248,0.011396011396011374,1179.0,1203.0,0.5598290598290598,0.5712250712250713,1144.0,35.0,927.0,903.0,0.44017094017094016,0.4287749287749288,59.0,868.0,0.5144124168514412,0.028739504017038443,0.51440329218107,,0.5144230769230769,0.51440329218107,1.978474200692304e-05,0.49889135254988914,0.4611973392461197,0.5011086474501109,0.5388026607538803,0.0,0.0,0.07760532150776056,0.0022172949002217113,0.037694013303769425,243.0,226.0,0.5388026607538803,0.5011086474501109,125.0,118.0,208.0,225.0,0.4611973392461197,0.49889135254988914,101.0,107.0,0.45132743362831856,-0.1509831703154382,0.4604966139954853,,0.0,0.0,0.4604966139954853,0.5287610619469026,0.01991150442477876,0.47123893805309736,0.9800884955752213,0.0,0.0,0.9601769911504425,0.05752212389380529,0.5088495575221239,443.0,213.0,0.9800884955752213,0.47123893805309736,204.0,239.0,9.0,239.0,0.01991150442477876,0.5287610619469026,9.0,0.0
30,45,dcn,512x256x128,0.35,4,64,0,0.0008,0.0003,1.3,0.01,768,threshold,6,0.62,0.4543116243387247,0.053772933781147,0.9990503323836657,0.9980730749277403,0.9991518235793045,,0.9989212513484358,0.9989212513484358,0.000230572230868753,0.44017094017094016,0.44017094017094016,0.5598290598290598,0.5598290598290598,0.0,0.0,0.11965811965811968,0.11965811965811968,0.0,1179.0,1179.0,0.5598290598290598,0.5598290598290598,1178.0,1.0,927.0,927.0,0.44017094017094016,0.44017094017094016,1.0,926.0,0.4634146341463415,-0.073219656081844,0.46502057613168724,,0.46153846153846156,0.46153846153846156,0.0034821145932256714,0.5011086474501109,0.4611973392461197,0.49889135254988914,0.5388026607538803,0.0,0.0,0.07760532150776056,0.0022172949002217113,0.039911308203991136,243.0,225.0,0.5388026607538803,0.49889135254988914,113.0,130.0,208.0,226.0,0.4611973392461197,0.5011086474501109,112.0,96.0,0.46238938053097345,-0.14767231170722628,0.4717832957110609,,0.0,0.0,0.4717832957110609,0.5176991150442478,0.01991150442477876,0.4823008849557522,0.9800884955752213,0.0,0.0,0.9601769911504425,0.03539823008849563,0.4977876106194691,443.0,218.0,0.9800884955752213,0.4823008849557522,209.0,234.0,9.0,234.0,0.01991150442477876,0.5176991150442478,9.0,0.0
33,44,dcn,256x128,0.25,3,128,0,0.0008,5e-05,1.6,0.01,512,threshold,4,0.75,0.46992873983388883,0.04703506678342819,0.99667616334283,0.9932729413759747,1.0,,0.9924487594390508,0.9924487594390508,0.007551240560949246,0.4368471035137702,0.44017094017094016,0.5631528964862298,0.5598290598290598,0.0,0.0,0.11965811965811968,0.12630579297245959,0.003323836657169954,1179.0,1186.0,0.5598290598290598,0.5631528964862298,1179.0,0.0,927.0,920.0,0.44017094017094016,0.4368471035137702,7.0,920.0,0.4789356984478936,-0.04173918082389575,0.4773662551440329,,0.4807692307692308,0.4773662551440329,0.0034029756251978682,0.5033259423503326,0.4611973392461197,0.49667405764966743,0.5388026607538803,0.0,0.0,0.07760532150776056,0.006651884700665134,0.04212860310421285,243.0,224.0,0.5388026607538803,0.49667405764966743,116.0,127.0,208.0,227.0,0.4611973392461197,0.5033259423503326,108.0,100.0,0.4646017699115044,-0.14701961959452484,0.47404063205417607,,0.0,0.0,0.47404063205417607,0.5154867256637168,0.01991150442477876,0.48451327433628316,0.9800884955752213,0.0,0.0,0.9601769911504425,0.03097345132743362,0.49557522123893805,443.0,219.0,0.9800884955752213,0.48451327433628316,210.0,233.0,9.0,233.0,0.01991150442477876,0.5154867256637168,9.0,0.0
37,44,dcn,384x192x96,0.35,4,64,0,0.0003,0.0003,1.6,0.0,384,threshold,3,0.86,0.4045768574494862,0.022945485388239224,0.9344729344729344,0.8728962939170354,1.0,,0.8511326860841424,0.8511326860841424,0.1488673139158576,0.37464387464387466,0.44017094017094016,0.6253561253561254,0.5598290598290598,0.0,0.0,0.11965811965811968,0.25071225071225073,0.0655270655270655,1179.0,1317.0,0.5598290598290598,0.6253561253561254,1179.0,0.0,927.0,789.0,0.44017094017094016,0.37464387464387466,138.0,789.0,0.4190687361419069,-0.16083083320380342,0.4156378600823045,,0.4230769230769231,0.4156378600823045,0.0074390629946185505,0.5099778270509978,0.4611973392461197,0.49002217294900224,0.5388026607538803,0.0,0.0,0.07760532150776056,0.019955654101995568,0.04878048780487809,243.0,221.0,0.5388026607538803,0.49002217294900224,101.0,142.0,208.0,230.0,0.4611973392461197,0.5099778270509978,120.0,88.0,0.4668141592920354,-0.14636999016229665,0.4762979683972912,,0.0,0.0,0.4762979683972912,0.5132743362831859,0.01991150442477876,0.48672566371681414,0.9800884955752213,0.0,0.0,0.9601769911504425,0.026548672566371723,0.4933628318584071,443.0,220.0,0.9800884955752213,0.48672566371681414,211.0,232.0,9.0,232.0,0.01991150442477876,0.5132743362831859,9.0,0.0
60,44,dcn,384x192x96,0.45,4,32,0,0.0005,5e-05,1.5,0.01,512,threshold,8,0.79,0.42517169646573444,0.08378262668848038,0.99002849002849,0.9798877876089896,0.9991518235793045,,0.9784250269687162,0.9784250269687162,0.020726796610588294,0.4311490978157645,0.44017094017094016,0.5688509021842355,0.5598290598290598,0.0,0.0,0.11965811965811968,0.13770180436847101,0.009021842355175669,1179.0,1198.0,0.5598290598290598,0.5688509021842355,1178.0,1.0,927.0,908.0,0.44017094017094016,0.4311490978157645,20.0,907.0,0.43458980044345896,-0.1307012344702898,0.43621399176954734,,0.4326923076923077,0.4326923076923077,0.0035216840772396285,0.5033259423503326,0.4611973392461197,0.49667405764966743,0.5388026607538803,0.0,0.0,0.07760532150776056,0.006651884700665134,0.04212860310421285,243.0,224.0,0.5388026607538803,0.49667405764966743,106.0,137.0,208.0,227.0,0.4611973392461197,0.5033259423503326,118.0,90.0,0.5132743362831859,-0.1333681411000384,0.5237020316027088,,0.0,0.0,0.5237020316027088,0.4668141592920354,0.01991150442477876,0.5331858407079646,0.9800884955752213,0.0,0.0,0.9601769911504425,0.0663716814159292,0.44690265486725667,443.0,241.0,0.9800884955752213,0.5331858407079646,232.0,211.0,9.0,211.0,0.01991150442477876,0.4668141592920354,9.0,0.0
60,45,dcn,384x192x96,0.45,4,32,0,0.0005,5e-05,1.5,0.01,512,threshold,8,0.59,0.3880615146672057,0.07937192916870117,0.99667616334283,0.99325544574657,0.9974554707379135,,0.9956850053937433,0.9956850053937433,0.0017704653441702467,0.439696106362773,0.44017094017094016,0.560303893637227,0.5598290598290598,0.0,0.0,0.11965811965811968,0.12060778727445398,0.00047483380816715215,1179.0,1180.0,0.5598290598290598,0.560303893637227,1176.0,3.0,927.0,926.0,0.44017094017094016,0.439696106362773,4.0,923.0,0.3946784922394678,-0.21009735024277057,0.3950617283950617,,0.3942307692307692,0.3942307692307692,0.0008309591642924885,0.5077605321507761,0.4611973392461197,0.49223946784922396,0.5388026607538803,0.0,0.0,0.07760532150776056,0.015521064301552145,0.04656319290465638,243.0,222.0,0.5388026607538803,0.49223946784922396,96.0,147.0,208.0,229.0,0.4611973392461197,0.5077605321507761,126.0,82.0,0.5199115044247787,-0.13160007776779542,0.5304740406320542,,0.0,0.0,0.5304740406320542,0.46017699115044247,0.01991150442477876,0.5398230088495575,0.9800884955752213,0.0,0.0,0.9601769911504425,0.079646017699115,0.44026548672566373,443.0,244.0,0.9800884955752213,0.5398230088495575,235.0,208.0,9.0,208.0,0.01991150442477876,0.46017699115044247,9.0,0.0
7,44,dcn,640x320x160,0.45,5,128,0,0.0015,0.0003,1.5,0.05,384,threshold,3,0.28,0.5125914800847051,0.17202746123075485,0.9738841405508072,0.9479918199703493,0.9592875318066157,,0.9924487594390508,0.9592875318066157,0.03316122763243501,0.45963912630579296,0.44017094017094016,0.540360873694207,0.5598290598290598,0.0,0.0,0.11965811965811968,0.08072174738841409,0.019468186134852794,1179.0,1138.0,0.5598290598290598,0.540360873694207,1131.0,48.0,927.0,968.0,0.44017094017094016,0.45963912630579296,7.0,920.0,0.5210643015521065,0.04173918082389575,0.522633744855967,,0.5192307692307693,0.5192307692307693,0.003402975625197757,0.49667405764966743,0.4611973392461197,0.5033259423503326,0.5388026607538803,0.0,0.0,0.07760532150776056,0.006651884700665134,0.03547671840354771,243.0,227.0,0.5388026607538803,0.5033259423503326,127.0,116.0,208.0,224.0,0.4611973392461197,0.49667405764966743,100.0,108.0,0.5221238938053098,-0.13101515112918027,0.5327313769751693,,0.0,0.0,0.5327313769751693,0.4579646017699115,0.01991150442477876,0.5420353982300885,0.9800884955752213,0.0,0.0,0.9601769911504425,0.08407079646017701,0.43805309734513276,443.0,245.0,0.9800884955752213,0.5420353982300885,236.0,207.0,9.0,207.0,0.01991150442477876,0.4579646017699115,9.0,0.0
1,45,dcn,384x192x96,0.3,5,128,0,0.0015,1e-05,1.3,0.05,768,threshold,5,0.57,0.4755445506766645,0.16104293862978616,0.9962013295346629,0.9922922997109612,0.996607294317218,,0.9956850053937433,0.9956850053937433,0.0009222889234746789,0.44017094017094016,0.44017094017094016,0.5598290598290598,0.5598290598290598,0.0,0.0,0.11965811965811968,0.11965811965811968,0.0,1179.0,1179.0,0.5598290598290598,0.5598290598290598,1175.0,4.0,927.0,927.0,0.44017094017094016,0.44017094017094016,4.0,923.0,0.49002217294900224,-0.020534256728580093,0.49382716049382713,,0.4855769230769231,0.4855769230769231,0.00825023741690406,0.49667405764966743,0.4611973392461197,0.5033259423503326,0.5388026607538803,0.0,0.0,0.07760532150776056,0.006651884700665134,0.03547671840354771,243.0,227.0,0.5388026607538803,0.5033259423503326,120.0,123.0,208.0,224.0,0.4611973392461197,0.49667405764966743,107.0,101.0,0.5508849557522124,-0.12359770411114658,0.5620767494356659,,0.0,0.0,0.5620767494356659,0.42920353982300885,0.01991150442477876,0.5707964601769911,0.9800884955752213,0.0,0.0,0.9601769911504425,0.1415929203539823,0.4092920353982301,443.0,258.0,0.9800884955752213,0.5707964601769911,249.0,194.0,9.0,194.0,0.01991150442477876,0.42920353982300885,9.0,0.0
46,44,dcn,384x192x96,0.45,6,96,0,0.0015,1e-05,1.5,0.02,384,threshold,8,0.61,0.5417946603481835,0.11738722026348114,0.9990503323836657,0.9980730749277403,0.9991518235793045,,0.9989212513484358,0.9989212513484358,0.000230572230868753,0.44017094017094016,0.44017094017094016,0.5598290598290598,0.5598290598290598,0.0,0.0,0.11965811965811968,0.11965811965811968,0.0,1179.0,1179.0,0.5598290598290598,0.5598290598290598,1178.0,1.0,927.0,927.0,0.44017094017094016,0.44017094017094016,1.0,926.0,0.5587583148558758,0.11634193123194661,0.5637860082304527,,0.5528846153846154,0.5528846153846154,0.010901392845837243,0.49002217294900224,0.4611973392461197,0.5099778270509978,0.5388026607538803,0.0,0.0,0.07760532150776056,0.019955654101995568,0.028824833702882524,243.0,230.0,0.5388026607538803,0.5099778270509978,137.0,106.0,208.0,221.0,0.4611973392461197,0.49002217294900224,93.0,115.0,0.5862831858407079,-0.11488256176982295,0.5981941309255079,,0.0,0.0,0.5981941309255079,0.3938053097345133,0.01991150442477876,0.6061946902654868,0.9800884955752213,0.0,0.0,0.9601769911504425,0.2123893805309735,0.37389380530973454,443.0,274.0,0.9800884955752213,0.6061946902654868,265.0,178.0,9.0,178.0,0.01991150442477876,0.3938053097345133,9.0,0.0
29,45,dcn,640x320x160,0.4,3,64,0,0.0008,0.0003,1.6,0.01,768,threshold,1,0.82,0.38276909618034277,0.07881189634402593,0.879392212725546,0.7601142793920594,0.9601357082273113,,0.7766990291262136,0.7766990291262136,0.18343667910109773,0.36419753086419754,0.44017094017094016,0.6358024691358025,0.5598290598290598,0.0,0.0,0.11965811965811968,0.271604938271605,0.07597340930674262,1179.0,1339.0,0.5598290598290598,0.6358024691358025,1132.0,47.0,927.0,767.0,0.44017094017094016,0.36419753086419754,207.0,720.0,0.3902439024390244,-0.2189944305206569,0.39094650205761317,,0.3894230769230769,0.3894230769230769,0.0015234251345362382,0.5077605321507761,0.4611973392461197,0.49223946784922396,0.5388026607538803,0.0,0.0,0.07760532150776056,0.015521064301552145,0.04656319290465638,243.0,222.0,0.5388026607538803,0.49223946784922396,95.0,148.0,208.0,229.0,0.4611973392461197,0.5077605321507761,127.0,81.0,0.5907079646017699,-0.11382068225200939,0.6027088036117382,,0.0,0.0,0.6027088036117382,0.3893805309734513,0.01991150442477876,0.6106194690265486,0.9800884955752213,0.0,0.0,0.9601769911504425,0.2212389380530973,0.3694690265486726,443.0,276.0,0.9800884955752213,0.6106194690265486,267.0,176.0,9.0,176.0,0.01991150442477876,0.3893805309734513,9.0,0.0
34,45,dcn,640x320x160,0.45,5,48,0,0.0005,5e-05,1.3,0.0,512,threshold,2,0.9,0.28476447558764634,0.044336355105042455,0.8907882241215574,0.7918967855071662,0.996607294317218,,0.756202804746494,0.756202804746494,0.2404044895707239,0.33475783475783477,0.44017094017094016,0.6652421652421653,0.5598290598290598,0.0,0.0,0.11965811965811968,0.3304843304843305,0.10541310541310539,1179.0,1401.0,0.5598290598290598,0.6652421652421653,1175.0,4.0,927.0,705.0,0.44017094017094016,0.33475783475783477,226.0,701.0,0.29490022172949004,-0.4093667688194389,0.2962962962962963,,0.2932692307692308,0.2932692307692308,0.003027065527065498,0.5144124168514412,0.4611973392461197,0.48558758314855877,0.5388026607538803,0.0,0.0,0.07760532150776056,0.02882483370288247,0.053215077605321515,243.0,219.0,0.5388026607538803,0.48558758314855877,72.0,171.0,208.0,232.0,0.4611973392461197,0.5144124168514412,147.0,61.0,0.5907079646017699,-0.11382068225200939,0.6027088036117382,,0.0,0.0,0.6027088036117382,0.3893805309734513,0.01991150442477876,0.6106194690265486,0.9800884955752213,0.0,0.0,0.9601769911504425,0.2212389380530973,0.3694690265486726,443.0,276.0,0.9800884955752213,0.6106194690265486,267.0,176.0,9.0,176.0,0.01991150442477876,0.3893805309734513,9.0,0.0
32,45,dcn,512x256x128,0.25,6,128,0,0.0005,0.0001,1.4,0.01,768,threshold,5,0.82,0.3610098957050176,0.050236778954664864,0.99335232668566,0.9865797619996709,1.0,,0.9848975188781014,0.9848975188781014,0.015102481121898603,0.4335232668566002,0.44017094017094016,0.5664767331433999,0.5598290598290598,0.0,0.0,0.11965811965811968,0.13295346628679966,0.0066476733143399636,1179.0,1193.0,0.5598290598290598,0.5664767331433999,1179.0,0.0,927.0,913.0,0.44017094017094016,0.4335232668566002,14.0,913.0,0.37250554323725055,-0.253937250091685,0.37037037037037035,,0.375,0.37037037037037035,0.00462962962962965,0.5121951219512195,0.4611973392461197,0.4878048780487805,0.5388026607538803,0.0,0.0,0.07760532150776056,0.024390243902439046,0.0509977827050998,243.0,220.0,0.5388026607538803,0.4878048780487805,90.0,153.0,208.0,231.0,0.4611973392461197,0.5121951219512195,130.0,78.0,0.6106194690265486,-0.10910764881773158,0.6230248306997742,,0.0,0.0,0.6230248306997742,0.3694690265486726,0.01991150442477876,0.6305309734513275,0.9800884955752213,0.0,0.0,0.9601769911504425,0.2610619469026549,0.34955752212389385,443.0,285.0,0.9800884955752213,0.6305309734513275,276.0,167.0,9.0,167.0,0.01991150442477876,0.3694690265486726,9.0,0.0
17,44,dcn,384x192x96,0.4,3,32,0,0.0015,0.0005,1.5,0.02,768,threshold,5,0.73,0.36827185586670685,0.08535589277744293,0.99002849002849,0.9798349214949215,0.9974554707379135,,0.9805825242718447,0.9805825242718447,0.01687294646606885,0.43304843304843305,0.44017094017094016,0.5669515669515669,0.5598290598290598,0.0,0.0,0.11965811965811968,0.13390313390313385,0.007122507122507116,1179.0,1194.0,0.5598290598290598,0.5669515669515669,1176.0,3.0,927.0,912.0,0.44017094017094016,0.43304843304843305,18.0,909.0,0.37472283813747226,-0.24980863714751705,0.37448559670781895,,0.375,0.37448559670781895,0.0005144032921810537,0.5099778270509978,0.4611973392461197,0.49002217294900224,0.5388026607538803,0.0,0.0,0.07760532150776056,0.019955654101995568,0.04878048780487809,243.0,221.0,0.5388026607538803,0.49002217294900224,91.0,152.0,208.0,230.0,0.4611973392461197,0.5099778270509978,130.0,78.0,0.6349557522123894,-0.10347509534766433,0.6478555304740407,,0.0,0.0,0.6478555304740407,0.34513274336283184,0.01991150442477876,0.6548672566371682,0.9800884955752213,0.0,0.0,0.9601769911504425,0.3097345132743363,0.3252212389380531,443.0,296.0,0.9800884955752213,0.6548672566371682,287.0,156.0,9.0,156.0,0.01991150442477876,0.34513274336283184,9.0,0.0
38,44,dcn,640x320x160,0.25,3,32,0,0.0003,1e-05,1.4,0.01,768,threshold,5,0.43,0.4227303180860091,0.1089019775390625,0.9577397910731245,0.9170613776441169,0.9321458863443596,,0.9902912621359223,0.9321458863443596,0.05814537579156276,0.47388414055080724,0.44017094017094016,0.5261158594491928,0.5598290598290598,0.0,0.0,0.11965811965811968,0.05223171889838557,0.03371320037986708,1179.0,1108.0,0.5598290598290598,0.5261158594491928,1099.0,80.0,927.0,998.0,0.44017094017094016,0.47388414055080724,9.0,918.0,0.43458980044345896,-0.1300236277417935,0.43209876543209874,,0.4375,0.43209876543209874,0.0054012345679012586,0.5077605321507761,0.4611973392461197,0.49223946784922396,0.5388026607538803,0.0,0.0,0.07760532150776056,0.015521064301552145,0.04656319290465638,243.0,222.0,0.5388026607538803,0.49223946784922396,105.0,138.0,208.0,229.0,0.4611973392461197,0.5077605321507761,117.0,91.0,0.6349557522123894,-0.10347509534766433,0.6478555304740407,,0.0,0.0,0.6478555304740407,0.34513274336283184,0.01991150442477876,0.6548672566371682,0.9800884955752213,0.0,0.0,0.9601769911504425,0.3097345132743363,0.3252212389380531,443.0,296.0,0.9800884955752213,0.6548672566371682,287.0,156.0,9.0,156.0,0.01991150442477876,0.34513274336283184,9.0,0.0
26,44,dcn,640x320x160,0.3,6,32,0,0.0003,1e-05,1.5,0.0,512,threshold,8,0.42,0.45903723935905505,0.04879626855254173,0.9928774928774928,0.9856000184800005,0.989821882951654,,0.9967637540453075,0.989821882951654,0.006941871093653518,0.4444444444444444,0.44017094017094016,0.5555555555555556,0.5598290598290598,0.0,0.0,0.11965811965811968,0.11111111111111116,0.004273504273504258,1179.0,1170.0,0.5598290598290598,0.5555555555555556,1167.0,12.0,927.0,936.0,0.44017094017094016,0.4444444444444444,3.0,924.0,0.4656319290465632,-0.06842779691781398,0.46502057613168724,,0.46634615384615385,0.46502057613168724,0.0013255777144666192,0.5033259423503326,0.4611973392461197,0.49667405764966743,0.5388026607538803,0.0,0.0,0.07760532150776056,0.006651884700665134,0.04212860310421285,243.0,224.0,0.5388026607538803,0.49667405764966743,113.0,130.0,208.0,227.0,0.4611973392461197,0.5033259423503326,111.0,97.0,0.6438053097345132,-0.10145665934084844,0.6568848758465011,,0.0,0.0,0.6568848758465011,0.336283185840708,0.01991150442477876,0.6637168141592921,0.9800884955752213,0.0,0.0,0.9601769911504425,0.3274336283185841,0.31637168141592925,443.0,300.0,0.9800884955752213,0.6637168141592921,291.0,152.0,9.0,152.0,0.01991150442477876,0.336283185840708,9.0,0.0
4,45,dcn,512x256x128,0.3,6,96,0,0.0003,0.0005,1.3,0.02,384,threshold,8,0.68,0.4887439706985778,0.07656580830613773,0.9990503323836657,0.998074484331713,1.0,,0.9978425026968716,0.9978425026968716,0.0021574973031284195,0.4392212725546059,0.44017094017094016,0.5607787274453941,0.5598290598290598,0.0,0.0,0.11965811965811968,0.12155745489078823,0.0009496676163342488,1179.0,1181.0,0.5598290598290598,0.5607787274453941,1179.0,0.0,927.0,925.0,0.44017094017094016,0.4392212725546059,2.0,925.0,0.49667405764966743,-0.0068446176348059985,0.49794238683127573,,0.4951923076923077,0.4951923076923077,0.00275007913896802,0.49889135254988914,0.4611973392461197,0.5011086474501109,0.5388026607538803,0.0,0.0,0.07760532150776056,0.0022172949002217113,0.037694013303769425,243.0,226.0,0.5388026607538803,0.5011086474501109,121.0,122.0,208.0,225.0,0.4611973392461197,0.49889135254988914,105.0,103.0,0.6460176991150443,-0.10095425249745771,0.6591422121896162,,0.0,0.0,0.6591422121896162,0.334070796460177,0.01991150442477876,0.665929203539823,0.9800884955752213,0.0,0.0,0.9601769911504425,0.331858407079646,0.3141592920353983,443.0,301.0,0.9800884955752213,0.665929203539823,292.0,151.0,9.0,151.0,0.01991150442477876,0.334070796460177,9.0,0.0
34,44,dcn,640x320x160,0.45,5,48,0,0.0005,5e-05,1.3,0.0,512,threshold,7,0.63,0.4172014425401959,0.021212117932736873,0.9971509971509972,0.9942239478095214,0.9991518235793045,,0.9946062567421791,0.9946062567421791,0.004545566837125481,0.4382716049382716,0.44017094017094016,0.5617283950617284,0.5598290598290598,0.0,0.0,0.11965811965811968,0.12345679012345684,0.001899335232668553,1179.0,1183.0,0.5598290598290598,0.5617283950617284,1178.0,1.0,927.0,923.0,0.44017094017094016,0.4382716049382716,5.0,922.0,0.42350332594235035,-0.15260255386427013,0.42386831275720166,,0.4230769230769231,0.4230769230769231,0.0007913896802785869,0.5055432372505543,0.4611973392461197,0.49445676274944567,0.5388026607538803,0.0,0.0,0.07760532150776056,0.011086474501108612,0.04434589800443456,243.0,223.0,0.5388026607538803,0.49445676274944567,103.0,140.0,208.0,228.0,0.4611973392461197,0.5055432372505543,120.0,88.0,0.6814159292035398,-0.09301578267227156,0.6952595936794582,,0.0,0.0,0.6952595936794582,0.29867256637168144,0.01991150442477876,0.7013274336283186,0.9800884955752213,0.0,0.0,0.9601769911504425,0.4026548672566372,0.2787610619469027,443.0,317.0,0.9800884955752213,0.7013274336283186,308.0,135.0,9.0,135.0,0.01991150442477876,0.29867256637168144,9.0,0.0
44,45,dcn,512x256x128,0.25,2,128,0,0.001,1e-05,1.6,0.0,384,threshold,1,0.78,0.4372532785642541,0.008811670122668147,0.9539411206077872,0.9080380046773723,0.989821882951654,,0.9083063646170443,0.9083063646170443,0.08151551833460968,0.40550807217473883,0.44017094017094016,0.5944919278252612,0.5598290598290598,0.0,0.0,0.11965811965811968,0.18898385565052234,0.03466286799620133,1179.0,1252.0,0.5598290598290598,0.5944919278252612,1167.0,12.0,927.0,854.0,0.44017094017094016,0.40550807217473883,85.0,842.0,0.44567627494456763,-0.10811977736944993,0.4444444444444444,,0.44711538461538464,0.4444444444444444,0.002670940170940217,0.5055432372505543,0.4611973392461197,0.49445676274944567,0.5388026607538803,0.0,0.0,0.07760532150776056,0.011086474501108612,0.04434589800443456,243.0,223.0,0.5388026607538803,0.49445676274944567,108.0,135.0,208.0,228.0,0.4611973392461197,0.5055432372505543,115.0,93.0,0.6991150442477876,-0.0891003831500108,0.7133182844243793,,0.0,0.0,0.7133182844243793,0.2809734513274336,0.01991150442477876,0.7190265486725663,0.9800884955752213,0.0,0.0,0.9601769911504425,0.4380530973451327,0.2610619469026549,443.0,325.0,0.9800884955752213,0.7190265486725663,316.0,127.0,9.0,127.0,0.01991150442477876,0.2809734513274336,9.0,0.0
22,45,dcn,256x128,0.4,6,128,0,0.0008,0.0003,1.4,0.0,768,threshold,3,0.89,0.26296815437398097,0.007980351181079945,0.9810066476733144,0.9618301087353471,0.9974554707379135,,0.9600862998921251,0.9600862998921251,0.03736917084578839,0.4240265906932574,0.44017094017094016,0.5759734093067427,0.5598290598290598,0.0,0.0,0.11965811965811968,0.1519468186134853,0.016144349477682784,1179.0,1213.0,0.5598290598290598,0.5759734093067427,1176.0,3.0,927.0,893.0,0.44017094017094016,0.4240265906932574,37.0,890.0,0.37915742793791574,-0.23535231177971966,0.3374485596707819,,0.42788461538461536,0.3374485596707819,0.09043605571383345,0.5543237250554324,0.4611973392461197,0.44567627494456763,0.5388026607538803,0.0,0.0,0.07760532150776056,0.10864745011086474,0.09312638580931265,243.0,201.0,0.5388026607538803,0.44567627494456763,82.0,161.0,208.0,250.0,0.4611973392461197,0.5543237250554324,119.0,89.0,0.7123893805309734,-0.08617833118784188,0.7268623024830699,,0.0,0.0,0.7268623024830699,0.2676991150442478,0.01991150442477876,0.7323008849557522,0.9800884955752213,0.0,0.0,0.9601769911504425,0.46460176991150437,0.24778761061946905,443.0,331.0,0.9800884955752213,0.7323008849557522,322.0,121.0,9.0,121.0,0.01991150442477876,0.2676991150442478,9.0,0.0
11,44,dcn,640x320x160,0.45,4,128,0,0.0015,0.0003,1.3,0.0,384,threshold,3,0.54,0.43362277840597624,0.022684484565009672,0.98338081671415,0.9662945035522739,0.9838846480067854,,0.982740021574973,0.982740021574973,0.0011446264318124566,0.4415954415954416,0.44017094017094016,0.5584045584045584,0.5598290598290598,0.0,0.0,0.11965811965811968,0.11680911680911676,0.0014245014245014564,1179.0,1176.0,0.5598290598290598,0.5584045584045584,1160.0,19.0,927.0,930.0,0.44017094017094016,0.4415954415954416,16.0,911.0,0.44124168514412415,-0.11701633266841398,0.4403292181069959,,0.4423076923076923,0.4403292181069959,0.0019784742006964118,0.5055432372505543,0.4611973392461197,0.49445676274944567,0.5388026607538803,0.0,0.0,0.07760532150776056,0.011086474501108612,0.04434589800443456,243.0,223.0,0.5388026607538803,0.49445676274944567,107.0,136.0,208.0,228.0,0.4611973392461197,0.5055432372505543,116.0,92.0,0.7234513274336283,-0.08374882981080474,0.7381489841986456,,0.0,0.0,0.7381489841986456,0.25663716814159293,0.01991150442477876,0.7433628318584071,0.9800884955752213,0.0,0.0,0.9601769911504425,0.4867256637168142,0.23672566371681417,443.0,336.0,0.9800884955752213,0.7433628318584071,327.0,116.0,9.0,116.0,0.01991150442477876,0.25663716814159293,9.0,0.0
62,44,dcn,384x192x96,0.35,5,48,0,0.001,0.0005,1.2,0.02,512,threshold,2,0.7,0.379161436651274,0.08271977156400681,0.9719848053181387,0.9438247732561194,0.9949109414758269,,0.9428263214670982,0.9428263214670982,0.05208462000872871,0.4178537511870845,0.44017094017094016,0.5821462488129154,0.5598290598290598,0.0,0.0,0.11965811965811968,0.16429249762583092,0.02231718898385565,1179.0,1226.0,0.5598290598290598,0.5821462488129154,1173.0,6.0,927.0,880.0,0.44017094017094016,0.4178537511870845,53.0,874.0,0.401330376940133,-0.1957738112054786,0.3950617283950617,,0.40865384615384615,0.3950617283950617,0.013592117758784439,0.5144124168514412,0.4611973392461197,0.48558758314855877,0.5388026607538803,0.0,0.0,0.07760532150776056,0.02882483370288247,0.053215077605321515,243.0,219.0,0.5388026607538803,0.48558758314855877,96.0,147.0,208.0,232.0,0.4611973392461197,0.5144124168514412,123.0,85.0,0.7433628318584071,-0.07937828890221232,0.7584650112866818,,0.0,0.0,0.7584650112866818,0.23672566371681417,0.01991150442477876,0.7632743362831859,0.9800884955752213,0.0,0.0,0.9601769911504425,0.5265486725663717,0.2168141592920354,443.0,345.0,0.9800884955752213,0.7632743362831859,336.0,107.0,9.0,107.0,0.01991150442477876,0.23672566371681417,9.0,0.0
31,45,dcn,384x192x96,0.3,5,128,0,0.0005,0.0003,1.6,0.05,384,threshold,2,0.82,0.47355923999216676,0.148952583471934,0.9586894586894587,0.9178892747480856,0.9949109414758269,,0.912621359223301,0.912621359223301,0.08228958225252592,0.4045584045584046,0.44017094017094016,0.5954415954415955,0.5598290598290598,0.0,0.0,0.11965811965811968,0.1908831908831909,0.03561253561253558,1179.0,1254.0,0.5598290598290598,0.5954415954415955,1173.0,6.0,927.0,852.0,0.44017094017094016,0.4045584045584046,81.0,846.0,0.48337028824833705,-0.032842975459256345,0.48148148148148145,,0.4855769230769231,0.48148148148148145,0.004095441595441618,0.5033259423503326,0.4611973392461197,0.49667405764966743,0.5388026607538803,0.0,0.0,0.07760532150776056,0.006651884700665134,0.04212860310421285,243.0,224.0,0.5388026607538803,0.49667405764966743,117.0,126.0,208.0,227.0,0.4611973392461197,0.5033259423503326,107.0,101.0,0.7477876106194691,-0.07840600099518555,0.7629796839729119,,0.0,0.0,0.7629796839729119,0.2323008849557522,0.01991150442477876,0.7676991150442478,0.9800884955752213,0.0,0.0,0.9601769911504425,0.5353982300884956,0.21238938053097345,443.0,347.0,0.9800884955752213,0.7676991150442478,338.0,105.0,9.0,105.0,0.01991150442477876,0.2323008849557522,9.0,0.0
56,45,dcn,384x192x96,0.35,5,48,0,0.001,0.0003,1.3,0.05,384,threshold,2,0.67,0.3610098957050176,0.14319420357545218,0.9696106362773029,0.9393237673830516,0.996607294317218,,0.9352750809061489,0.9352750809061489,0.06133221341106909,0.41358024691358025,0.44017094017094016,0.5864197530864198,0.5598290598290598,0.0,0.0,0.11965811965811968,0.17283950617283955,0.02659069325735991,1179.0,1235.0,0.5598290598290598,0.5864197530864198,1175.0,4.0,927.0,871.0,0.44017094017094016,0.41358024691358025,60.0,867.0,0.37250554323725055,-0.253937250091685,0.37037037037037035,,0.375,0.37037037037037035,0.00462962962962965,0.5121951219512195,0.4611973392461197,0.4878048780487805,0.5388026607538803,0.0,0.0,0.07760532150776056,0.024390243902439046,0.0509977827050998,243.0,220.0,0.5388026607538803,0.4878048780487805,90.0,153.0,208.0,231.0,0.4611973392461197,0.5121951219512195,130.0,78.0,0.7477876106194691,-0.07840600099518555,0.7629796839729119,,0.0,0.0,0.7629796839729119,0.2323008849557522,0.01991150442477876,0.7676991150442478,0.9800884955752213,0.0,0.0,0.9601769911504425,0.5353982300884956,0.21238938053097345,443.0,347.0,0.9800884955752213,0.7676991150442478,338.0,105.0,9.0,105.0,0.01991150442477876,0.2323008849557522,9.0,0.0
7,45,dcn,640x320x160,0.45,5,128,0,0.0015,0.0003,1.5,0.05,384,threshold,2,0.73,0.4953432007869678,0.1809049348036448,0.9639126305792972,0.9271327693874919,0.9847328244274809,,0.9374325782092773,0.9374325782092773,0.04730024621820361,0.4211775878442545,0.44017094017094016,0.5788224121557455,0.5598290598290598,0.0,0.0,0.11965811965811968,0.15764482431149096,0.018993352326685642,1179.0,1219.0,0.5598290598290598,0.5788224121557455,1161.0,18.0,927.0,887.0,0.44017094017094016,0.4211775878442545,58.0,869.0,0.5033259423503326,0.0068446176348059985,0.5020576131687243,,0.5048076923076923,0.5020576131687243,0.0027500791389679646,0.5011086474501109,0.4611973392461197,0.49889135254988914,0.5388026607538803,0.0,0.0,0.07760532150776056,0.0022172949002217113,0.039911308203991136,243.0,225.0,0.5388026607538803,0.49889135254988914,122.0,121.0,208.0,226.0,0.4611973392461197,0.5011086474501109,103.0,105.0,0.75,-0.07791955063485179,0.7652370203160271,,0.0,0.0,0.7652370203160271,0.23008849557522124,0.01991150442477876,0.7699115044247787,0.9800884955752213,0.0,0.0,0.9601769911504425,0.5398230088495575,0.21017699115044247,443.0,348.0,0.9800884955752213,0.7699115044247787,339.0,104.0,9.0,104.0,0.01991150442477876,0.23008849557522124,9.0,0.0
28,45,dcn,512x256x128,0.4,2,48,0,0.0005,0.0001,1.5,0.0,512,threshold,1,0.75,0.38279385649981856,0.08651152104139329,0.8466286799620133,0.6911763578120991,0.9287531806615776,,0.7421790722761596,0.7421790722761596,0.186574108385418,0.36657169990503324,0.44017094017094016,0.6334283000949668,0.5598290598290598,0.0,0.0,0.11965811965811968,0.2668566001899335,0.07359924026590692,1179.0,1334.0,0.5598290598290598,0.6334283000949668,1095.0,84.0,927.0,772.0,0.44017094017094016,0.36657169990503324,239.0,688.0,0.3924611973392461,-0.2142175155700316,0.39094650205761317,,0.3942307692307692,0.39094650205761317,0.0032842671731560524,0.5099778270509978,0.4611973392461197,0.49002217294900224,0.5388026607538803,0.0,0.0,0.07760532150776056,0.019955654101995568,0.04878048780487809,243.0,221.0,0.5388026607538803,0.49002217294900224,95.0,148.0,208.0,230.0,0.4611973392461197,0.5099778270509978,126.0,82.0,0.7654867256637168,-0.0745059715451448,0.781038374717833,,0.0,0.0,0.781038374717833,0.21460176991150443,0.01991150442477876,0.7853982300884956,0.9800884955752213,0.0,0.0,0.9601769911504425,0.5707964601769913,0.19469026548672566,443.0,355.0,0.9800884955752213,0.7853982300884956,346.0,97.0,9.0,97.0,0.01991150442477876,0.21460176991150443,9.0,0.0
6,44,dcn,640x320x160,0.35,3,64,0,0.0015,0.0003,1.6,0.02,512,threshold,1,0.64,0.4649597137029386,0.09728505611419677,0.9097815764482431,0.8180924834498283,0.9050042408821035,,0.9158576051779935,0.9050042408821035,0.010853364295890011,0.456315289648623,0.44017094017094016,0.543684710351377,0.5598290598290598,0.0,0.0,0.11965811965811968,0.087369420702754,0.01614434947768284,1179.0,1145.0,0.5598290598290598,0.543684710351377,1067.0,112.0,927.0,961.0,0.44017094017094016,0.456315289648623,78.0,849.0,0.4811529933481153,-0.038326667457858905,0.48559670781893005,,0.47596153846153844,0.47596153846153844,0.009635169357391615,0.49667405764966743,0.4611973392461197,0.5033259423503326,0.5388026607538803,0.0,0.0,0.07760532150776056,0.006651884700665134,0.03547671840354771,243.0,227.0,0.5388026607538803,0.5033259423503326,118.0,125.0,208.0,224.0,0.4611973392461197,0.49667405764966743,109.0,99.0,0.7699115044247787,-0.07352704057485168,0.7855530474040632,,0.0,0.0,0.7855530474040632,0.21017699115044247,0.01991150442477876,0.7898230088495575,0.9800884955752213,0.0,0.0,0.9601769911504425,0.579646017699115,0.1902654867256637,443.0,357.0,0.9800884955752213,0.7898230088495575,348.0,95.0,9.0,95.0,0.01991150442477876,0.21017699115044247,9.0,0.0
66,45,dcn,256x128,0.45,2,48,0,0.0008,0.0003,1.5,0.01,512,threshold,2,0.8,0.4834515522117148,0.08297991305589676,0.9320987654320988,0.8656892623503581,0.9872773536895675,,0.8619201725997843,0.8619201725997843,0.12535718108978322,0.3865147198480532,0.44017094017094016,0.6134852801519468,0.5598290598290598,0.0,0.0,0.11965811965811968,0.22697056030389362,0.05365622032288697,1179.0,1292.0,0.5598290598290598,0.6134852801519468,1164.0,15.0,927.0,814.0,0.44017094017094016,0.3865147198480532,128.0,799.0,0.49223946784922396,-0.01574064804776711,0.49382716049382713,,0.49038461538461536,0.49038461538461536,0.00344254510921177,0.49889135254988914,0.4611973392461197,0.5011086474501109,0.5388026607538803,0.0,0.0,0.07760532150776056,0.0022172949002217113,0.037694013303769425,243.0,226.0,0.5388026607538803,0.5011086474501109,120.0,123.0,208.0,225.0,0.4611973392461197,0.49889135254988914,106.0,102.0,0.7831858407079646,-0.07057665685379971,0.7990970654627539,,0.0,0.0,0.7990970654627539,0.19690265486725664,0.01991150442477876,0.8030973451327433,0.9800884955752213,0.0,0.0,0.9601769911504425,0.6061946902654867,0.17699115044247787,443.0,363.0,0.9800884955752213,0.8030973451327433,354.0,89.0,9.0,89.0,0.01991150442477876,0.19690265486725664,9.0,0.0
68,44,dcn,256x128,0.25,6,48,0,0.0005,5e-05,1.5,0.02,768,threshold,2,0.89,0.3934171855445568,0.08749002714951833,0.9169040835707503,0.8392174662330996,0.9957591178965225,,0.8166127292340885,0.8166127292340885,0.17914638866243404,0.36182336182336183,0.44017094017094016,0.6381766381766382,0.5598290598290598,0.0,0.0,0.11965811965811968,0.27635327635327633,0.07834757834757833,1179.0,1344.0,0.5598290598290598,0.6381766381766382,1174.0,5.0,927.0,762.0,0.44017094017094016,0.36182336182336183,170.0,757.0,0.4079822616407982,-0.18407846665812624,0.411522633744856,,0.40384615384615385,0.40384615384615385,0.0076764798987021265,0.5033259423503326,0.4611973392461197,0.49667405764966743,0.5388026607538803,0.0,0.0,0.07760532150776056,0.006651884700665134,0.04212860310421285,243.0,224.0,0.5388026607538803,0.49667405764966743,100.0,143.0,208.0,227.0,0.4611973392461197,0.5033259423503326,124.0,84.0,0.7831858407079646,-0.07057665685379971,0.7990970654627539,,0.0,0.0,0.7990970654627539,0.19690265486725664,0.01991150442477876,0.8030973451327433,0.9800884955752213,0.0,0.0,0.9601769911504425,0.6061946902654867,0.17699115044247787,443.0,363.0,0.9800884955752213,0.8030973451327433,354.0,89.0,9.0,89.0,0.01991150442477876,0.19690265486725664,9.0,0.0
41,45,dcn,640x320x160,0.45,2,96,0,0.0015,5e-05,1.2,0.02,768,threshold,2,0.54,0.3682699361764402,0.09642379234234492,0.9515669515669516,0.9027398106629595,0.9838846480067854,,0.9104638619201726,0.9104638619201726,0.07342078608661284,0.4097815764482431,0.44017094017094016,0.5902184235517569,0.5598290598290598,0.0,0.0,0.11965811965811968,0.18043684710351382,0.03038936372269707,1179.0,1243.0,0.5598290598290598,0.5902184235517569,1160.0,19.0,927.0,863.0,0.44017094017094016,0.4097815764482431,83.0,844.0,0.38802660753880264,-0.22247293090722364,0.38271604938271603,,0.3942307692307692,0.38271604938271603,0.01151471984805319,0.5144124168514412,0.4611973392461197,0.48558758314855877,0.5388026607538803,0.0,0.0,0.07760532150776056,0.02882483370288247,0.053215077605321515,243.0,219.0,0.5388026607538803,0.48558758314855877,93.0,150.0,208.0,232.0,0.4611973392461197,0.5144124168514412,126.0,82.0,0.7986725663716814,-0.06710045356150252,0.8148984198645598,,0.0,0.0,0.8148984198645598,0.18141592920353983,0.01991150442477876,0.8185840707964602,0.9800884955752213,0.0,0.0,0.9601769911504425,0.6371681415929205,0.16150442477876106,443.0,370.0,0.9800884955752213,0.8185840707964602,361.0,82.0,9.0,82.0,0.01991150442477876,0.18141592920353983,9.0,0.0
50,44,dcn,384x192x96,0.4,4,96,0,0.001,0.0001,1.5,0.05,512,threshold,2,0.76,0.47718782046017816,0.1636681318283081,0.9738841405508072,0.9470045307074921,0.9821882951653944,,0.9633225458468176,0.9633225458468176,0.018865749318576763,0.43399810066476735,0.44017094017094016,0.5660018993352327,0.5598290598290598,0.0,0.0,0.11965811965811968,0.13200379867046536,0.006172839506172811,1179.0,1192.0,0.5598290598290598,0.5660018993352327,1158.0,21.0,927.0,914.0,0.44017094017094016,0.43399810066476735,34.0,893.0,0.5011086474501109,0.0034325764265016037,0.49382716049382713,,0.5096153846153846,0.49382716049382713,0.015788224121557448,0.5077605321507761,0.4611973392461197,0.49223946784922396,0.5388026607538803,0.0,0.0,0.07760532150776056,0.015521064301552145,0.04656319290465638,243.0,222.0,0.5388026607538803,0.49223946784922396,120.0,123.0,208.0,229.0,0.4611973392461197,0.5077605321507761,102.0,106.0,0.7986725663716814,-0.06710045356150252,0.8148984198645598,,0.0,0.0,0.8148984198645598,0.18141592920353983,0.01991150442477876,0.8185840707964602,0.9800884955752213,0.0,0.0,0.9601769911504425,0.6371681415929205,0.16150442477876106,443.0,370.0,0.9800884955752213,0.8185840707964602,361.0,82.0,9.0,82.0,0.01991150442477876,0.18141592920353983,9.0,0.0
57,44,dcn,512x256x128,0.45,3,128,0,0.001,0.0001,1.6,0.01,512,threshold,4,0.64,0.45903723935905505,0.053883852809667586,0.9947768281101614,0.9894035928802765,0.9949109414758269,,0.9946062567421791,0.9946062567421791,0.0003046847336478642,0.4406457739791073,0.44017094017094016,0.5593542260208927,0.5598290598290598,0.0,0.0,0.11965811965811968,0.11870845204178537,0.00047483380816715215,1179.0,1178.0,0.5598290598290598,0.5593542260208927,1173.0,6.0,927.0,928.0,0.44017094017094016,0.4406457739791073,5.0,922.0,0.4656319290465632,-0.06842779691781398,0.46502057613168724,,0.46634615384615385,0.46502057613168724,0.0013255777144666192,0.5033259423503326,0.4611973392461197,0.49667405764966743,0.5388026607538803,0.0,0.0,0.07760532150776056,0.006651884700665134,0.04212860310421285,243.0,224.0,0.5388026607538803,0.49667405764966743,113.0,130.0,208.0,227.0,0.4611973392461197,0.5033259423503326,111.0,97.0,0.8030973451327433,-0.06609869955943631,0.8194130925507901,,0.0,0.0,0.8194130925507901,0.17699115044247787,0.01991150442477876,0.8230088495575221,0.9800884955752213,0.0,0.0,0.9601769911504425,0.6460176991150441,0.1570796460176991,443.0,372.0,0.9800884955752213,0.8230088495575221,363.0,80.0,9.0,80.0,0.01991150442477876,0.17699115044247787,9.0,0.0
23,45,dcn,384x192x96,0.25,4,128,0,0.0003,5e-05,1.5,0.02,512,threshold,3,0.56,0.4554067392007771,0.08139172196388245,0.9843304843304843,0.968219879981528,0.9906700593723494,,0.9762675296655879,0.9762675296655879,0.01440252970676148,0.4349477682811016,0.44017094017094016,0.5650522317188984,0.5598290598290598,0.0,0.0,0.11965811965811968,0.1301044634377968,0.005223171889838563,1179.0,1190.0,0.5598290598290598,0.5650522317188984,1168.0,11.0,927.0,916.0,0.44017094017094016,0.4349477682811016,22.0,905.0,0.4611973392461197,-0.07732400228245338,0.4609053497942387,,0.46153846153846156,0.4609053497942387,0.0006331117442228695,0.5033259423503326,0.4611973392461197,0.49667405764966743,0.5388026607538803,0.0,0.0,0.07760532150776056,0.006651884700665134,0.04212860310421285,243.0,224.0,0.5388026607538803,0.49667405764966743,112.0,131.0,208.0,227.0,0.4611973392461197,0.5033259423503326,112.0,96.0,0.8053097345132744,-0.06559617583412367,0.8216704288939052,,0.0,0.0,0.8216704288939052,0.1747787610619469,0.01991150442477876,0.8252212389380531,0.9800884955752213,0.0,0.0,0.9601769911504425,0.6504424778761062,0.15486725663716813,443.0,373.0,0.9800884955752213,0.8252212389380531,364.0,79.0,9.0,79.0,0.01991150442477876,0.1747787610619469,9.0,0.0
31,44,dcn,384x192x96,0.3,5,128,0,0.0005,0.0003,1.6,0.05,384,threshold,5,0.58,0.48082024030872267,0.1478806957602501,0.9976258309591642,0.9951851805787528,0.9991518235793045,,0.9956850053937433,0.9956850053937433,0.003466818185561271,0.43874643874643876,0.44017094017094016,0.5612535612535613,0.5598290598290598,0.0,0.0,0.11965811965811968,0.12250712250712253,0.001424501424501401,1179.0,1182.0,0.5598290598290598,0.5612535612535613,1178.0,1.0,927.0,924.0,0.44017094017094016,0.43874643874643876,4.0,923.0,0.49223946784922396,-0.015050564729977532,0.4897119341563786,,0.4951923076923077,0.4897119341563786,0.005480373535929117,0.5033259423503326,0.4611973392461197,0.49667405764966743,0.5388026607538803,0.0,0.0,0.07760532150776056,0.006651884700665134,0.04212860310421285,243.0,224.0,0.5388026607538803,0.49667405764966743,119.0,124.0,208.0,227.0,0.4611973392461197,0.5033259423503326,105.0,103.0,0.8075221238938053,-0.06509249102119562,0.8239277652370203,,0.0,0.0,0.8239277652370203,0.17256637168141592,0.01991150442477876,0.827433628318584,0.9800884955752213,0.0,0.0,0.9601769911504425,0.654867256637168,0.15265486725663716,443.0,374.0,0.9800884955752213,0.827433628318584,365.0,78.0,9.0,78.0,0.01991150442477876,0.17256637168141592,9.0,0.0
63,45,dcn,256x128,0.25,5,96,0,0.0008,5e-05,1.2,0.0,384,threshold,1,0.84,0.5125914800847051,0.007266162215576817,0.9382716049382716,0.8782153169165889,0.991518235793045,,0.8705501618122977,0.8705501618122977,0.12096807398074727,0.3879392212725546,0.44017094017094016,0.6120607787274454,0.5598290598290598,0.0,0.0,0.11965811965811968,0.22412155745489076,0.05223171889838557,1179.0,1289.0,0.5598290598290598,0.6120607787274454,1169.0,10.0,927.0,817.0,0.44017094017094016,0.3879392212725546,120.0,807.0,0.5210643015521065,0.04173918082389575,0.522633744855967,,0.5192307692307693,0.5192307692307693,0.003402975625197757,0.49667405764966743,0.4611973392461197,0.5033259423503326,0.5388026607538803,0.0,0.0,0.07760532150776056,0.006651884700665134,0.03547671840354771,243.0,227.0,0.5388026607538803,0.5033259423503326,127.0,116.0,208.0,224.0,0.4611973392461197,0.49667405764966743,100.0,108.0,0.8075221238938053,-0.06509249102119562,0.8239277652370203,,0.0,0.0,0.8239277652370203,0.17256637168141592,0.01991150442477876,0.827433628318584,0.9800884955752213,0.0,0.0,0.9601769911504425,0.654867256637168,0.15265486725663716,443.0,374.0,0.9800884955752213,0.827433628318584,365.0,78.0,9.0,78.0,0.01991150442477876,0.17256637168141592,9.0,0.0
15,45,dcn,384x192x96,0.4,5,48,0,0.001,0.0003,1.3,0.01,384,threshold,4,0.79,0.3589215867942155,0.049109297494093575,0.9943019943019943,0.9884710902661774,0.9991518235793045,,0.9881337648327939,0.9881337648327939,0.011018058746510628,0.43542260208926875,0.44017094017094016,0.5645773979107312,0.5598290598290598,0.0,0.0,0.11965811965811968,0.1291547958214625,0.0047483380816714105,1179.0,1189.0,0.5598290598290598,0.5645773979107312,1178.0,1.0,927.0,917.0,0.44017094017094016,0.43542260208926875,11.0,916.0,0.36585365853658536,-0.2676041979362598,0.3662551440329218,,0.36538461538461536,0.36538461538461536,0.0008705286483064456,0.5099778270509978,0.4611973392461197,0.49002217294900224,0.5388026607538803,0.0,0.0,0.07760532150776056,0.019955654101995568,0.04878048780487809,243.0,221.0,0.5388026607538803,0.49002217294900224,89.0,154.0,208.0,230.0,0.4611973392461197,0.5099778270509978,132.0,76.0,0.8119469026548672,-0.06408144042666516,0.8284424379232506,,0.0,0.0,0.8284424379232506,0.168141592920354,0.01991150442477876,0.831858407079646,0.9800884955752213,0.0,0.0,0.9601769911504425,0.663716814159292,0.14823008849557523,443.0,376.0,0.9800884955752213,0.831858407079646,367.0,76.0,9.0,76.0,0.01991150442477876,0.168141592920354,9.0,0.0
24,45,dcn,384x192x96,0.35,2,64,0,0.0008,0.0003,1.2,0.01,512,threshold,4,0.77,0.4596040428255876,0.05331751555204391,0.9791073124406457,0.9580122200626964,0.996607294317218,,0.9568500539374326,0.9568500539374326,0.03975724037978534,0.4230769230769231,0.44017094017094016,0.5769230769230769,0.5598290598290598,0.0,0.0,0.11965811965811968,0.1538461538461538,0.01709401709401709,1179.0,1215.0,0.5598290598290598,0.5769230769230769,1175.0,4.0,927.0,891.0,0.44017094017094016,0.4230769230769231,40.0,887.0,0.4678492239467849,-0.06432362566888289,0.4691358024691358,,0.46634615384615385,0.46634615384615385,0.0027896486229819217,0.5011086474501109,0.4611973392461197,0.49889135254988914,0.5388026607538803,0.0,0.0,0.07760532150776056,0.0022172949002217113,0.039911308203991136,243.0,225.0,0.5388026607538803,0.49889135254988914,114.0,129.0,208.0,226.0,0.4611973392461197,0.5011086474501109,111.0,97.0,0.8141592920353983,-0.06357397227797568,0.8306997742663657,,0.0,0.0,0.8306997742663657,0.16592920353982302,0.01991150442477876,0.834070796460177,0.9800884955752213,0.0,0.0,0.9601769911504425,0.668141592920354,0.14601769911504425,443.0,377.0,0.9800884955752213,0.834070796460177,368.0,75.0,9.0,75.0,0.01991150442477876,0.16592920353982302,9.0,0.0
22,44,dcn,256x128,0.4,6,128,0,0.0008,0.0003,1.4,0.0,768,threshold,8,0.9,0.2992664370408272,0.011806073055292169,1.0,1.0,1.0,,1.0,1.0,0.0,0.44017094017094016,0.44017094017094016,0.5598290598290598,0.5598290598290598,0.0,0.0,0.11965811965811968,0.11965811965811968,0.0,1179.0,1179.0,0.5598290598290598,0.5598290598290598,1179.0,0.0,927.0,927.0,0.44017094017094016,0.44017094017094016,0.0,927.0,0.4700665188470067,-0.04966152453203933,0.4074074074074074,,0.5432692307692307,0.4074074074074074,0.13586182336182334,0.5698447893569845,0.4611973392461197,0.43015521064301554,0.5388026607538803,0.0,0.0,0.07760532150776056,0.13968957871396892,0.10864745011086474,243.0,194.0,0.5388026607538803,0.43015521064301554,99.0,144.0,208.0,257.0,0.4611973392461197,0.5698447893569845,95.0,113.0,0.8185840707964602,-0.06255488307801442,0.835214446952596,,0.0,0.0,0.835214446952596,0.16150442477876106,0.01991150442477876,0.838495575221239,0.9800884955752213,0.0,0.0,0.9601769911504425,0.6769911504424779,0.1415929203539823,443.0,379.0,0.9800884955752213,0.838495575221239,370.0,73.0,9.0,73.0,0.01991150442477876,0.16150442477876106,9.0,0.0
70,44,dcn,640x320x160,0.35,3,32,0,0.0005,5e-05,1.4,0.0,512,threshold,3,0.65,0.4299922782476983,0.0410862285643816,0.9601139601139601,0.9191159891100145,0.9754028837998303,,0.9406688241639698,0.9406688241639698,0.034734059635860515,0.4278252611585945,0.44017094017094016,0.5721747388414055,0.5598290598290598,0.0,0.0,0.11965811965811968,0.14434947768281098,0.012345679012345678,1179.0,1205.0,0.5598290598290598,0.5721747388414055,1150.0,29.0,927.0,901.0,0.44017094017094016,0.4278252611585945,55.0,872.0,0.43680709534368073,-0.125912887967378,0.43621399176954734,,0.4375,0.43621399176954734,0.001286008230452662,0.5055432372505543,0.4611973392461197,0.49445676274944567,0.5388026607538803,0.0,0.0,0.07760532150776056,0.011086474501108612,0.04434589800443456,243.0,223.0,0.5388026607538803,0.49445676274944567,106.0,137.0,208.0,228.0,0.4611973392461197,0.5055432372505543,117.0,91.0,0.8185840707964602,-0.06255488307801442,0.835214446952596,,0.0,0.0,0.835214446952596,0.16150442477876106,0.01991150442477876,0.838495575221239,0.9800884955752213,0.0,0.0,0.9601769911504425,0.6769911504424779,0.1415929203539823,443.0,379.0,0.9800884955752213,0.838495575221239,370.0,73.0,9.0,73.0,0.01991150442477876,0.16150442477876106,9.0,0.0
5,45,dcn,256x128,0.25,6,128,0,0.001,0.0001,1.5,0.01,768,threshold,5,0.83,0.4172014425401959,0.052019987255334854,0.9976258309591642,0.9951914697188712,1.0,,0.9946062567421791,0.9946062567421791,0.005393743257820938,0.43779677113010446,0.44017094017094016,0.5622032288698955,0.5598290598290598,0.0,0.0,0.11965811965811968,0.12440645773979103,0.0023741690408357052,1179.0,1184.0,0.5598290598290598,0.5622032288698955,1179.0,0.0,927.0,922.0,0.44017094017094016,0.43779677113010446,5.0,922.0,0.42350332594235035,-0.15260255386427013,0.42386831275720166,,0.4230769230769231,0.4230769230769231,0.0007913896802785869,0.5055432372505543,0.4611973392461197,0.49445676274944567,0.5388026607538803,0.0,0.0,0.07760532150776056,0.011086474501108612,0.04434589800443456,243.0,223.0,0.5388026607538803,0.49445676274944567,103.0,140.0,208.0,228.0,0.4611973392461197,0.5055432372505543,120.0,88.0,0.8230088495575221,-0.06152988142150335,0.8397291196388262,,0.0,0.0,0.8397291196388262,0.1570796460176991,0.01991150442477876,0.8429203539823009,0.9800884955752213,0.0,0.0,0.9601769911504425,0.6858407079646018,0.13716814159292035,443.0,381.0,0.9800884955752213,0.8429203539823009,372.0,71.0,9.0,71.0,0.01991150442477876,0.1570796460176991,9.0,0.0
15,44,dcn,384x192x96,0.4,5,48,0,0.001,0.0003,1.3,0.01,384,threshold,1,0.77,0.3573793955467397,0.06424642602602641,0.9259259259259259,0.8513985768505129,0.9720101781170484,,0.8673139158576052,0.8673139158576052,0.10469626225944317,0.3974358974358974,0.44017094017094016,0.6025641025641025,0.5598290598290598,0.0,0.0,0.11965811965811968,0.20512820512820512,0.04273504273504275,1179.0,1269.0,0.5598290598290598,0.6025641025641025,1146.0,33.0,927.0,837.0,0.44017094017094016,0.3974358974358974,123.0,804.0,0.36807095343680707,-0.2628359058641287,0.3662551440329218,,0.3701923076923077,0.3662551440329218,0.0039371636593859005,0.5121951219512195,0.4611973392461197,0.4878048780487805,0.5388026607538803,0.0,0.0,0.07760532150776056,0.024390243902439046,0.0509977827050998,243.0,220.0,0.5388026607538803,0.4878048780487805,89.0,154.0,208.0,231.0,0.4611973392461197,0.5121951219512195,131.0,77.0,0.8252212389380531,-0.06101501609363995,0.8419864559819413,,0.0,0.0,0.8419864559819413,0.15486725663716813,0.01991150442477876,0.8451327433628318,0.9800884955752213,0.0,0.0,0.9601769911504425,0.6902654867256637,0.13495575221238937,443.0,382.0,0.9800884955752213,0.8451327433628318,373.0,70.0,9.0,70.0,0.01991150442477876,0.15486725663716813,9.0,0.0
27,45,dcn,384x192x96,0.45,3,96,0,0.001,5e-05,1.5,0.02,512,threshold,3,0.84,0.39870960403141975,0.09446650445461273,0.9810066476733144,0.9618301087353471,0.9974554707379135,,0.9600862998921251,0.9600862998921251,0.03736917084578839,0.4240265906932574,0.44017094017094016,0.5759734093067427,0.5598290598290598,0.0,0.0,0.11965811965811968,0.1519468186134853,0.016144349477682784,1179.0,1213.0,0.5598290598290598,0.5759734093067427,1176.0,3.0,927.0,893.0,0.44017094017094016,0.4240265906932574,37.0,890.0,0.4124168514412417,-0.17518226129348685,0.4156378600823045,,0.40865384615384615,0.40865384615384615,0.006984013928458377,0.5033259423503326,0.4611973392461197,0.49667405764966743,0.5388026607538803,0.0,0.0,0.07760532150776056,0.006651884700665134,0.04212860310421285,243.0,224.0,0.5388026607538803,0.49667405764966743,101.0,142.0,208.0,227.0,0.4611973392461197,0.5033259423503326,123.0,85.0,0.8252212389380531,-0.06101501609363995,0.8419864559819413,,0.0,0.0,0.8419864559819413,0.15486725663716813,0.01991150442477876,0.8451327433628318,0.9800884955752213,0.0,0.0,0.9601769911504425,0.6902654867256637,0.13495575221238937,443.0,382.0,0.9800884955752213,0.8451327433628318,373.0,70.0,9.0,70.0,0.01991150442477876,0.15486725663716813,9.0,0.0
9,44,dcn,512x256x128,0.25,6,64,0,0.0003,1e-05,1.3,0.01,384,threshold,7,0.74,0.4554067392007771,0.04777875542640686,0.9985754985754985,0.9971127803822081,1.0,,0.9967637540453075,0.9967637540453075,0.003236245954692518,0.43874643874643876,0.44017094017094016,0.5612535612535613,0.5598290598290598,0.0,0.0,0.11965811965811968,0.12250712250712253,0.001424501424501401,1179.0,1182.0,0.5598290598290598,0.5612535612535613,1179.0,0.0,927.0,924.0,0.44017094017094016,0.43874643874643876,3.0,924.0,0.4611973392461197,-0.07732400228245338,0.4609053497942387,,0.46153846153846156,0.4609053497942387,0.0006331117442228695,0.5033259423503326,0.4611973392461197,0.49667405764966743,0.5388026607538803,0.0,0.0,0.07760532150776056,0.006651884700665134,0.04212860310421285,243.0,224.0,0.5388026607538803,0.49667405764966743,112.0,131.0,208.0,227.0,0.4611973392461197,0.5033259423503326,112.0,96.0,0.827433628318584,-0.06049849207439336,0.8442437923250564,,0.0,0.0,0.8442437923250564,0.15265486725663716,0.01991150442477876,0.8473451327433629,0.9800884955752213,0.0,0.0,0.9601769911504425,0.6946902654867257,0.1327433628318584,443.0,383.0,0.9800884955752213,0.8473451327433629,374.0,69.0,9.0,69.0,0.01991150442477876,0.15265486725663716,9.0,0.0
40,45,dcn,384x192x96,0.25,5,64,0,0.0015,0.0001,1.3,0.05,384,threshold,1,0.7,0.40661660556647006,0.1527763307094574,0.9316239316239316,0.8616188423865673,0.9321458863443596,,0.9309600862998921,0.9309600862998921,0.0011858000444674444,0.44776828110161443,0.44017094017094016,0.5522317188983855,0.5598290598290598,0.0,0.0,0.11965811965811968,0.10446343779677109,0.007597340930674268,1179.0,1163.0,0.5598290598290598,0.5522317188983855,1099.0,80.0,927.0,943.0,0.44017094017094016,0.44776828110161443,64.0,863.0,0.4146341463414634,-0.17039566446219823,0.4156378600823045,,0.41346153846153844,0.41346153846153844,0.0021763216207660863,0.5055432372505543,0.4611973392461197,0.49445676274944567,0.5388026607538803,0.0,0.0,0.07760532150776056,0.011086474501108612,0.04434589800443456,243.0,223.0,0.5388026607538803,0.49445676274944567,101.0,142.0,208.0,228.0,0.4611973392461197,0.5055432372505543,122.0,86.0,0.827433628318584,-0.06049849207439336,0.8442437923250564,,0.0,0.0,0.8442437923250564,0.15265486725663716,0.01991150442477876,0.8473451327433629,0.9800884955752213,0.0,0.0,0.9601769911504425,0.6946902654867257,0.1327433628318584,443.0,383.0,0.9800884955752213,0.8473451327433629,374.0,69.0,9.0,69.0,0.01991150442477876,0.15265486725663716,9.0,0.0
42,45,dcn,384x192x96,0.4,5,64,0,0.001,5e-05,1.3,0.01,512,threshold,2,0.76,0.4445142788808101,0.060999953746795656,0.9710351377018044,0.9412071538584891,0.9787955894826124,,0.9611650485436893,0.9611650485436893,0.017630540938923023,0.4349477682811016,0.44017094017094016,0.5650522317188984,0.5598290598290598,0.0,0.0,0.11965811965811968,0.1301044634377968,0.005223171889838563,1179.0,1190.0,0.5598290598290598,0.5650522317188984,1154.0,25.0,927.0,916.0,0.44017094017094016,0.4349477682811016,36.0,891.0,0.45454545454545453,-0.09032666677152185,0.45267489711934156,,0.4567307692307692,0.45267489711934156,0.004055872111427661,0.5055432372505543,0.4611973392461197,0.49445676274944567,0.5388026607538803,0.0,0.0,0.07760532150776056,0.011086474501108612,0.04434589800443456,243.0,223.0,0.5388026607538803,0.49445676274944567,110.0,133.0,208.0,228.0,0.4611973392461197,0.5055432372505543,113.0,95.0,0.827433628318584,-0.06049849207439336,0.8442437923250564,,0.0,0.0,0.8442437923250564,0.15265486725663716,0.01991150442477876,0.8473451327433629,0.9800884955752213,0.0,0.0,0.9601769911504425,0.6946902654867257,0.1327433628318584,443.0,383.0,0.9800884955752213,0.8473451327433629,374.0,69.0,9.0,69.0,0.01991150442477876,0.15265486725663716,9.0,0.0
62,45,dcn,384x192x96,0.35,5,48,0,0.001,0.0005,1.2,0.02,512,threshold,4,0.75,0.4172646949306841,0.08007116466760636,0.9924026590693258,0.9846126125381652,0.9974554707379135,,0.9859762675296656,0.9859762675296656,0.011479203208247912,0.43542260208926875,0.44017094017094016,0.5645773979107312,0.5598290598290598,0.0,0.0,0.11965811965811968,0.1291547958214625,0.0047483380816714105,1179.0,1189.0,0.5598290598290598,0.5645773979107312,1176.0,3.0,927.0,917.0,0.44017094017094016,0.43542260208926875,13.0,914.0,0.43237250554323725,-0.13549186897257176,0.43621399176954734,,0.42788461538461536,0.42788461538461536,0.008329376384931975,0.5011086474501109,0.4611973392461197,0.49889135254988914,0.5388026607538803,0.0,0.0,0.07760532150776056,0.0022172949002217113,0.039911308203991136,243.0,225.0,0.5388026607538803,0.49889135254988914,106.0,137.0,208.0,226.0,0.4611973392461197,0.5011086474501109,119.0,89.0,0.827433628318584,-0.06049849207439336,0.8442437923250564,,0.0,0.0,0.8442437923250564,0.15265486725663716,0.01991150442477876,0.8473451327433629,0.9800884955752213,0.0,0.0,0.9601769911504425,0.6946902654867257,0.1327433628318584,443.0,383.0,0.9800884955752213,0.8473451327433629,374.0,69.0,9.0,69.0,0.01991150442477876,0.15265486725663716,9.0,0.0
45,44,dcn,512x256x128,0.35,5,48,0,0.0005,0.0001,1.4,0.05,384,threshold,3,0.58,0.37553285618326265,0.14692223568757376,0.9890788224121557,0.9779000183356255,0.9864291772688719,,0.9924487594390508,0.9864291772688719,0.006019582170178839,0.4444444444444444,0.44017094017094016,0.5555555555555556,0.5598290598290598,0.0,0.0,0.11965811965811968,0.11111111111111116,0.004273504273504258,1179.0,1170.0,0.5598290598290598,0.5555555555555556,1163.0,16.0,927.0,936.0,0.44017094017094016,0.4444444444444444,7.0,920.0,0.3835920177383592,-0.23201307635877433,0.38271604938271603,,0.38461538461538464,0.38271604938271603,0.0018993352326686086,0.5099778270509978,0.4611973392461197,0.49002217294900224,0.5388026607538803,0.0,0.0,0.07760532150776056,0.019955654101995568,0.04878048780487809,243.0,221.0,0.5388026607538803,0.49002217294900224,93.0,150.0,208.0,230.0,0.4611973392461197,0.5099778270509978,128.0,80.0,0.8296460176991151,-0.059980245054848925,0.8465011286681715,,0.0,0.0,0.8465011286681715,0.1504424778761062,0.01991150442477876,0.8495575221238938,0.9800884955752213,0.0,0.0,0.9601769911504425,0.6991150442477876,0.13053097345132744,443.0,384.0,0.9800884955752213,0.8495575221238938,375.0,68.0,9.0,68.0,0.01991150442477876,0.1504424778761062,9.0,0.0
47,45,dcn,640x320x160,0.4,6,96,0,0.001,0.0005,1.6,0.05,384,threshold,1,0.78,0.45177527919736593,0.17939425508181253,0.9382716049382716,0.8752274643588662,0.9686174724342663,,0.8996763754045307,0.8996763754045307,0.06894109702973561,0.41358024691358025,0.44017094017094016,0.5864197530864198,0.5598290598290598,0.0,0.0,0.11965811965811968,0.17283950617283955,0.02659069325735991,1179.0,1235.0,0.5598290598290598,0.5864197530864198,1142.0,37.0,927.0,871.0,0.44017094017094016,0.41358024691358025,93.0,834.0,0.4634146341463415,-0.07253355617359376,0.4609053497942387,,0.46634615384615385,0.4609053497942387,0.00544080405191516,0.5055432372505543,0.4611973392461197,0.49445676274944567,0.5388026607538803,0.0,0.0,0.07760532150776056,0.011086474501108612,0.04434589800443456,243.0,223.0,0.5388026607538803,0.49445676274944567,112.0,131.0,208.0,228.0,0.4611973392461197,0.5055432372505543,111.0,97.0,0.8296460176991151,-0.059980245054848925,0.8465011286681715,,0.0,0.0,0.8465011286681715,0.1504424778761062,0.01991150442477876,0.8495575221238938,0.9800884955752213,0.0,0.0,0.9601769911504425,0.6991150442477876,0.13053097345132744,443.0,384.0,0.9800884955752213,0.8495575221238938,375.0,68.0,9.0,68.0,0.01991150442477876,0.1504424778761062,9.0,0.0
37,45,dcn,384x192x96,0.35,4,64,0,0.0003,0.0003,1.6,0.0,384,threshold,1,0.64,0.4771897401504448,0.05063753512998422,0.8874643874643875,0.7711764347582932,0.914334181509754,,0.8532901833872708,0.8532901833872708,0.06104399812248318,0.4235517568850902,0.44017094017094016,0.5764482431149098,0.5598290598290598,0.0,0.0,0.11965811965811968,0.1528964862298196,0.016619183285849937,1179.0,1214.0,0.5598290598290598,0.5764482431149098,1078.0,101.0,927.0,892.0,0.44017094017094016,0.4235517568850902,136.0,791.0,0.4878048780487805,-0.02394677009461694,0.48559670781893005,,0.49038461538461536,0.48559670781893005,0.004787907565685312,0.5033259423503326,0.4611973392461197,0.49667405764966743,0.5388026607538803,0.0,0.0,0.07760532150776056,0.006651884700665134,0.04212860310421285,243.0,224.0,0.5388026607538803,0.49667405764966743,118.0,125.0,208.0,227.0,0.4611973392461197,0.5033259423503326,106.0,102.0,0.831858407079646,-0.059460208562815836,0.8487584650112867,,0.0,0.0,0.8487584650112867,0.14823008849557523,0.01991150442477876,0.8517699115044248,0.9800884955752213,0.0,0.0,0.9601769911504425,0.7035398230088497,0.12831858407079647,443.0,385.0,0.9800884955752213,0.8517699115044248,376.0,67.0,9.0,67.0,0.01991150442477876,0.14823008849557523,9.0,0.0
1,44,dcn,384x192x96,0.3,5,128,0,0.0015,1e-05,1.3,0.05,768,threshold,2,0.36,0.4445142788808101,0.1722143441438675,0.9743589743589743,0.948993532097603,0.9592875318066157,,0.9935275080906149,0.9592875318066157,0.03423997628399911,0.4601139601139601,0.44017094017094016,0.5398860398860399,0.5598290598290598,0.0,0.0,0.11965811965811968,0.07977207977207978,0.019943019943019946,1179.0,1137.0,0.5598290598290598,0.5398860398860399,1131.0,48.0,927.0,969.0,0.44017094017094016,0.4601139601139601,6.0,921.0,0.45454545454545453,-0.09032666677152185,0.45267489711934156,,0.4567307692307692,0.45267489711934156,0.004055872111427661,0.5055432372505543,0.4611973392461197,0.49445676274944567,0.5388026607538803,0.0,0.0,0.07760532150776056,0.011086474501108612,0.04434589800443456,243.0,223.0,0.5388026607538803,0.49445676274944567,110.0,133.0,208.0,228.0,0.4611973392461197,0.5055432372505543,113.0,95.0,0.834070796460177,-0.058938313844960004,0.8510158013544018,,0.0,0.0,0.8510158013544018,0.14601769911504425,0.01991150442477876,0.8539823008849557,0.9800884955752213,0.0,0.0,0.9601769911504425,0.7079646017699115,0.1261061946902655,443.0,386.0,0.9800884955752213,0.8539823008849557,377.0,66.0,9.0,66.0,0.01991150442477876,0.14601769911504425,9.0,0.0
67,45,dcn,384x192x96,0.45,3,96,0,0.0008,1e-05,1.4,0.01,768,threshold,6,0.86,0.4013241870796071,0.05476995060841242,0.9924026590693258,0.98467354802569,1.0,,0.982740021574973,0.982740021574973,0.017259978425027023,0.4325735992402659,0.44017094017094016,0.567426400759734,0.5598290598290598,0.0,0.0,0.11965811965811968,0.13485280151946816,0.007597340930674268,1179.0,1195.0,0.5598290598290598,0.567426400759734,1179.0,0.0,927.0,911.0,0.44017094017094016,0.4325735992402659,16.0,911.0,0.41019955654101997,-0.17929221976116227,0.411522633744856,,0.40865384615384615,0.40865384615384615,0.002868787591009836,0.5055432372505543,0.4611973392461197,0.49445676274944567,0.5388026607538803,0.0,0.0,0.07760532150776056,0.011086474501108612,0.04434589800443456,243.0,223.0,0.5388026607538803,0.49445676274944567,100.0,143.0,208.0,228.0,0.4611973392461197,0.5055432372505543,123.0,85.0,0.8362831858407079,-0.05841448974086526,0.8532731376975169,,0.0,0.0,0.8532731376975169,0.14380530973451328,0.01991150442477876,0.8561946902654868,0.9800884955752213,0.0,0.0,0.9601769911504425,0.7123893805309736,0.12389380530973451,443.0,387.0,0.9800884955752213,0.8561946902654868,378.0,65.0,9.0,65.0,0.01991150442477876,0.14380530973451328,9.0,0.0
2,45,dcn,512x256x128,0.25,2,96,0,0.0003,0.0005,1.5,0.0,768,threshold,2,0.66,0.39870960403141975,0.08794040729602177,0.8817663817663818,0.7687180738515456,0.8422391857506362,,0.9320388349514563,0.8422391857506362,0.08979964920082018,0.4985754985754986,0.44017094017094016,0.5014245014245015,0.5598290598290598,0.0,0.0,0.11965811965811968,0.0028490028490028574,0.05840455840455844,1179.0,1056.0,0.5598290598290598,0.5014245014245015,993.0,186.0,927.0,1050.0,0.44017094017094016,0.4985754985754986,63.0,864.0,0.4124168514412417,-0.17518226129348685,0.4156378600823045,,0.40865384615384615,0.40865384615384615,0.006984013928458377,0.5033259423503326,0.4611973392461197,0.49667405764966743,0.5388026607538803,0.0,0.0,0.07760532150776056,0.006651884700665134,0.04212860310421285,243.0,224.0,0.5388026607538803,0.49667405764966743,101.0,142.0,208.0,227.0,0.4611973392461197,0.5033259423503326,123.0,85.0,0.8451327433628318,-0.056298384189316535,0.8623024830699775,,0.0,0.0,0.8623024830699775,0.13495575221238937,0.01991150442477876,0.8650442477876106,0.9800884955752213,0.0,0.0,0.9601769911504425,0.7300884955752212,0.1150442477876106,443.0,391.0,0.9800884955752213,0.8650442477876106,382.0,61.0,9.0,61.0,0.01991150442477876,0.13495575221238937,9.0,0.0
16,45,dcn,640x320x160,0.25,5,64,0,0.0005,0.0001,1.3,0.01,384,threshold,1,0.31,0.42517169646573444,0.05437381689747175,0.9093067426400759,0.8198173189195014,0.8863443596268024,,0.9385113268608414,0.8863443596268024,0.05216696723403902,0.47673314339981004,0.44017094017094016,0.5232668566001899,0.5598290598290598,0.0,0.0,0.11965811965811968,0.046533713200379856,0.03656220322886988,1179.0,1102.0,0.5598290598290598,0.5232668566001899,1045.0,134.0,927.0,1004.0,0.44017094017094016,0.47673314339981004,57.0,870.0,0.43458980044345896,-0.1307012344702898,0.43621399176954734,,0.4326923076923077,0.4326923076923077,0.0035216840772396285,0.5033259423503326,0.4611973392461197,0.49667405764966743,0.5388026607538803,0.0,0.0,0.07760532150776056,0.006651884700665134,0.04212860310421285,243.0,224.0,0.5388026607538803,0.49667405764966743,106.0,137.0,208.0,227.0,0.4611973392461197,0.5033259423503326,118.0,90.0,0.8473451327433629,-0.055763751513529566,0.8645598194130926,,0.0,0.0,0.8645598194130926,0.13274336283185842,0.01991150442477876,0.8672566371681416,0.9800884955752213,0.0,0.0,0.9601769911504425,0.7345132743362832,0.11283185840707965,443.0,392.0,0.9800884955752213,0.8672566371681416,383.0,60.0,9.0,60.0,0.01991150442477876,0.13274336283185842,9.0,0.0
18,44,dcn,512x256x128,0.3,5,48,0,0.0008,1e-05,1.5,0.0,768,threshold,5,0.76,0.3642140052810785,0.014121303334832191,0.9962013295346629,0.9922961194070037,0.998303647158609,,0.9935275080906149,0.9935275080906149,0.004776139067994123,0.4382716049382716,0.44017094017094016,0.5617283950617284,0.5598290598290598,0.0,0.0,0.11965811965811968,0.12345679012345684,0.001899335232668553,1179.0,1183.0,0.5598290598290598,0.5617283950617284,1177.0,2.0,927.0,923.0,0.44017094017094016,0.4382716049382716,6.0,921.0,0.37028824833702884,-0.2587064175418884,0.37037037037037035,,0.3701923076923077,0.3701923076923077,0.00017806267806264042,0.5099778270509978,0.4611973392461197,0.49002217294900224,0.5388026607538803,0.0,0.0,0.07760532150776056,0.019955654101995568,0.04878048780487809,243.0,221.0,0.5388026607538803,0.49002217294900224,90.0,153.0,208.0,230.0,0.4611973392461197,0.5099778270509978,131.0,77.0,0.8495575221238938,-0.05522670368106501,0.8668171557562077,,0.0,0.0,0.8668171557562077,0.13053097345132744,0.01991150442477876,0.8694690265486725,0.9800884955752213,0.0,0.0,0.9601769911504425,0.7389380530973451,0.11061946902654868,443.0,393.0,0.9800884955752213,0.8694690265486725,384.0,59.0,9.0,59.0,0.01991150442477876,0.13053097345132744,9.0,0.0
53,45,dcn,512x256x128,0.45,6,96,0,0.001,0.0005,1.4,0.0,768,threshold,8,0.8,0.4299922782476983,0.011263529614855846,0.9971509971509972,0.9942318588047296,1.0,,0.9935275080906149,0.9935275080906149,0.006472491909385147,0.4373219373219373,0.44017094017094016,0.5626780626780626,0.5598290598290598,0.0,0.0,0.11965811965811968,0.12535612535612534,0.0028490028490028574,1179.0,1185.0,0.5598290598290598,0.5626780626780626,1179.0,0.0,927.0,921.0,0.44017094017094016,0.4373219373219373,6.0,921.0,0.43680709534368073,-0.125912887967378,0.43621399176954734,,0.4375,0.43621399176954734,0.001286008230452662,0.5055432372505543,0.4611973392461197,0.49445676274944567,0.5388026607538803,0.0,0.0,0.07760532150776056,0.011086474501108612,0.04434589800443456,243.0,223.0,0.5388026607538803,0.49445676274944567,106.0,137.0,208.0,228.0,0.4611973392461197,0.5055432372505543,117.0,91.0,0.8495575221238938,-0.05522670368106501,0.8668171557562077,,0.0,0.0,0.8668171557562077,0.13053097345132744,0.01991150442477876,0.8694690265486725,0.9800884955752213,0.0,0.0,0.9601769911504425,0.7389380530973451,0.11061946902654868,443.0,393.0,0.9800884955752213,0.8694690265486725,384.0,59.0,9.0,59.0,0.01991150442477876,0.13053097345132744,9.0,0.0
70,45,dcn,640x320x160,0.35,3,32,0,0.0005,5e-05,1.4,0.0,512,threshold,7,0.87,0.3464869352267726,0.03741780295968056,0.9852801519468186,0.970413876415905,0.9991518235793045,,0.9676375404530745,0.9676375404530745,0.03151428312623006,0.4264007597340931,0.44017094017094016,0.5735992402659069,0.5598290598290598,0.0,0.0,0.11965811965811968,0.14719848053181384,0.01377018043684708,1179.0,1208.0,0.5598290598290598,0.5735992402659069,1178.0,1.0,927.0,898.0,0.44017094017094016,0.4264007597340931,30.0,897.0,0.3614190687361419,-0.27587117031071373,0.35802469135802467,,0.36538461538461536,0.35802469135802467,0.007359924026590692,0.5144124168514412,0.4611973392461197,0.48558758314855877,0.5388026607538803,0.0,0.0,0.07760532150776056,0.02882483370288247,0.053215077605321515,243.0,219.0,0.5388026607538803,0.48558758314855877,87.0,156.0,208.0,232.0,0.4611973392461197,0.5144124168514412,132.0,76.0,0.8561946902654868,-0.05360012619015992,0.873589164785553,,0.0,0.0,0.873589164785553,0.12389380530973451,0.01991150442477876,0.8761061946902655,0.9800884955752213,0.0,0.0,0.9601769911504425,0.752212389380531,0.10398230088495575,443.0,396.0,0.9800884955752213,0.8761061946902655,387.0,56.0,9.0,56.0,0.01991150442477876,0.12389380530973451,9.0,0.0
4,44,dcn,512x256x128,0.3,6,96,0,0.0003,0.0005,1.3,0.02,384,threshold,6,0.84,0.40661660556647006,0.07929405197501183,0.99335232668566,0.9865797619996709,1.0,,0.9848975188781014,0.9848975188781014,0.015102481121898603,0.4335232668566002,0.44017094017094016,0.5664767331433999,0.5598290598290598,0.0,0.0,0.11965811965811968,0.13295346628679966,0.0066476733143399636,1179.0,1193.0,0.5598290598290598,0.5664767331433999,1179.0,0.0,927.0,913.0,0.44017094017094016,0.4335232668566002,14.0,913.0,0.4146341463414634,-0.17039566446219823,0.4156378600823045,,0.41346153846153844,0.41346153846153844,0.0021763216207660863,0.5055432372505543,0.4611973392461197,0.49445676274944567,0.5388026607538803,0.0,0.0,0.07760532150776056,0.011086474501108612,0.04434589800443456,243.0,223.0,0.5388026607538803,0.49445676274944567,101.0,142.0,208.0,228.0,0.4611973392461197,0.5055432372505543,122.0,86.0,0.8606194690265486,-0.052501865550820745,0.8781038374717833,,0.0,0.0,0.8781038374717833,0.11946902654867257,0.01991150442477876,0.8805309734513275,0.9800884955752213,0.0,0.0,0.9601769911504425,0.7610619469026549,0.09955752212389381,443.0,398.0,0.9800884955752213,0.8805309734513275,389.0,54.0,9.0,54.0,0.01991150442477876,0.11946902654867257,9.0,0.0
53,44,dcn,512x256x128,0.45,6,96,0,0.001,0.0005,1.4,0.0,768,threshold,1,0.9,0.28838645470759294,0.023178871410588425,0.8485280151946819,0.7026000346858332,0.9618320610687023,,0.7044228694714132,0.7044228694714132,0.25740919159728914,0.33143399810066476,0.44017094017094016,0.6685660018993352,0.5598290598290598,0.0,0.0,0.11965811965811968,0.3371320037986705,0.1087369420702754,1179.0,1408.0,0.5598290598290598,0.6685660018993352,1134.0,45.0,927.0,698.0,0.44017094017094016,0.33143399810066476,274.0,653.0,0.376940133037694,-0.24103596069176203,0.345679012345679,,0.41346153846153844,0.345679012345679,0.06778252611585944,0.5432372505543237,0.4611973392461197,0.4567627494456763,0.5388026607538803,0.0,0.0,0.07760532150776056,0.0864745011086474,0.08203991130820398,243.0,206.0,0.5388026607538803,0.4567627494456763,84.0,159.0,208.0,245.0,0.4611973392461197,0.5432372505543237,122.0,86.0,0.8694690265486725,-0.05026797231638165,0.8871331828442438,,0.0,0.0,0.8871331828442438,0.11061946902654868,0.01991150442477876,0.8893805309734514,0.9800884955752213,0.0,0.0,0.9601769911504425,0.7787610619469028,0.09070796460176991,443.0,402.0,0.9800884955752213,0.8893805309734514,393.0,50.0,9.0,50.0,0.01991150442477876,0.11061946902654868,9.0,0.0
10,45,dcn,256x128,0.4,6,32,0,0.0003,0.0005,1.5,0.01,512,threshold,7,0.81,0.3536291683073526,0.08538618683815002,0.9786324786324786,0.9571304093301423,0.9974554707379135,,0.9546925566343042,0.9546925566343042,0.04276291410360933,0.42165242165242167,0.44017094017094016,0.5783475783475783,0.5598290598290598,0.0,0.0,0.11965811965811968,0.15669515669515666,0.01851851851851849,1179.0,1218.0,0.5598290598290598,0.5783475783475783,1176.0,3.0,927.0,888.0,0.44017094017094016,0.42165242165242167,42.0,885.0,0.3614190687361419,-0.2765019783306311,0.36213991769547327,,0.3605769230769231,0.3605769230769231,0.0015629946185501953,0.5099778270509978,0.4611973392461197,0.49002217294900224,0.5388026607538803,0.0,0.0,0.07760532150776056,0.019955654101995568,0.04878048780487809,243.0,221.0,0.5388026607538803,0.49002217294900224,88.0,155.0,208.0,230.0,0.4611973392461197,0.5099778270509978,133.0,75.0,0.8761061946902655,-0.048555765906935604,0.8939051918735892,,0.0,0.0,0.8939051918735892,0.10398230088495575,0.01991150442477876,0.8960176991150443,0.9800884955752213,0.0,0.0,0.9601769911504425,0.7920353982300885,0.08407079646017698,443.0,405.0,0.9800884955752213,0.8960176991150443,396.0,47.0,9.0,47.0,0.01991150442477876,0.10398230088495575,9.0,0.0
16,44,dcn,640x320x160,0.25,5,64,0,0.0005,0.0001,1.3,0.01,384,threshold,2,0.87,0.42636177808942033,0.04876772997279962,0.9506172839506173,0.9032409625510185,1.0,,0.8878101402373247,0.8878101402373247,0.11218985976267526,0.39078822412155745,0.44017094017094016,0.6092117758784426,0.5598290598290598,0.0,0.0,0.11965811965811968,0.2184235517568851,0.04938271604938271,1179.0,1283.0,0.5598290598290598,0.6092117758784426,1179.0,0.0,927.0,823.0,0.44017094017094016,0.39078822412155745,104.0,823.0,0.43237250554323725,-0.13480944326634206,0.43209876543209874,,0.4326923076923077,0.43209876543209874,0.0005935422602089679,0.5055432372505543,0.4611973392461197,0.49445676274944567,0.5388026607538803,0.0,0.0,0.07760532150776056,0.011086474501108612,0.04434589800443456,243.0,223.0,0.5388026607538803,0.49445676274944567,105.0,138.0,208.0,228.0,0.4611973392461197,0.5055432372505543,118.0,90.0,0.8783185840707964,-0.04797724332399278,0.8961625282167043,,0.0,0.0,0.8961625282167043,0.10176991150442478,0.01991150442477876,0.8982300884955752,0.9800884955752213,0.0,0.0,0.9601769911504425,0.7964601769911503,0.08185840707964602,443.0,406.0,0.9800884955752213,0.8982300884955752,397.0,46.0,9.0,46.0,0.01991150442477876,0.10176991150442478,9.0,0.0
44,44,dcn,512x256x128,0.25,2,128,0,0.001,1e-05,1.6,0.0,384,threshold,1,0.65,0.45177527919736593,0.01381533375630776,0.9534662867996201,0.9055313709906588,0.9669211195928753,,0.9363538295577131,0.9363538295577131,0.03056729003516223,0.43067426400759734,0.44017094017094016,0.5693257359924027,0.5598290598290598,0.0,0.0,0.11965811965811968,0.13865147198480532,0.009496676163342821,1179.0,1199.0,0.5598290598290598,0.5693257359924027,1140.0,39.0,927.0,907.0,0.44017094017094016,0.43067426400759734,59.0,868.0,0.4634146341463415,-0.07253355617359376,0.4609053497942387,,0.46634615384615385,0.4609053497942387,0.00544080405191516,0.5055432372505543,0.4611973392461197,0.49445676274944567,0.5388026607538803,0.0,0.0,0.07760532150776056,0.011086474501108612,0.04434589800443456,243.0,223.0,0.5388026607538803,0.49445676274944567,112.0,131.0,208.0,228.0,0.4611973392461197,0.5055432372505543,111.0,97.0,0.8827433628318584,-0.046807521807177364,0.9006772009029346,,0.0,0.0,0.9006772009029346,0.09734513274336283,0.01991150442477876,0.9026548672566371,0.9800884955752213,0.0,0.0,0.9601769911504425,0.8053097345132743,0.07743362831858407,443.0,408.0,0.9800884955752213,0.9026548672566371,399.0,44.0,9.0,44.0,0.01991150442477876,0.09734513274336283,9.0,0.0
51,45,dcn,640x320x160,0.35,2,96,0,0.001,1e-05,1.6,0.05,768,threshold,3,0.71,0.40661660556647006,0.15195918579896292,0.9838556505223172,0.9672494627621101,0.989821882951654,,0.9762675296655879,0.9762675296655879,0.013554353286066023,0.43542260208926875,0.44017094017094016,0.5645773979107312,0.5598290598290598,0.0,0.0,0.11965811965811968,0.1291547958214625,0.0047483380816714105,1179.0,1189.0,0.5598290598290598,0.5645773979107312,1167.0,12.0,927.0,917.0,0.44017094017094016,0.43542260208926875,22.0,905.0,0.4146341463414634,-0.17039566446219823,0.4156378600823045,,0.41346153846153844,0.41346153846153844,0.0021763216207660863,0.5055432372505543,0.4611973392461197,0.49445676274944567,0.5388026607538803,0.0,0.0,0.07760532150776056,0.011086474501108612,0.04434589800443456,243.0,223.0,0.5388026607538803,0.49445676274944567,101.0,142.0,208.0,228.0,0.4611973392461197,0.5055432372505543,122.0,86.0,0.8893805309734514,-0.045018436629001436,0.90744920993228,,0.0,0.0,0.90744920993228,0.09070796460176991,0.01991150442477876,0.9092920353982301,0.9800884955752213,0.0,0.0,0.9601769911504425,0.8185840707964602,0.07079646017699115,443.0,411.0,0.9800884955752213,0.9092920353982301,402.0,41.0,9.0,41.0,0.01991150442477876,0.09070796460176991,9.0,0.0
59,44,dcn,512x256x128,0.45,6,64,0,0.001,0.0005,1.2,0.02,384,threshold,2,0.76,0.5280177022114692,0.09236940989891688,0.9719848053181387,0.943375719539763,0.9881255301102629,,0.9514563106796117,0.9514563106796117,0.03666921943065127,0.4254510921177588,0.44017094017094016,0.5745489078822412,0.5598290598290598,0.0,0.0,0.11965811965811968,0.14909781576448244,0.014719848053181384,1179.0,1210.0,0.5598290598290598,0.5745489078822412,1165.0,14.0,927.0,896.0,0.44017094017094016,0.4254510921177588,45.0,882.0,0.5432372505543237,0.08690889135145599,0.5390946502057613,,0.5480769230769231,0.5390946502057613,0.008982272871161823,0.5011086474501109,0.4611973392461197,0.49889135254988914,0.5388026607538803,0.0,0.0,0.07760532150776056,0.0022172949002217113,0.039911308203991136,243.0,225.0,0.5388026607538803,0.49889135254988914,131.0,112.0,208.0,226.0,0.4611973392461197,0.5011086474501109,94.0,114.0,0.9026548672566371,-0.04129385099129507,0.9209932279909706,,0.0,0.0,0.9209932279909706,0.07743362831858407,0.01991150442477876,0.922566371681416,0.9800884955752213,0.0,0.0,0.9601769911504425,0.845132743362832,0.0575221238938053,443.0,417.0,0.9800884955752213,0.922566371681416,408.0,35.0,9.0,35.0,0.01991150442477876,0.07743362831858407,9.0,0.0
52,44,dcn,640x320x160,0.4,3,48,0,0.0008,0.0003,1.3,0.05,512,threshold,2,0.83,0.42636081824428707,0.15782774686813356,0.9377967711301045,0.876281574705166,0.9855810008481765,,0.8770226537216829,0.8770226537216829,0.10855834712649359,0.39411206077872746,0.44017094017094016,0.6058879392212726,0.5598290598290598,0.0,0.0,0.11965811965811968,0.21177587844254514,0.046058879392212704,1179.0,1276.0,0.5598290598290598,0.6058879392212726,1162.0,17.0,927.0,830.0,0.44017094017094016,0.39411206077872746,114.0,813.0,0.43902439024390244,-0.12112654746390716,0.43621399176954734,,0.4423076923076923,0.43621399176954734,0.006093700538144953,0.5077605321507761,0.4611973392461197,0.49223946784922396,0.5388026607538803,0.0,0.0,0.07760532150776056,0.015521064301552145,0.04656319290465638,243.0,222.0,0.5388026607538803,0.49223946784922396,106.0,137.0,208.0,229.0,0.4611973392461197,0.5077605321507761,116.0,92.0,0.911504424778761,-0.03867757087341115,0.9300225733634312,,0.0,0.0,0.9300225733634312,0.06858407079646017,0.01991150442477876,0.9314159292035398,0.9800884955752213,0.0,0.0,0.9601769911504425,0.8628318584070795,0.04867256637168141,443.0,421.0,0.9800884955752213,0.9314159292035398,412.0,31.0,9.0,31.0,0.01991150442477876,0.06858407079646017,9.0,0.0
2,44,dcn,512x256x128,0.25,2,96,0,0.0003,0.0005,1.5,0.0,768,threshold,5,0.89,0.40820735760776405,0.055957881112893425,0.9349477682811016,0.8735772975770166,0.9991518235793045,,0.8532901833872708,0.8532901833872708,0.14586164019203374,0.37606837606837606,0.44017094017094016,0.6239316239316239,0.5598290598290598,0.0,0.0,0.11965811965811968,0.24786324786324787,0.0641025641025641,1179.0,1314.0,0.5598290598290598,0.6239316239316239,1178.0,1.0,927.0,792.0,0.44017094017094016,0.37606837606837606,136.0,791.0,0.42350332594235035,-0.15193305280943206,0.41975308641975306,,0.42788461538461536,0.41975308641975306,0.0081315289648623,0.5099778270509978,0.4611973392461197,0.49002217294900224,0.5388026607538803,0.0,0.0,0.07760532150776056,0.019955654101995568,0.04878048780487809,243.0,221.0,0.5388026607538803,0.49002217294900224,102.0,141.0,208.0,230.0,0.4611973392461197,0.5099778270509978,119.0,89.0,0.915929203539823,-0.03732056473494023,0.9345372460496614,,0.0,0.0,0.9345372460496614,0.06415929203539823,0.01991150442477876,0.9358407079646017,0.9800884955752213,0.0,0.0,0.9601769911504425,0.8716814159292035,0.04424778761061947,443.0,423.0,0.9800884955752213,0.9358407079646017,414.0,29.0,9.0,29.0,0.01991150442477876,0.06415929203539823,9.0,0.0
58,45,dcn,512x256x128,0.25,6,32,0,0.001,0.0005,1.2,0.05,384,threshold,1,0.73,0.48880722308906593,0.14325375854969025,0.9387464387464387,0.8755897916809127,0.9516539440203562,,0.9223300970873787,0.9223300970873787,0.029323846932977515,0.43304843304843305,0.44017094017094016,0.5669515669515669,0.5598290598290598,0.0,0.0,0.11965811965811968,0.13390313390313385,0.007122507122507116,1179.0,1194.0,0.5598290598290598,0.5669515669515669,1122.0,57.0,927.0,912.0,0.44017094017094016,0.43304843304843305,72.0,855.0,0.5055432372505543,0.01025766908084546,0.5102880658436214,,0.5,0.5,0.010288065843621408,0.49445676274944567,0.4611973392461197,0.5055432372505543,0.5388026607538803,0.0,0.0,0.07760532150776056,0.011086474501108612,0.03325942350332595,243.0,228.0,0.5388026607538803,0.5055432372505543,124.0,119.0,208.0,223.0,0.4611973392461197,0.49445676274944567,104.0,104.0,0.918141592920354,-0.03662819174272745,0.9367945823927766,,0.0,0.0,0.9367945823927766,0.061946902654867256,0.01991150442477876,0.9380530973451328,0.9800884955752213,0.0,0.0,0.9601769911504425,0.8761061946902655,0.04203539823008849,443.0,424.0,0.9800884955752213,0.9380530973451328,415.0,28.0,9.0,28.0,0.01991150442477876,0.061946902654867256,9.0,0.0
21,44,dcn,640x320x160,0.25,3,48,0,0.0015,0.0003,1.3,0.05,512,threshold,1,0.85,0.4543116243387247,0.15066359639167787,0.9145299145299145,0.834359384417595,0.9940627650551315,,0.8133764832793959,0.8133764832793959,0.18068628177573554,0.3613485280151947,0.44017094017094016,0.6386514719848053,0.5598290598290598,0.0,0.0,0.11965811965811968,0.27730294396961064,0.07882241215574548,1179.0,1345.0,0.5598290598290598,0.6386514719848053,1172.0,7.0,927.0,761.0,0.44017094017094016,0.3613485280151947,173.0,754.0,0.4634146341463415,-0.073219656081844,0.46502057613168724,,0.46153846153846156,0.46153846153846156,0.0034821145932256714,0.5011086474501109,0.4611973392461197,0.49889135254988914,0.5388026607538803,0.0,0.0,0.07760532150776056,0.0022172949002217113,0.039911308203991136,243.0,225.0,0.5388026607538803,0.49889135254988914,113.0,130.0,208.0,226.0,0.4611973392461197,0.5011086474501109,112.0,96.0,0.9203539823008849,-0.03592582984843586,0.9390519187358917,,0.0,0.0,0.9390519187358917,0.059734513274336286,0.01991150442477876,0.9402654867256637,0.9800884955752213,0.0,0.0,0.9601769911504425,0.8805309734513274,0.03982300884955753,443.0,425.0,0.9800884955752213,0.9402654867256637,416.0,27.0,9.0,27.0,0.01991150442477876,0.059734513274336286,9.0,0.0
35,44,dcn,384x192x96,0.35,3,64,0,0.001,0.0005,1.2,0.02,384,threshold,1,0.35,0.4914218061372533,0.0844627891977628,0.9373219373219374,0.8768640816312939,0.9083969465648855,,0.9741100323624595,0.9083969465648855,0.06571308579757407,0.48005698005698005,0.44017094017094016,0.51994301994302,0.5598290598290598,0.0,0.0,0.11965811965811968,0.03988603988603989,0.03988603988603989,1179.0,1095.0,0.5598290598290598,0.51994301994302,1071.0,108.0,927.0,1011.0,0.44017094017094016,0.48005698005698005,24.0,903.0,0.5033259423503326,0.006154359365338126,0.5061728395061729,,0.5,0.5,0.006172839506172867,0.49667405764966743,0.4611973392461197,0.5033259423503326,0.5388026607538803,0.0,0.0,0.07760532150776056,0.006651884700665134,0.03547671840354771,243.0,227.0,0.5388026607538803,0.5033259423503326,123.0,120.0,208.0,224.0,0.4611973392461197,0.49667405764966743,104.0,104.0,0.9247787610619469,-0.03448859150885129,0.9435665914221218,,0.0,0.0,0.9435665914221218,0.05530973451327434,0.01991150442477876,0.9446902654867256,0.9800884955752213,0.0,0.0,0.9601769911504425,0.8893805309734513,0.035398230088495575,443.0,427.0,0.9800884955752213,0.9446902654867256,418.0,25.0,9.0,25.0,0.01991150442477876,0.05530973451327434,9.0,0.0
24,44,dcn,384x192x96,0.35,2,64,0,0.0008,0.0003,1.2,0.01,512,threshold,7,0.64,0.5134966614234906,0.058005358278751376,0.99667616334283,0.9932634108697528,0.9991518235793045,,0.9935275080906149,0.9935275080906149,0.005624315488689691,0.43779677113010446,0.44017094017094016,0.5622032288698955,0.5598290598290598,0.0,0.0,0.11965811965811968,0.12440645773979103,0.0023741690408357052,1179.0,1184.0,0.5598290598290598,0.5622032288698955,1178.0,1.0,927.0,922.0,0.44017094017094016,0.43779677113010446,6.0,921.0,0.5188470066518847,0.037635534429999555,0.5185185185185185,,0.5192307692307693,0.5185185185185185,0.0007122507122507837,0.49889135254988914,0.4611973392461197,0.5011086474501109,0.5388026607538803,0.0,0.0,0.07760532150776056,0.0022172949002217113,0.037694013303769425,243.0,226.0,0.5388026607538803,0.5011086474501109,126.0,117.0,208.0,225.0,0.4611973392461197,0.49889135254988914,100.0,108.0,0.9469026548672567,-0.026407318446838315,0.9661399548532731,,0.0,0.0,0.9661399548532731,0.033185840707964605,0.01991150442477876,0.9668141592920354,0.9800884955752213,0.0,0.0,0.9601769911504425,0.9336283185840708,0.013274336283185844,443.0,437.0,0.9800884955752213,0.9668141592920354,428.0,15.0,9.0,15.0,0.01991150442477876,0.033185840707964605,9.0,0.0
29,44,dcn,640x320x160,0.4,3,64,0,0.0008,0.0003,1.6,0.01,768,threshold,2,0.64,0.42517169646573444,0.06718981514374416,0.9567901234567902,0.9125343061476558,0.9770992366412213,,0.9309600862998921,0.9309600862998921,0.046139150341329205,0.4226020892687559,0.44017094017094016,0.577397910731244,0.5598290598290598,0.0,0.0,0.11965811965811968,0.1547958214624881,0.01756885090218424,1179.0,1216.0,0.5598290598290598,0.577397910731244,1152.0,27.0,927.0,890.0,0.44017094017094016,0.4226020892687559,64.0,863.0,0.43458980044345896,-0.1307012344702898,0.43621399176954734,,0.4326923076923077,0.4326923076923077,0.0035216840772396285,0.5033259423503326,0.4611973392461197,0.49667405764966743,0.5388026607538803,0.0,0.0,0.07760532150776056,0.006651884700665134,0.04212860310421285,243.0,224.0,0.5388026607538803,0.49667405764966743,106.0,137.0,208.0,227.0,0.4611973392461197,0.5033259423503326,118.0,90.0,0.9469026548672567,-0.026407318446838315,0.9661399548532731,,0.0,0.0,0.9661399548532731,0.033185840707964605,0.01991150442477876,0.9668141592920354,0.9800884955752213,0.0,0.0,0.9601769911504425,0.9336283185840708,0.013274336283185844,443.0,437.0,0.9800884955752213,0.9668141592920354,428.0,15.0,9.0,15.0,0.01991150442477876,0.033185840707964605,9.0,0.0
54,44,dcn,384x192x96,0.45,3,64,0,0.001,0.0001,1.6,0.05,384,threshold,1,0.41,0.47286671523798895,0.1600228026509285,0.936372269705603,0.8738874799534151,0.9134860050890585,,0.9654800431499461,0.9134860050890585,0.05199403806088754,0.4734093067426401,0.44017094017094016,0.52659069325736,0.5598290598290598,0.0,0.0,0.11965811965811968,0.053181386514719875,0.03323836657169993,1179.0,1109.0,0.5598290598290598,0.52659069325736,1077.0,102.0,927.0,997.0,0.44017094017094016,0.4734093067426401,32.0,895.0,0.48337028824833705,-0.03353270887368933,0.48559670781893005,,0.4807692307692308,0.4807692307692308,0.004827477049699269,0.49889135254988914,0.4611973392461197,0.5011086474501109,0.5388026607538803,0.0,0.0,0.07760532150776056,0.0022172949002217113,0.037694013303769425,243.0,226.0,0.5388026607538803,0.5011086474501109,118.0,125.0,208.0,225.0,0.4611973392461197,0.49889135254988914,108.0,100.0,0.9469026548672567,-0.026407318446838315,0.9661399548532731,,0.0,0.0,0.9661399548532731,0.033185840707964605,0.01991150442477876,0.9668141592920354,0.9800884955752213,0.0,0.0,0.9601769911504425,0.9336283185840708,0.013274336283185844,443.0,437.0,0.9800884955752213,0.9668141592920354,428.0,15.0,9.0,15.0,0.01991150442477876,0.033185840707964605,9.0,0.0
65,44,dcn,256x128,0.35,5,128,0,0.0015,1e-05,1.4,0.02,768,threshold,3,0.74,0.45903723935905505,0.09981269886096318,0.9871794871794872,0.973982822378569,0.9906700593723494,,0.982740021574973,0.982740021574973,0.007930037797376444,0.43779677113010446,0.44017094017094016,0.5622032288698955,0.5598290598290598,0.0,0.0,0.11965811965811968,0.12440645773979103,0.0023741690408357052,1179.0,1184.0,0.5598290598290598,0.5622032288698955,1168.0,11.0,927.0,922.0,0.44017094017094016,0.43779677113010446,16.0,911.0,0.4656319290465632,-0.06842779691781398,0.46502057613168724,,0.46634615384615385,0.46502057613168724,0.0013255777144666192,0.5033259423503326,0.4611973392461197,0.49667405764966743,0.5388026607538803,0.0,0.0,0.07760532150776056,0.006651884700665134,0.04212860310421285,243.0,224.0,0.5388026607538803,0.49667405764966743,113.0,130.0,208.0,227.0,0.4611973392461197,0.5033259423503326,111.0,97.0,0.9579646017699115,-0.02143918426389562,0.9774266365688488,,0.0,0.0,0.9774266365688488,0.022123893805309734,0.01991150442477876,0.9778761061946902,0.9800884955752213,0.0,0.0,0.9601769911504425,0.9557522123893805,0.0022123893805309734,443.0,442.0,0.9800884955752213,0.9778761061946902,433.0,10.0,9.0,10.0,0.01991150442477876,0.022123893805309734,9.0,0.0
14,45,dcn,384x192x96,0.4,6,64,0,0.0005,5e-05,1.5,0.01,384,threshold,4,0.69,0.40661660556647006,0.050423149640361466,0.99667616334283,0.9932570005686687,0.996607294317218,,0.9967637540453075,0.996607294317218,0.0001564597280895308,0.4406457739791073,0.44017094017094016,0.5593542260208927,0.5598290598290598,0.0,0.0,0.11965811965811968,0.11870845204178537,0.00047483380816715215,1179.0,1178.0,0.5598290598290598,0.5593542260208927,1175.0,4.0,927.0,928.0,0.44017094017094016,0.4406457739791073,3.0,924.0,0.4146341463414634,-0.17039566446219823,0.4156378600823045,,0.41346153846153844,0.41346153846153844,0.0021763216207660863,0.5055432372505543,0.4611973392461197,0.49445676274944567,0.5388026607538803,0.0,0.0,0.07760532150776056,0.011086474501108612,0.04434589800443456,243.0,223.0,0.5388026607538803,0.49445676274944567,101.0,142.0,208.0,228.0,0.4611973392461197,0.5055432372505543,122.0,86.0,0.9601769911504425,-0.020316027088036117,0.9796839729119639,,0.0,0.0,0.9796839729119639,0.01991150442477876,0.01991150442477876,0.9800884955752213,0.9800884955752213,0.0,0.0,0.9601769911504425,0.9601769911504425,0.0,443.0,443.0,0.9800884955752213,0.9800884955752213,434.0,9.0,9.0,9.0,0.01991150442477876,0.01991150442477876,9.0,0.0
18,45,dcn,512x256x128,0.3,5,48,0,0.0008,1e-05,1.5,0.0,768,threshold,1,0.83,0.5026032412583903,0.023327217747767765,0.8589743589743589,0.7261049029071215,0.9745547073791349,,0.7119741100323624,0.7119741100323624,0.2625805973467724,0.32763532763532766,0.44017094017094016,0.6723646723646723,0.5598290598290598,0.0,0.0,0.11965811965811968,0.3447293447293447,0.1125356125356125,1179.0,1416.0,0.5598290598290598,0.6723646723646723,1149.0,30.0,927.0,690.0,0.44017094017094016,0.32763532763532766,267.0,660.0,0.5188470066518847,0.038326667457858905,0.51440329218107,,0.5240384615384616,0.51440329218107,0.009635169357391615,0.5033259423503326,0.4611973392461197,0.49667405764966743,0.5388026607538803,0.0,0.0,0.07760532150776056,0.006651884700665134,0.04212860310421285,243.0,224.0,0.5388026607538803,0.49667405764966743,125.0,118.0,208.0,227.0,0.4611973392461197,0.5033259423503326,99.0,109.0,0.9712389380530974,-0.013468225532724143,0.9909706546275395,,0.0,0.0,0.9909706546275395,0.008849557522123894,0.01991150442477876,0.9911504424778761,0.9800884955752213,0.0,0.0,0.9601769911504425,0.9823008849557522,0.011061946902654867,443.0,448.0,0.9800884955752213,0.9911504424778761,439.0,4.0,9.0,4.0,0.01991150442477876,0.008849557522123894,9.0,0.0
45,45,dcn,512x256x128,0.35,5,48,0,0.0005,0.0001,1.4,0.05,384,threshold,1,0.86,0.507299061597842,0.1599097102880478,0.8698955365622032,0.7523480575449901,0.991518235793045,,0.7152103559870551,0.7152103559870551,0.2763078798059899,0.31956315289648624,0.44017094017094016,0.6804368471035138,0.5598290598290598,0.0,0.0,0.11965811965811968,0.3608736942070276,0.12060778727445393,1179.0,1433.0,0.5598290598290598,0.6804368471035138,1169.0,10.0,927.0,673.0,0.44017094017094016,0.31956315289648624,264.0,663.0,0.516629711751663,0.032842975459256345,0.5185185185185185,,0.5144230769230769,0.5144230769230769,0.004095441595441618,0.49667405764966743,0.4611973392461197,0.5033259423503326,0.5388026607538803,0.0,0.0,0.07760532150776056,0.006651884700665134,0.03547671840354771,243.0,227.0,0.5388026607538803,0.5033259423503326,126.0,117.0,208.0,224.0,0.4611973392461197,0.49667405764966743,101.0,107.0,0.9800884955752213,0.0,1.0,,0.0,0.0,1.0,0.0,0.01991150442477876,1.0,0.9800884955752213,0.0,0.0,0.9601769911504425,1.0,0.01991150442477876,443.0,452.0,0.9800884955752213,1.0,443.0,0.0,9.0,0.0,0.01991150442477876,0.0,9.0,0.0
69,45,dcn,384x192x96,0.35,6,96,0,0.0005,1e-05,1.4,0.05,512,threshold,7,0.72,0.3573793955467397,0.15487121939659118,0.9985754985754985,0.9971127803822081,1.0,,0.9967637540453075,0.9967637540453075,0.003236245954692518,0.43874643874643876,0.44017094017094016,0.5612535612535613,0.5598290598290598,0.0,0.0,0.11965811965811968,0.12250712250712253,0.001424501424501401,1179.0,1182.0,0.5598290598290598,0.5612535612535613,1179.0,0.0,927.0,924.0,0.44017094017094016,0.43874643874643876,3.0,924.0,0.36807095343680707,-0.2628359058641287,0.3662551440329218,,0.3701923076923077,0.3662551440329218,0.0039371636593859005,0.5121951219512195,0.4611973392461197,0.4878048780487805,0.5388026607538803,0.0,0.0,0.07760532150776056,0.024390243902439046,0.0509977827050998,243.0,220.0,0.5388026607538803,0.4878048780487805,89.0,154.0,208.0,231.0,0.4611973392461197,0.5121951219512195,131.0,77.0,0.9800884955752213,0.0,1.0,,0.0,0.0,1.0,0.0,0.01991150442477876,1.0,0.9800884955752213,0.0,0.0,0.9601769911504425,1.0,0.01991150442477876,443.0,452.0,0.9800884955752213,1.0,443.0,0.0,9.0,0.0,0.01991150442477876,0.0,9.0,0.0
