run_id,seed,model_type,hidden_dims,dropout,cross_layers,cross_rank,embed_dim,learning_rate,weight_decay,class_weight_power,label_smoothing,batch_size,cutoff_kind,best_epoch,best_margin,best_val_score,train_loss_last,train_acc,train_mcc,train_recall_down,train_recall_sideways,train_recall_up,train_recall_min,train_recall_gap,train_pred_up_share,train_true_up_share,train_pred_down_share,train_true_down_share,train_pred_sideways_share,train_true_sideways_share,train_true_balance_gap_ud,train_pred_balance_gap_ud,train_pred_target_gap,train_support_true_0,train_support_pred_0,train_share_true_0,train_share_pred_0,train_cm_00,train_cm_01,train_support_true_1,train_support_pred_1,train_share_true_1,train_share_pred_1,train_cm_10,train_cm_11,val_acc,val_mcc,val_recall_down,val_recall_sideways,val_recall_up,val_recall_min,val_recall_gap,val_pred_up_share,val_true_up_share,val_pred_down_share,val_true_down_share,val_pred_sideways_share,val_true_sideways_share,val_true_balance_gap_ud,val_pred_balance_gap_ud,val_pred_target_gap,val_support_true_0,val_support_pred_0,val_share_true_0,val_share_pred_0,val_cm_00,val_cm_01,val_support_true_1,val_support_pred_1,val_share_true_1,val_share_pred_1,val_cm_10,val_cm_11,test_acc,test_mcc,test_recall_down,test_recall_sideways,test_recall_up,test_recall_min,test_recall_gap,test_pred_up_share,test_true_up_share,test_pred_down_share,test_true_down_share,test_pred_sideways_share,test_true_sideways_share,test_true_balance_gap_ud,test_pred_balance_gap_ud,test_pred_target_gap,test_support_true_0,test_support_pred_0,test_share_true_0,test_share_pred_0,test_cm_00,test_cm_01,test_support_true_1,test_support_pred_1,test_share_true_1,test_share_pred_1,test_cm_10,test_cm_11
62,45,dcn,256x128,0.5,5,48,0,0.0005,0.0001,1.4,0.02,768,threshold,1,0.77,0.44901920585186167,0.14447138706843057,0.8442545109211775,0.6869992640741772,0.8371501272264631,,0.8532901833872708,0.8371501272264631,0.016140056160807714,0.46676163342830007,0.44017094017094016,0.5332383665716999,0.5598290598290598,0.0,0.0,0.11965811965811968,0.0664767331433998,0.02659069325735991,1179.0,1123.0,0.5598290598290598,0.5332383665716999,987.0,192.0,927.0,983.0,0.44017094017094016,0.46676163342830007,136.0,791.0,0.458980044345898,-0.0821156864948051,0.4609053497942387,,0.4567307692307692,0.4567307692307692,0.004174580563469477,0.5011086474501109,0.4611973392461197,0.49889135254988914,0.5388026607538803,0.0,0.0,0.07760532150776056,0.0022172949002217113,0.039911308203991136,243.0,225.0,0.5388026607538803,0.49889135254988914,112.0,131.0,208.0,226.0,0.4611973392461197,0.5011086474501109,113.0,95.0,0.9756637168141593,0.5726385602979525,0.9796839729119639,,0.7777777777777778,0.7777777777777778,0.20190619513418606,0.035398230088495575,0.01991150442477876,0.9646017699115044,0.9800884955752213,0.0,0.0,0.9601769911504425,0.9292035398230087,0.015486725663716814,443.0,436.0,0.9800884955752213,0.9646017699115044,434.0,9.0,9.0,16.0,0.01991150442477876,0.035398230088495575,2.0,7.0
29,45,dcn,384x192x96,0.55,3,64,0,0.0003,1e-05,1.4,0.05,768,threshold,1,0.69,0.429991318402565,0.30056442817052204,0.7763532763532763,0.5435102623475236,0.8456318914334181,,0.6882416396979504,0.6882416396979504,0.15739025173546772,0.38936372269705605,0.44017094017094016,0.610636277302944,0.5598290598290598,0.0,0.0,0.11965811965811968,0.22127255460588796,0.050807217473884114,1179.0,1286.0,0.5598290598290598,0.610636277302944,997.0,182.0,927.0,820.0,0.44017094017094016,0.38936372269705605,289.0,638.0,0.4434589800443459,-0.11222946718602082,0.4403292181069959,,0.44711538461538464,0.4403292181069959,0.006786166508388758,0.5077605321507761,0.4611973392461197,0.49223946784922396,0.5388026607538803,0.0,0.0,0.07760532150776056,0.015521064301552145,0.04656319290465638,243.0,222.0,0.5388026607538803,0.49223946784922396,107.0,136.0,208.0,229.0,0.4611973392461197,0.5077605321507761,115.0,93.0,0.7389380530973452,0.2280127915256182,0.7336343115124153,,1.0,0.7336343115124153,0.2663656884875847,0.2809734513274336,0.01991150442477876,0.7190265486725663,0.9800884955752213,0.0,0.0,0.9601769911504425,0.4380530973451327,0.2610619469026549,443.0,325.0,0.9800884955752213,0.7190265486725663,325.0,118.0,9.0,127.0,0.01991150442477876,0.2809734513274336,0.0,9.0
6,45,dcn,384x192x96,0.5,3,64,0,0.0005,5e-05,1.5,0.08,512,threshold,8,0.67,0.4172646949306841,0.22862353324890136,0.9957264957264957,0.9913299809718423,0.9974554707379135,,0.9935275080906149,0.9935275080906149,0.003927962647298666,0.43874643874643876,0.44017094017094016,0.5612535612535613,0.5598290598290598,0.0,0.0,0.11965811965811968,0.12250712250712253,0.001424501424501401,1179.0,1182.0,0.5598290598290598,0.5612535612535613,1176.0,3.0,927.0,924.0,0.44017094017094016,0.43874643874643876,6.0,921.0,0.43237250554323725,-0.13549186897257176,0.43621399176954734,,0.42788461538461536,0.42788461538461536,0.008329376384931975,0.5011086474501109,0.4611973392461197,0.49889135254988914,0.5388026607538803,0.0,0.0,0.07760532150776056,0.0022172949002217113,0.039911308203991136,243.0,225.0,0.5388026607538803,0.49889135254988914,106.0,137.0,208.0,226.0,0.4611973392461197,0.5011086474501109,119.0,89.0,0.7278761061946902,0.15646866192766115,0.7268623024830699,,0.7777777777777778,0.7268623024830699,0.05091547529470786,0.2831858407079646,0.01991150442477876,0.7168141592920354,0.9800884955752213,0.0,0.0,0.9601769911504425,0.4336283185840708,0.26327433628318586,443.0,324.0,0.9800884955752213,0.7168141592920354,322.0,121.0,9.0,128.0,0.01991150442477876,0.2831858407079646,2.0,7.0
46,44,dcn,256x128,0.6,6,96,0,0.0003,1e-05,1.4,0.08,768,threshold,1,0.9,0.3749253470357807,0.3266272445519765,0.7526115859449193,0.5075846446583573,0.9219677692960135,,0.5372168284789643,0.5372168284789643,0.3847509408170492,0.2801519468186135,0.44017094017094016,0.7198480531813866,0.5598290598290598,0.0,0.0,0.11965811965811968,0.43969610636277306,0.16001899335232667,1179.0,1516.0,0.5598290598290598,0.7198480531813866,1087.0,92.0,927.0,590.0,0.44017094017094016,0.2801519468186135,429.0,498.0,0.3968957871396896,-0.20666011227626066,0.40329218106995884,,0.3894230769230769,0.3894230769230769,0.013869104146881917,0.5011086474501109,0.4611973392461197,0.49889135254988914,0.5388026607538803,0.0,0.0,0.07760532150776056,0.0022172949002217113,0.039911308203991136,243.0,225.0,0.5388026607538803,0.49889135254988914,98.0,145.0,208.0,226.0,0.4611973392461197,0.5011086474501109,127.0,81.0,0.7942477876106194,0.15831360321578178,0.7968397291196389,,0.6666666666666666,0.6666666666666666,0.13017306245297222,0.21238938053097345,0.01991150442477876,0.7876106194690266,0.9800884955752213,0.0,0.0,0.9601769911504425,0.5752212389380531,0.19247787610619468,443.0,356.0,0.9800884955752213,0.7876106194690266,353.0,90.0,9.0,96.0,0.01991150442477876,0.21238938053097345,3.0,6.0
45,45,dcn,320x160,0.5,5,48,0,0.0003,1e-05,1.3,0.05,768,threshold,1,0.67,0.46992873983388883,0.2637861867745717,0.811965811965812,0.6177687475978949,0.8396946564885496,,0.7766990291262136,0.7766990291262136,0.06299562736233599,0.43162393162393164,0.44017094017094016,0.5683760683760684,0.5598290598290598,0.0,0.0,0.11965811965811968,0.1367521367521367,0.008547008547008517,1179.0,1197.0,0.5598290598290598,0.5683760683760684,990.0,189.0,927.0,909.0,0.44017094017094016,0.43162393162393164,207.0,720.0,0.4789356984478936,-0.04173918082389575,0.4773662551440329,,0.4807692307692308,0.4773662551440329,0.0034029756251978682,0.5033259423503326,0.4611973392461197,0.49667405764966743,0.5388026607538803,0.0,0.0,0.07760532150776056,0.006651884700665134,0.04212860310421285,243.0,224.0,0.5388026607538803,0.49667405764966743,116.0,127.0,208.0,227.0,0.4611973392461197,0.5033259423503326,108.0,100.0,0.7964601769911505,0.1596955723362568,0.7990970654627539,,0.6666666666666666,0.6666666666666666,0.1324303987960873,0.21017699115044247,0.01991150442477876,0.7898230088495575,0.9800884955752213,0.0,0.0,0.9601769911504425,0.579646017699115,0.1902654867256637,443.0,357.0,0.9800884955752213,0.7898230088495575,354.0,89.0,9.0,95.0,0.01991150442477876,0.21017699115044247,3.0,6.0
56,45,dcn,256x128,0.5,5,48,0,0.0005,5e-05,1.6,0.05,384,threshold,1,0.67,0.40400202251828266,0.17966527740160623,0.8803418803418803,0.7566750430430509,0.9134860050890585,,0.8381877022653722,0.8381877022653722,0.07529830282368632,0.41737891737891736,0.44017094017094016,0.5826210826210826,0.5598290598290598,0.0,0.0,0.11965811965811968,0.16524216524216523,0.022792022792022804,1179.0,1227.0,0.5598290598290598,0.5826210826210826,1077.0,102.0,927.0,879.0,0.44017094017094016,0.41737891737891736,150.0,777.0,0.41685144124168516,-0.16628605592884743,0.41975308641975306,,0.41346153846153844,0.41346153846153844,0.006291547958214627,0.5033259423503326,0.4611973392461197,0.49667405764966743,0.5388026607538803,0.0,0.0,0.07760532150776056,0.006651884700665134,0.04212860310421285,243.0,224.0,0.5388026607538803,0.49667405764966743,102.0,141.0,208.0,227.0,0.4611973392461197,0.5033259423503326,122.0,86.0,0.9845132743362832,0.5814169937869298,0.9932279909706546,,0.5555555555555556,0.5555555555555556,0.43767243541509904,0.017699115044247787,0.01991150442477876,0.9823008849557522,0.9800884955752213,0.0,0.0,0.9601769911504425,0.9646017699115044,0.0022123893805309734,443.0,444.0,0.9800884955752213,0.9823008849557522,440.0,3.0,9.0,8.0,0.01991150442477876,0.017699115044247787,4.0,5.0
33,44,dcn,192x96,0.4,3,96,0,0.0008,5e-05,1.4,0.02,384,threshold,4,0.73,0.39073935010588134,0.07787190501888593,0.9881291547958214,0.9759975750669874,0.996607294317218,,0.9773462783171522,0.9773462783171522,0.0192610160000658,0.43209876543209874,0.44017094017094016,0.5679012345679012,0.5598290598290598,0.0,0.0,0.11965811965811968,0.13580246913580246,0.00807217473884142,1179.0,1196.0,0.5598290598290598,0.5679012345679012,1175.0,4.0,927.0,910.0,0.44017094017094016,0.43209876543209874,21.0,906.0,0.401330376940133,-0.19708533035909034,0.40329218106995884,,0.39903846153846156,0.39903846153846156,0.00425371953149728,0.5055432372505543,0.4611973392461197,0.49445676274944567,0.5388026607538803,0.0,0.0,0.07760532150776056,0.011086474501108612,0.04434589800443456,243.0,223.0,0.5388026607538803,0.49445676274944567,98.0,145.0,208.0,228.0,0.4611973392461197,0.5055432372505543,125.0,83.0,0.665929203539823,0.034079503516258054,0.6704288939051919,,0.4444444444444444,0.4444444444444444,0.22598444946074747,0.33185840707964603,0.01991150442477876,0.668141592920354,0.9800884955752213,0.0,0.0,0.9601769911504425,0.336283185840708,0.3119469026548673,443.0,302.0,0.9800884955752213,0.668141592920354,297.0,146.0,9.0,150.0,0.01991150442477876,0.33185840707964603,5.0,4.0
7,45,dcn,384x192x96,0.6,5,96,0,0.001,0.0001,1.6,0.08,512,threshold,4,0.76,0.48445170031213397,0.2340158551931381,0.9867046533713201,0.9730892504127315,0.9949109414758269,,0.9762675296655879,0.9762675296655879,0.018643411810238986,0.4325735992402659,0.44017094017094016,0.567426400759734,0.5598290598290598,0.0,0.0,0.11965811965811968,0.13485280151946816,0.007597340930674268,1179.0,1195.0,0.5598290598290598,0.567426400759734,1173.0,6.0,927.0,911.0,0.44017094017094016,0.4325735992402659,22.0,905.0,0.49002217294900224,-0.019843473604077334,0.4897119341563786,,0.49038461538461536,0.4897119341563786,0.0006726812282367711,0.5011086474501109,0.4611973392461197,0.49889135254988914,0.5388026607538803,0.0,0.0,0.07760532150776056,0.0022172949002217113,0.039911308203991136,243.0,225.0,0.5388026607538803,0.49889135254988914,119.0,124.0,208.0,226.0,0.4611973392461197,0.5011086474501109,106.0,102.0,0.8495575221238938,0.11882180981458224,0.8577878103837472,,0.4444444444444444,0.4444444444444444,0.41334336593930276,0.14823008849557523,0.01991150442477876,0.8517699115044248,0.9800884955752213,0.0,0.0,0.9601769911504425,0.7035398230088497,0.12831858407079647,443.0,385.0,0.9800884955752213,0.8517699115044248,380.0,63.0,9.0,67.0,0.01991150442477876,0.14823008849557523,5.0,4.0
47,44,dcn,384x192x96,0.55,6,96,0,0.0003,1e-05,1.3,0.02,512,threshold,5,0.81,0.467574296751126,0.126728618144989,0.9795821462488129,0.9590674175790072,0.998303647158609,,0.9557713052858684,0.9557713052858684,0.042532341872740576,0.42165242165242167,0.44017094017094016,0.5783475783475783,0.5598290598290598,0.0,0.0,0.11965811965811968,0.15669515669515666,0.01851851851851849,1179.0,1218.0,0.5598290598290598,0.5783475783475783,1177.0,2.0,927.0,888.0,0.44017094017094016,0.42165242165242167,41.0,886.0,0.4789356984478936,-0.04242873928665044,0.48148148148148145,,0.47596153846153844,0.47596153846153844,0.005519943019943019,0.49889135254988914,0.4611973392461197,0.5011086474501109,0.5388026607538803,0.0,0.0,0.07760532150776056,0.0022172949002217113,0.037694013303769425,243.0,226.0,0.5388026607538803,0.5011086474501109,117.0,126.0,208.0,225.0,0.4611973392461197,0.49889135254988914,109.0,99.0,0.8761061946902655,0.14072297572544734,0.8848758465011287,,0.4444444444444444,0.4444444444444444,0.4404314020566843,0.12168141592920353,0.01991150442477876,0.8783185840707964,0.9800884955752213,0.0,0.0,0.9601769911504425,0.7566371681415929,0.10176991150442477,443.0,397.0,0.9800884955752213,0.8783185840707964,392.0,51.0,9.0,55.0,0.01991150442477876,0.12168141592920353,5.0,4.0
66,44,dcn,192x96,0.6,2,48,0,0.0003,0.0003,1.5,0.05,512,threshold,1,0.81,0.4120355288343093,0.3036430597305298,0.7226970560303894,0.4540542839921395,0.9363867684478372,,0.45091693635382957,0.45091693635382957,0.4854698320940076,0.23409306742640076,0.44017094017094016,0.7659069325735992,0.5598290598290598,0.0,0.0,0.11965811965811968,0.5318138651471984,0.2060778727445394,1179.0,1613.0,0.5598290598290598,0.7659069325735992,1104.0,75.0,927.0,493.0,0.44017094017094016,0.23409306742640076,509.0,418.0,0.43680709534368073,-0.12728872110425296,0.4444444444444444,,0.42788461538461536,0.42788461538461536,0.016559829059829057,0.49667405764966743,0.4611973392461197,0.5033259423503326,0.5388026607538803,0.0,0.0,0.07760532150776056,0.006651884700665134,0.03547671840354771,243.0,227.0,0.5388026607538803,0.5033259423503326,108.0,135.0,208.0,224.0,0.4611973392461197,0.49667405764966743,119.0,89.0,0.8761061946902655,0.14072297572544734,0.8848758465011287,,0.4444444444444444,0.4444444444444444,0.4404314020566843,0.12168141592920353,0.01991150442477876,0.8783185840707964,0.9800884955752213,0.0,0.0,0.9601769911504425,0.7566371681415929,0.10176991150442477,443.0,397.0,0.9800884955752213,0.8783185840707964,392.0,51.0,9.0,55.0,0.01991150442477876,0.12168141592920353,5.0,4.0
15,45,dcn,256x128,0.55,5,48,0,0.0005,5e-05,1.5,0.05,384,threshold,2,0.81,0.40094731713634146,0.18104198823372522,0.9264007597340931,0.8559998161429782,0.9923664122137404,,0.8425026968716289,0.8425026968716289,0.14986371534211151,0.37511870845204176,0.44017094017094016,0.6248812915479582,0.5598290598290598,0.0,0.0,0.11965811965811968,0.24976258309591648,0.0650522317188984,1179.0,1316.0,0.5598290598290598,0.6248812915479582,1170.0,9.0,927.0,790.0,0.44017094017094016,0.37511870845204176,146.0,781.0,0.4079822616407982,-0.18340610940911153,0.4074074074074074,,0.40865384615384615,0.4074074074074074,0.0012464387464387605,0.5077605321507761,0.4611973392461197,0.49223946784922396,0.5388026607538803,0.0,0.0,0.07760532150776056,0.015521064301552145,0.04656319290465638,243.0,222.0,0.5388026607538803,0.49223946784922396,99.0,144.0,208.0,229.0,0.4611973392461197,0.5077605321507761,123.0,85.0,0.9867256637168141,0.5905959041179631,0.9977426636568849,,0.4444444444444444,0.4444444444444444,0.5532982192124405,0.011061946902654867,0.01991150442477876,0.9889380530973452,0.9800884955752213,0.0,0.0,0.9601769911504425,0.9778761061946903,0.008849557522123894,443.0,447.0,0.9800884955752213,0.9889380530973452,442.0,1.0,9.0,5.0,0.01991150442477876,0.011061946902654867,5.0,4.0
68,45,dcn,192x96,0.4,6,48,0,0.0003,1e-05,1.3,0.08,512,threshold,2,0.7,0.33507407740808826,0.2367098182439804,0.9192782526115859,0.8386796722459072,0.9728583545377438,,0.8511326860841424,0.8511326860841424,0.12172566845360144,0.3898385565052232,0.44017094017094016,0.6101614434947769,0.5598290598290598,0.0,0.0,0.11965811965811968,0.22032288698955366,0.05033238366571696,1179.0,1285.0,0.5598290598290598,0.6101614434947769,1147.0,32.0,927.0,821.0,0.44017094017094016,0.3898385565052232,138.0,789.0,0.34146341463414637,-0.31622784049879066,0.34156378600823045,,0.34134615384615385,0.34134615384615385,0.00021763216207659752,0.5121951219512195,0.4611973392461197,0.4878048780487805,0.5388026607538803,0.0,0.0,0.07760532150776056,0.024390243902439046,0.0509977827050998,243.0,220.0,0.5388026607538803,0.4878048780487805,83.0,160.0,208.0,231.0,0.4611973392461197,0.5121951219512195,137.0,71.0,0.29867256637168144,-0.07914502891260011,0.29571106094808125,,0.4444444444444444,0.29571106094808125,0.14873338349636317,0.6991150442477876,0.01991150442477876,0.3008849557522124,0.9800884955752213,0.0,0.0,0.9601769911504425,0.3982300884955752,0.6792035398230089,443.0,136.0,0.9800884955752213,0.3008849557522124,131.0,312.0,9.0,316.0,0.01991150442477876,0.6991150442477876,5.0,4.0
4,44,dcn,320x160,0.45,6,64,0,0.0008,1e-05,1.3,0.08,768,threshold,4,0.66,0.4490824582423499,0.21366427342096964,0.9895536562203229,0.9788588966599078,0.996607294317218,,0.9805825242718447,0.9805825242718447,0.016024770045373282,0.4335232668566002,0.44017094017094016,0.5664767331433999,0.5598290598290598,0.0,0.0,0.11965811965811968,0.13295346628679966,0.0066476733143399636,1179.0,1193.0,0.5598290598290598,0.5664767331433999,1175.0,4.0,927.0,913.0,0.44017094017094016,0.4335232668566002,18.0,909.0,0.4678492239467849,-0.06501528355177713,0.4732510288065844,,0.46153846153846156,0.46153846153846156,0.011712567268122809,0.49667405764966743,0.4611973392461197,0.5033259423503326,0.5388026607538803,0.0,0.0,0.07760532150776056,0.006651884700665134,0.03547671840354771,243.0,227.0,0.5388026607538803,0.5033259423503326,115.0,128.0,208.0,224.0,0.4611973392461197,0.49667405764966743,112.0,96.0,0.8539823008849557,0.036404237499466974,0.8668171557562077,,0.2222222222222222,0.2222222222222222,0.6445949335339854,0.13495575221238937,0.01991150442477876,0.8650442477876106,0.9800884955752213,0.0,0.0,0.9601769911504425,0.7300884955752212,0.1150442477876106,443.0,391.0,0.9800884955752213,0.8650442477876106,384.0,59.0,9.0,61.0,0.01991150442477876,0.13495575221238937,7.0,2.0
25,44,dcn,384x192x96,0.6,2,48,0,0.0005,0.0001,1.5,0.05,512,threshold,5,0.79,0.3191968219474995,0.21896138787269592,0.9401709401709402,0.8826393678466133,0.9957591178965225,,0.8694714131607335,0.8694714131607335,0.12628770473578899,0.38509021842355173,0.44017094017094016,0.6149097815764483,0.5598290598290598,0.0,0.0,0.11965811965811968,0.22981956315289653,0.05508072174738843,1179.0,1295.0,0.5598290598290598,0.6149097815764483,1174.0,5.0,927.0,811.0,0.44017094017094016,0.38509021842355173,121.0,806.0,0.328159645232816,-0.34292380781612164,0.3292181069958848,,0.3269230769230769,0.3269230769230769,0.0022950300728078465,0.5121951219512195,0.4611973392461197,0.4878048780487805,0.5388026607538803,0.0,0.0,0.07760532150776056,0.024390243902439046,0.0509977827050998,243.0,220.0,0.5388026607538803,0.4878048780487805,80.0,163.0,208.0,231.0,0.4611973392461197,0.5121951219512195,140.0,68.0,0.9203539823008849,0.08664330392789237,0.9345372460496614,,0.2222222222222222,0.2222222222222222,0.7123150238274392,0.06858407079646017,0.01991150442477876,0.9314159292035398,0.9800884955752213,0.0,0.0,0.9601769911504425,0.8628318584070795,0.04867256637168141,443.0,421.0,0.9800884955752213,0.9314159292035398,414.0,29.0,9.0,31.0,0.01991150442477876,0.06858407079646017,7.0,2.0
13,45,dcn,384x192x96,0.4,4,96,0,0.0003,0.0003,1.5,0.02,512,threshold,6,0.6,0.3537488953884618,0.09703249484300613,0.99667616334283,0.99325544574657,0.9974554707379135,,0.9956850053937433,0.9956850053937433,0.0017704653441702467,0.439696106362773,0.44017094017094016,0.560303893637227,0.5598290598290598,0.0,0.0,0.11965811965811968,0.12060778727445398,0.00047483380816715215,1179.0,1180.0,0.5598290598290598,0.560303893637227,1176.0,3.0,927.0,926.0,0.44017094017094016,0.439696106362773,4.0,923.0,0.36363636363636365,-0.27173456163657234,0.36213991769547327,,0.36538461538461536,0.36213991769547327,0.0032446976891420953,0.5121951219512195,0.4611973392461197,0.4878048780487805,0.5388026607538803,0.0,0.0,0.07760532150776056,0.024390243902439046,0.0509977827050998,243.0,220.0,0.5388026607538803,0.4878048780487805,88.0,155.0,208.0,231.0,0.4611973392461197,0.5121951219512195,132.0,76.0,0.2013274336283186,-0.2324666855196537,0.20316027088036118,,0.1111111111111111,0.1111111111111111,0.09204915976925007,0.7831858407079646,0.01991150442477876,0.2168141592920354,0.9800884955752213,0.0,0.0,0.9601769911504425,0.5663716814159292,0.7632743362831859,443.0,98.0,0.9800884955752213,0.2168141592920354,90.0,353.0,9.0,354.0,0.01991150442477876,0.7831858407079646,8.0,1.0
60,45,dcn,256x128,0.6,4,32,0,0.0003,0.0001,1.6,0.05,768,threshold,1,0.5,0.6006315447575611,0.3491520782311757,0.7768281101614435,0.5488280958491796,0.7888040712468194,,0.761596548004315,0.761596548004315,0.027207523242504417,0.45346628679962014,0.44017094017094016,0.5465337132003799,0.5598290598290598,0.0,0.0,0.11965811965811968,0.09306742640075977,0.013295346628679983,1179.0,1151.0,0.5598290598290598,0.5465337132003799,930.0,249.0,927.0,955.0,0.44017094017094016,0.45346628679962014,221.0,706.0,0.6053215077605322,0.21009735024277057,0.6049382716049383,,0.6057692307692307,0.6049382716049383,0.000830959164292433,0.49223946784922396,0.4611973392461197,0.5077605321507761,0.5388026607538803,0.0,0.0,0.07760532150776056,0.015521064301552145,0.031042128603104235,243.0,229.0,0.5388026607538803,0.5077605321507761,147.0,96.0,208.0,222.0,0.4611973392461197,0.49223946784922396,82.0,126.0,0.21902654867256638,-0.22013746005394472,0.22121896162528218,,0.1111111111111111,0.1111111111111111,0.11010785051417107,0.7654867256637168,0.01991150442477876,0.2345132743362832,0.9800884955752213,0.0,0.0,0.9601769911504425,0.5309734513274336,0.745575221238938,443.0,106.0,0.9800884955752213,0.2345132743362832,98.0,345.0,9.0,346.0,0.01991150442477876,0.7654867256637168,8.0,1.0
4,45,dcn,320x160,0.45,6,64,0,0.0008,1e-05,1.3,0.08,768,threshold,4,0.45,0.3880615146672057,0.21460648874441782,0.9890788224121557,0.9780931326306753,0.981340118744699,,0.9989212513484358,0.981340118744699,0.017581132603736838,0.45014245014245013,0.44017094017094016,0.5498575498575499,0.5598290598290598,0.0,0.0,0.11965811965811968,0.09971509971509973,0.009971509971509973,1179.0,1158.0,0.5598290598290598,0.5498575498575499,1157.0,22.0,927.0,948.0,0.44017094017094016,0.45014245014245013,1.0,926.0,0.3946784922394678,-0.21009735024277057,0.3950617283950617,,0.3942307692307692,0.3942307692307692,0.0008309591642924885,0.5077605321507761,0.4611973392461197,0.49223946784922396,0.5388026607538803,0.0,0.0,0.07760532150776056,0.015521064301552145,0.04656319290465638,243.0,222.0,0.5388026607538803,0.49223946784922396,96.0,147.0,208.0,229.0,0.4611973392461197,0.5077605321507761,126.0,82.0,0.27876106194690264,-0.18599085398827916,0.28216704288939054,,0.1111111111111111,0.1111111111111111,0.17105593177827944,0.7057522123893806,0.01991150442477876,0.2942477876106195,0.9800884955752213,0.0,0.0,0.9601769911504425,0.4115044247787611,0.6858407079646018,443.0,133.0,0.9800884955752213,0.2942477876106195,125.0,318.0,9.0,319.0,0.01991150442477876,0.7057522123893806,8.0,1.0
26,44,dcn,384x192x96,0.45,5,96,0,0.001,0.0003,1.6,0.05,512,threshold,8,0.71,0.39603176859274425,0.1651313692331314,0.9981006647673314,0.996151776212039,1.0,,0.9956850053937433,0.9956850053937433,0.004314994606256728,0.4382716049382716,0.44017094017094016,0.5617283950617284,0.5598290598290598,0.0,0.0,0.11965811965811968,0.12345679012345684,0.001899335232668553,1179.0,1183.0,0.5598290598290598,0.5617283950617284,1179.0,0.0,927.0,923.0,0.44017094017094016,0.4382716049382716,4.0,923.0,0.4057649667405765,-0.18818877506012632,0.4074074074074074,,0.40384615384615385,0.40384615384615385,0.00356125356125353,0.5055432372505543,0.4611973392461197,0.49445676274944567,0.5388026607538803,0.0,0.0,0.07760532150776056,0.011086474501108612,0.04434589800443456,243.0,223.0,0.5388026607538803,0.49445676274944567,99.0,144.0,208.0,228.0,0.4611973392461197,0.5055432372505543,124.0,84.0,0.2853982300884956,-0.18273639880206513,0.28893905191873587,,0.1111111111111111,0.1111111111111111,0.17782794080762476,0.6991150442477876,0.01991150442477876,0.3008849557522124,0.9800884955752213,0.0,0.0,0.9601769911504425,0.3982300884955752,0.6792035398230089,443.0,136.0,0.9800884955752213,0.3008849557522124,128.0,315.0,9.0,316.0,0.01991150442477876,0.6991150442477876,8.0,1.0
11,45,dcn,384x192x96,0.6,4,96,0,0.001,5e-05,1.6,0.02,768,threshold,6,0.72,0.44640462280367427,0.10806294530630112,0.9924026590693258,0.9845904030786973,0.9957591178965225,,0.9881337648327939,0.9881337648327939,0.007625353063728579,0.4373219373219373,0.44017094017094016,0.5626780626780626,0.5598290598290598,0.0,0.0,0.11965811965811968,0.12535612535612534,0.0028490028490028574,1179.0,1185.0,0.5598290598290598,0.5626780626780626,1174.0,5.0,927.0,921.0,0.44017094017094016,0.4373219373219373,11.0,916.0,0.4611973392461197,-0.07801286093849488,0.46502057613168724,,0.4567307692307692,0.4567307692307692,0.008289806900918018,0.49889135254988914,0.4611973392461197,0.5011086474501109,0.5388026607538803,0.0,0.0,0.07760532150776056,0.0022172949002217113,0.037694013303769425,243.0,226.0,0.5388026607538803,0.5011086474501109,113.0,130.0,208.0,225.0,0.4611973392461197,0.49889135254988914,113.0,95.0,0.2920353982300885,-0.17956779854424096,0.29571106094808125,,0.1111111111111111,0.1111111111111111,0.18459994983697015,0.6924778761061947,0.01991150442477876,0.3075221238938053,0.9800884955752213,0.0,0.0,0.9601769911504425,0.3849557522123894,0.672566371681416,443.0,139.0,0.9800884955752213,0.3075221238938053,131.0,312.0,9.0,313.0,0.01991150442477876,0.6924778761061947,8.0,1.0
64,44,dcn,320x160,0.4,3,48,0,0.0008,0.0003,1.3,0.05,512,threshold,2,0.79,0.4119722764438212,0.15994569063186645,0.9401709401709402,0.8826393678466133,0.9957591178965225,,0.8694714131607335,0.8694714131607335,0.12628770473578899,0.38509021842355173,0.44017094017094016,0.6149097815764483,0.5598290598290598,0.0,0.0,0.11965811965811968,0.22981956315289653,0.05508072174738843,1179.0,1295.0,0.5598290598290598,0.6149097815764483,1174.0,5.0,927.0,811.0,0.44017094017094016,0.38509021842355173,121.0,806.0,0.4279379157427938,-0.14438789938553287,0.43209876543209874,,0.4230769230769231,0.4230769230769231,0.009021842355175669,0.5011086474501109,0.4611973392461197,0.49889135254988914,0.5388026607538803,0.0,0.0,0.07760532150776056,0.0022172949002217113,0.039911308203991136,243.0,225.0,0.5388026607538803,0.49889135254988914,105.0,138.0,208.0,226.0,0.4611973392461197,0.5011086474501109,120.0,88.0,0.3008849557522124,-0.17546847929126017,0.3047404063205418,,0.1111111111111111,0.1111111111111111,0.19362929520943067,0.6836283185840708,0.01991150442477876,0.3163716814159292,0.9800884955752213,0.0,0.0,0.9601769911504425,0.3672566371681416,0.6637168141592921,443.0,143.0,0.9800884955752213,0.3163716814159292,135.0,308.0,9.0,309.0,0.01991150442477876,0.6836283185840708,8.0,1.0
17,45,dcn,256x128,0.55,3,32,0,0.001,1e-05,1.5,0.05,512,threshold,4,0.49,0.4437267873649988,0.17467730343341828,0.9838556505223172,0.9676420043220091,0.9745547073791349,,0.9956850053937433,0.9745547073791349,0.021130298014608417,0.45251661918328584,0.44017094017094016,0.5474833808167141,0.5598290598290598,0.0,0.0,0.11965811965811968,0.09496676163342826,0.012345679012345678,1179.0,1153.0,0.5598290598290598,0.5474833808167141,1149.0,30.0,927.0,953.0,0.44017094017094016,0.45251661918328584,4.0,923.0,0.45454545454545453,-0.09101171690776622,0.4567901234567901,,0.4519230769230769,0.4519230769230769,0.004867046533713171,0.5011086474501109,0.4611973392461197,0.49889135254988914,0.5388026607538803,0.0,0.0,0.07760532150776056,0.0022172949002217113,0.039911308203991136,243.0,225.0,0.5388026607538803,0.49889135254988914,111.0,132.0,208.0,226.0,0.4611973392461197,0.5011086474501109,114.0,94.0,0.3230088495575221,-0.16578669206612778,0.327313769751693,,0.1111111111111111,0.1111111111111111,0.2162026586405819,0.661504424778761,0.01991150442477876,0.33849557522123896,0.9800884955752213,0.0,0.0,0.9601769911504425,0.32300884955752207,0.6415929203539823,443.0,153.0,0.9800884955752213,0.33849557522123896,145.0,298.0,9.0,299.0,0.01991150442477876,0.661504424778761,8.0,1.0
7,44,dcn,384x192x96,0.6,5,96,0,0.001,0.0001,1.6,0.08,512,threshold,8,0.76,0.41183881761117525,0.24667780697345734,0.99335232668566,0.9865797619996709,1.0,,0.9848975188781014,0.9848975188781014,0.015102481121898603,0.4335232668566002,0.44017094017094016,0.5664767331433999,0.5598290598290598,0.0,0.0,0.11965811965811968,0.13295346628679966,0.0066476733143399636,1179.0,1193.0,0.5598290598290598,0.5664767331433999,1179.0,0.0,927.0,913.0,0.44017094017094016,0.4335232668566002,14.0,913.0,0.4212860310421286,-0.15671486857545253,0.41975308641975306,,0.4230769230769231,0.41975308641975306,0.0033238366571700095,0.5077605321507761,0.4611973392461197,0.49223946784922396,0.5388026607538803,0.0,0.0,0.07760532150776056,0.015521064301552145,0.04656319290465638,243.0,222.0,0.5388026607538803,0.49223946784922396,102.0,141.0,208.0,229.0,0.4611973392461197,0.5077605321507761,120.0,88.0,0.32964601769911506,-0.16302486531982444,0.3340857787810384,,0.1111111111111111,0.1111111111111111,0.2229746676699273,0.6548672566371682,0.01991150442477876,0.34513274336283184,0.9800884955752213,0.0,0.0,0.9601769911504425,0.3097345132743363,0.6349557522123894,443.0,156.0,0.9800884955752213,0.34513274336283184,148.0,295.0,9.0,296.0,0.01991150442477876,0.6548672566371682,8.0,1.0
58,44,dcn,320x160,0.4,6,32,0,0.0008,5e-05,1.4,0.05,768,threshold,5,0.78,0.45903723935905505,0.157808189590772,0.9881291547958214,0.9760557532188712,0.998303647158609,,0.9751887810140237,0.9751887810140237,0.023114866144585244,0.4301994301994302,0.44017094017094016,0.5698005698005698,0.5598290598290598,0.0,0.0,0.11965811965811968,0.13960113960113962,0.009971509971509973,1179.0,1200.0,0.5598290598290598,0.5698005698005698,1177.0,2.0,927.0,906.0,0.44017094017094016,0.4301994301994302,23.0,904.0,0.4656319290465632,-0.06842779691781398,0.46502057613168724,,0.46634615384615385,0.46502057613168724,0.0013255777144666192,0.5033259423503326,0.4611973392461197,0.49667405764966743,0.5388026607538803,0.0,0.0,0.07760532150776056,0.006651884700665134,0.04212860310421285,243.0,224.0,0.5388026607538803,0.49667405764966743,113.0,130.0,208.0,227.0,0.4611973392461197,0.5033259423503326,111.0,97.0,0.40486725663716816,-0.13529206710216987,0.4108352144469526,,0.1111111111111111,0.1111111111111111,0.2997241033358415,0.5796460176991151,0.01991150442477876,0.42035398230088494,0.9800884955752213,0.0,0.0,0.9601769911504425,0.15929203539823011,0.5597345132743363,443.0,190.0,0.9800884955752213,0.42035398230088494,182.0,261.0,9.0,262.0,0.01991150442477876,0.5796460176991151,8.0,1.0
41,44,dcn,384x192x96,0.6,2,96,0,0.0003,1e-05,1.5,0.08,768,threshold,1,0.77,0.5020066431109791,0.3576254944006602,0.7673314339981007,0.528012488177226,0.8837998303647159,,0.6192017259978425,0.6192017259978425,0.26459810436687337,0.33760683760683763,0.44017094017094016,0.6623931623931624,0.5598290598290598,0.0,0.0,0.11965811965811968,0.32478632478632474,0.10256410256410253,1179.0,1395.0,0.5598290598290598,0.6623931623931624,1042.0,137.0,927.0,711.0,0.44017094017094016,0.33760683760683763,353.0,574.0,0.5121951219512195,0.02394677009461694,0.51440329218107,,0.5096153846153846,0.5096153846153846,0.004787907565685368,0.49667405764966743,0.4611973392461197,0.5033259423503326,0.5388026607538803,0.0,0.0,0.07760532150776056,0.006651884700665134,0.03547671840354771,243.0,227.0,0.5388026607538803,0.5033259423503326,125.0,118.0,208.0,224.0,0.4611973392461197,0.49667405764966743,102.0,106.0,0.5685840707964602,-0.08814905874448478,0.5778781038374717,,0.1111111111111111,0.1111111111111111,0.46676699272636063,0.415929203539823,0.01991150442477876,0.584070796460177,0.9800884955752213,0.0,0.0,0.9601769911504425,0.16814159292035402,0.39601769911504425,443.0,264.0,0.9800884955752213,0.584070796460177,256.0,187.0,9.0,188.0,0.01991150442477876,0.415929203539823,8.0,1.0
12,44,dcn,384x192x96,0.6,2,96,0,0.0003,0.0001,1.6,0.02,512,threshold,1,0.75,0.4771887803053115,0.2112693816423416,0.8048433048433048,0.6063600487939351,0.909245122985581,,0.6720604099244876,0.6720604099244876,0.23718471306109346,0.3466286799620133,0.44017094017094016,0.6533713200379867,0.5598290598290598,0.0,0.0,0.11965811965811968,0.3067426400759734,0.09354226020892686,1179.0,1376.0,0.5598290598290598,0.6533713200379867,1072.0,107.0,927.0,730.0,0.44017094017094016,0.3466286799620133,304.0,623.0,0.49445676274944567,-0.01025766908084546,0.4897119341563786,,0.5,0.4897119341563786,0.010288065843621408,0.5055432372505543,0.4611973392461197,0.49445676274944567,0.5388026607538803,0.0,0.0,0.07760532150776056,0.011086474501108612,0.04434589800443456,243.0,223.0,0.5388026607538803,0.49445676274944567,119.0,124.0,208.0,228.0,0.4611973392461197,0.5055432372505543,104.0,104.0,0.577433628318584,-0.08586715237612184,0.5869074492099323,,0.1111111111111111,0.1111111111111111,0.4757963380988212,0.40707964601769914,0.01991150442477876,0.5929203539823009,0.9800884955752213,0.0,0.0,0.9601769911504425,0.18584070796460178,0.3871681415929204,443.0,268.0,0.9800884955752213,0.5929203539823009,260.0,183.0,9.0,184.0,0.01991150442477876,0.40707964601769914,8.0,1.0
52,45,dcn,384x192x96,0.55,3,48,0,0.0003,0.0001,1.5,0.02,512,threshold,1,0.68,0.4437267873649988,0.216867071390152,0.8034188034188035,0.6203070897942913,0.7421543681085666,,0.8813376483279396,0.7421543681085666,0.13918328021937298,0.5322886989553656,0.44017094017094016,0.4677113010446344,0.5598290598290598,0.0,0.0,0.11965811965811968,0.0645773979107312,0.09211775878442541,1179.0,985.0,0.5598290598290598,0.4677113010446344,875.0,304.0,927.0,1121.0,0.44017094017094016,0.5322886989553656,110.0,817.0,0.45454545454545453,-0.09101171690776622,0.4567901234567901,,0.4519230769230769,0.4519230769230769,0.004867046533713171,0.5011086474501109,0.4611973392461197,0.49889135254988914,0.5388026607538803,0.0,0.0,0.07760532150776056,0.0022172949002217113,0.039911308203991136,243.0,225.0,0.5388026607538803,0.49889135254988914,111.0,132.0,208.0,226.0,0.4611973392461197,0.5011086474501109,114.0,94.0,0.665929203539823,-0.06346915619063519,0.6772009029345373,,0.1111111111111111,0.1111111111111111,0.5660897918234262,0.3185840707964602,0.01991150442477876,0.6814159292035398,0.9800884955752213,0.0,0.0,0.9601769911504425,0.3628318584070796,0.29867256637168144,443.0,308.0,0.9800884955752213,0.6814159292035398,300.0,143.0,9.0,144.0,0.01991150442477876,0.3185840707964602,8.0,1.0
17,44,dcn,256x128,0.55,3,32,0,0.001,1e-05,1.5,0.05,512,threshold,4,0.8,0.43362277840597624,0.1724695235490799,0.9738841405508072,0.9477773336819976,0.9974554707379135,,0.9439050701186623,0.9439050701186623,0.053550400619251204,0.41690408357075026,0.44017094017094016,0.5830959164292497,0.5598290598290598,0.0,0.0,0.11965811965811968,0.16619183285849948,0.0232668566001899,1179.0,1228.0,0.5598290598290598,0.5830959164292497,1176.0,3.0,927.0,878.0,0.44017094017094016,0.41690408357075026,52.0,875.0,0.44124168514412415,-0.11701633266841398,0.4403292181069959,,0.4423076923076923,0.4403292181069959,0.0019784742006964118,0.5055432372505543,0.4611973392461197,0.49445676274944567,0.5388026607538803,0.0,0.0,0.07760532150776056,0.011086474501108612,0.04434589800443456,243.0,223.0,0.5388026607538803,0.49445676274944567,107.0,136.0,208.0,228.0,0.4611973392461197,0.5055432372505543,116.0,92.0,0.7123893805309734,-0.051566502630623026,0.7246049661399548,,0.1111111111111111,0.1111111111111111,0.6134938550288438,0.2721238938053097,0.01991150442477876,0.7278761061946902,0.9800884955752213,0.0,0.0,0.9601769911504425,0.4557522123893805,0.252212389380531,443.0,329.0,0.9800884955752213,0.7278761061946902,321.0,122.0,9.0,123.0,0.01991150442477876,0.2721238938053097,8.0,1.0
23,45,dcn,256x128,0.4,4,96,0,0.0005,1e-05,1.3,0.02,384,threshold,5,0.84,0.393684397129519,0.08062239612142245,0.9938271604938271,0.9875146843551273,0.9991518235793045,,0.9870550161812298,0.9870550161812298,0.012096807398074727,0.4349477682811016,0.44017094017094016,0.5650522317188984,0.5598290598290598,0.0,0.0,0.11965811965811968,0.1301044634377968,0.005223171889838563,1179.0,1190.0,0.5598290598290598,0.5650522317188984,1178.0,1.0,927.0,916.0,0.44017094017094016,0.4349477682811016,12.0,915.0,0.4124168514412417,-0.17384934813969205,0.4074074074074074,,0.4182692307692308,0.4074074074074074,0.010861823361823397,0.5121951219512195,0.4611973392461197,0.4878048780487805,0.5388026607538803,0.0,0.0,0.07760532150776056,0.024390243902439046,0.0509977827050998,243.0,220.0,0.5388026607538803,0.4878048780487805,99.0,144.0,208.0,231.0,0.4611973392461197,0.5121951219512195,121.0,87.0,0.7123893805309734,-0.051566502630623026,0.7246049661399548,,0.1111111111111111,0.1111111111111111,0.6134938550288438,0.2721238938053097,0.01991150442477876,0.7278761061946902,0.9800884955752213,0.0,0.0,0.9601769911504425,0.4557522123893805,0.252212389380531,443.0,329.0,0.9800884955752213,0.7278761061946902,321.0,122.0,9.0,123.0,0.01991150442477876,0.2721238938053097,8.0,1.0
49,44,dcn,320x160,0.55,6,96,0,0.0003,0.0003,1.3,0.02,512,threshold,2,0.35,0.34285739491362804,0.11704150289297104,0.9558404558404558,0.9118061331878132,0.9406276505513147,,0.9751887810140237,0.9406276505513147,0.03456113046270903,0.4624881291547958,0.44017094017094016,0.5375118708452041,0.5598290598290598,0.0,0.0,0.11965811965811968,0.07502374169040832,0.02231718898385565,1179.0,1132.0,0.5598290598290598,0.5375118708452041,1109.0,70.0,927.0,974.0,0.44017094017094016,0.4624881291547958,23.0,904.0,0.35033259423503327,-0.2984305289539033,0.3497942386831276,,0.35096153846153844,0.3497942386831276,0.0011672997784108463,0.5121951219512195,0.4611973392461197,0.4878048780487805,0.5388026607538803,0.0,0.0,0.07760532150776056,0.024390243902439046,0.0509977827050998,243.0,220.0,0.5388026607538803,0.4878048780487805,85.0,158.0,208.0,231.0,0.4611973392461197,0.5121951219512195,135.0,73.0,0.7168141592920354,-0.050409179951014946,0.7291196388261851,,0.1111111111111111,0.1111111111111111,0.618008527715074,0.2676991150442478,0.01991150442477876,0.7323008849557522,0.9800884955752213,0.0,0.0,0.9601769911504425,0.46460176991150437,0.24778761061946905,443.0,331.0,0.9800884955752213,0.7323008849557522,323.0,120.0,9.0,121.0,0.01991150442477876,0.2676991150442478,8.0,1.0
37,45,dcn,256x128,0.5,4,48,0,0.0008,0.0003,1.3,0.08,512,threshold,2,0.64,0.3616626746233792,0.22313044369220733,0.9724596391263058,0.9441661433624695,0.9838846480067854,,0.9579288025889967,0.9579288025889967,0.025955845417788725,0.43067426400759734,0.44017094017094016,0.5693257359924027,0.5598290598290598,0.0,0.0,0.11965811965811968,0.13865147198480532,0.009496676163342821,1179.0,1199.0,0.5598290598290598,0.5693257359924027,1160.0,19.0,927.0,907.0,0.44017094017094016,0.43067426400759734,39.0,888.0,0.38137472283813745,-0.23745569884596268,0.3868312757201646,,0.375,0.375,0.011831275720164625,0.5033259423503326,0.4611973392461197,0.49667405764966743,0.5388026607538803,0.0,0.0,0.07760532150776056,0.006651884700665134,0.04212860310421285,243.0,224.0,0.5388026607538803,0.49667405764966743,94.0,149.0,208.0,227.0,0.4611973392461197,0.5033259423503326,130.0,78.0,0.745575221238938,-0.04272569409960166,0.7584650112866818,,0.1111111111111111,0.1111111111111111,0.6473539001755706,0.23893805309734514,0.01991150442477876,0.7610619469026548,0.9800884955752213,0.0,0.0,0.9601769911504425,0.5221238938053097,0.21902654867256638,443.0,344.0,0.9800884955752213,0.7610619469026548,336.0,107.0,9.0,108.0,0.01991150442477876,0.23893805309734514,8.0,1.0
13,44,dcn,384x192x96,0.4,4,96,0,0.0003,0.0003,1.5,0.02,512,threshold,5,0.7,0.4754812982861764,0.09592467248439789,0.9914529914529915,0.9827193293297893,0.998303647158609,,0.982740021574973,0.982740021574973,0.015563625583635998,0.4335232668566002,0.44017094017094016,0.5664767331433999,0.5598290598290598,0.0,0.0,0.11965811965811968,0.13295346628679966,0.0066476733143399636,1179.0,1193.0,0.5598290598290598,0.5664767331433999,1177.0,2.0,927.0,913.0,0.44017094017094016,0.4335232668566002,16.0,911.0,0.4811529933481153,-0.037635534429999555,0.48148148148148145,,0.4807692307692308,0.4807692307692308,0.0007122507122506727,0.5011086474501109,0.4611973392461197,0.49889135254988914,0.5388026607538803,0.0,0.0,0.07760532150776056,0.0022172949002217113,0.039911308203991136,243.0,225.0,0.5388026607538803,0.49889135254988914,117.0,126.0,208.0,226.0,0.4611973392461197,0.5011086474501109,108.0,100.0,0.754424778761062,-0.04029173344793618,0.7674943566591422,,0.1111111111111111,0.1111111111111111,0.6563832455480312,0.23008849557522124,0.01991150442477876,0.7699115044247787,0.9800884955752213,0.0,0.0,0.9601769911504425,0.5398230088495575,0.21017699115044247,443.0,348.0,0.9800884955752213,0.7699115044247787,340.0,103.0,9.0,104.0,0.01991150442477876,0.23008849557522124,8.0,1.0
26,45,dcn,384x192x96,0.45,5,96,0,0.001,0.0003,1.6,0.05,512,threshold,3,0.66,0.4701888797993134,0.1636030912399292,0.9881291547958214,0.9759111124844703,0.989821882951654,,0.9859762675296656,0.9859762675296656,0.0038456154219883576,0.439696106362773,0.44017094017094016,0.560303893637227,0.5598290598290598,0.0,0.0,0.11965811965811968,0.12060778727445398,0.00047483380816715215,1179.0,1180.0,0.5598290598290598,0.560303893637227,1167.0,12.0,927.0,926.0,0.44017094017094016,0.439696106362773,13.0,914.0,0.47671840354767187,-0.046531564842960664,0.4773662551440329,,0.47596153846153844,0.47596153846153844,0.001404716682494478,0.5011086474501109,0.4611973392461197,0.49889135254988914,0.5388026607538803,0.0,0.0,0.07760532150776056,0.0022172949002217113,0.039911308203991136,243.0,225.0,0.5388026607538803,0.49889135254988914,116.0,127.0,208.0,226.0,0.4611973392461197,0.5011086474501109,109.0,99.0,0.7809734513274337,-0.032720472241260554,0.7945823927765236,,0.1111111111111111,0.1111111111111111,0.6834712816654125,0.20353982300884957,0.01991150442477876,0.7964601769911505,0.9800884955752213,0.0,0.0,0.9601769911504425,0.5929203539823009,0.1836283185840708,443.0,360.0,0.9800884955752213,0.7964601769911505,352.0,91.0,9.0,92.0,0.01991150442477876,0.20353982300884957,8.0,1.0
44,44,dcn,320x160,0.4,2,96,0,0.0008,0.0003,1.3,0.08,768,threshold,8,0.81,0.4045778172946195,0.20718424518903097,0.9909781576448243,0.9818192678244697,1.0,,0.9795037756202805,0.9795037756202805,0.02049622437971954,0.4311490978157645,0.44017094017094016,0.5688509021842355,0.5598290598290598,0.0,0.0,0.11965811965811968,0.13770180436847101,0.009021842355175669,1179.0,1198.0,0.5598290598290598,0.5688509021842355,1179.0,0.0,927.0,908.0,0.44017094017094016,0.4311490978157645,19.0,908.0,0.4124168514412417,-0.1745090291312252,0.411522633744856,,0.41346153846153844,0.411522633744856,0.0019389047166824547,0.5077605321507761,0.4611973392461197,0.49223946784922396,0.5388026607538803,0.0,0.0,0.07760532150776056,0.015521064301552145,0.04656319290465638,243.0,222.0,0.5388026607538803,0.49223946784922396,100.0,143.0,208.0,229.0,0.4611973392461197,0.5077605321507761,122.0,86.0,0.7831858407079646,-0.03206776182352555,0.7968397291196389,,0.1111111111111111,0.1111111111111111,0.6857286180085278,0.2013274336283186,0.01991150442477876,0.7986725663716814,0.9800884955752213,0.0,0.0,0.9601769911504425,0.5973451327433628,0.18141592920353983,443.0,361.0,0.9800884955752213,0.7986725663716814,353.0,90.0,9.0,91.0,0.01991150442477876,0.2013274336283186,8.0,1.0
28,45,dcn,320x160,0.55,2,48,0,0.0003,1e-05,1.5,0.08,384,threshold,4,0.82,0.3864233968129632,0.2668509284655253,0.9377967711301045,0.8781598861049397,0.9957591178965225,,0.8640776699029126,0.8640776699029126,0.13168144799360992,0.38271604938271603,0.44017094017094016,0.6172839506172839,0.5598290598290598,0.0,0.0,0.11965811965811968,0.2345679012345679,0.05745489078822413,1179.0,1300.0,0.5598290598290598,0.6172839506172839,1174.0,5.0,927.0,806.0,0.44017094017094016,0.38271604938271603,126.0,801.0,0.4035476718403548,-0.1916466596845794,0.3991769547325103,,0.40865384615384615,0.3991769547325103,0.009476891421335842,0.5121951219512195,0.4611973392461197,0.4878048780487805,0.5388026607538803,0.0,0.0,0.07760532150776056,0.024390243902439046,0.0509977827050998,243.0,220.0,0.5388026607538803,0.4878048780487805,97.0,146.0,208.0,231.0,0.4611973392461197,0.5121951219512195,123.0,85.0,0.8141592920353983,-0.022461198622454732,0.8284424379232506,,0.1111111111111111,0.1111111111111111,0.7173313268121395,0.17035398230088494,0.01991150442477876,0.8296460176991151,0.9800884955752213,0.0,0.0,0.9601769911504425,0.6592920353982301,0.15044247787610618,443.0,375.0,0.9800884955752213,0.8296460176991151,367.0,76.0,9.0,77.0,0.01991150442477876,0.17035398230088494,8.0,1.0
20,45,dcn,320x160,0.4,5,48,0,0.0008,0.0001,1.3,0.02,384,threshold,7,0.77,0.4554067392007771,0.07785484815637271,0.9995251661918328,0.9990368901672698,1.0,,0.9989212513484358,0.9989212513484358,0.0010787486515642097,0.439696106362773,0.44017094017094016,0.560303893637227,0.5598290598290598,0.0,0.0,0.11965811965811968,0.12060778727445398,0.00047483380816715215,1179.0,1180.0,0.5598290598290598,0.560303893637227,1179.0,0.0,927.0,926.0,0.44017094017094016,0.439696106362773,1.0,926.0,0.4611973392461197,-0.07732400228245338,0.4609053497942387,,0.46153846153846156,0.4609053497942387,0.0006331117442228695,0.5033259423503326,0.4611973392461197,0.49667405764966743,0.5388026607538803,0.0,0.0,0.07760532150776056,0.006651884700665134,0.04212860310421285,243.0,224.0,0.5388026607538803,0.49667405764966743,112.0,131.0,208.0,227.0,0.4611973392461197,0.5033259423503326,112.0,96.0,0.8451327433628318,-0.011634015742687473,0.8600451467268623,,0.1111111111111111,0.1111111111111111,0.7489340356157512,0.13938053097345132,0.01991150442477876,0.8606194690265486,0.9800884955752213,0.0,0.0,0.9601769911504425,0.7212389380530972,0.11946902654867256,443.0,389.0,0.9800884955752213,0.8606194690265486,381.0,62.0,9.0,63.0,0.01991150442477876,0.13938053097345132,8.0,1.0
18,45,dcn,320x160,0.45,5,48,0,0.0003,0.0001,1.3,0.05,512,threshold,6,0.69,0.46992873983388883,0.17997981905937194,0.9905033238366572,0.9807697880472036,0.996607294317218,,0.982740021574973,0.982740021574973,0.013867272742244974,0.43447293447293445,0.44017094017094016,0.5655270655270656,0.5598290598290598,0.0,0.0,0.11965811965811968,0.1310541310541311,0.005698005698005715,1179.0,1191.0,0.5598290598290598,0.5655270655270656,1175.0,4.0,927.0,915.0,0.44017094017094016,0.43447293447293445,16.0,911.0,0.4789356984478936,-0.04173918082389575,0.4773662551440329,,0.4807692307692308,0.4773662551440329,0.0034029756251978682,0.5033259423503326,0.4611973392461197,0.49667405764966743,0.5388026607538803,0.0,0.0,0.07760532150776056,0.006651884700665134,0.04212860310421285,243.0,224.0,0.5388026607538803,0.49667405764966743,116.0,127.0,208.0,227.0,0.4611973392461197,0.5033259423503326,108.0,100.0,0.8628318584070797,-0.0046085970725013225,0.8781038374717833,,0.1111111111111111,0.1111111111111111,0.7669927263606722,0.12168141592920353,0.01991150442477876,0.8783185840707964,0.9800884955752213,0.0,0.0,0.9601769911504425,0.7566371681415929,0.10176991150442477,443.0,397.0,0.9800884955752213,0.8783185840707964,389.0,54.0,9.0,55.0,0.01991150442477876,0.12168141592920353,8.0,1.0
8,45,dcn,320x160,0.55,5,48,0,0.001,0.0001,1.5,0.02,768,threshold,2,0.74,0.4199425303693597,0.1028050755461057,0.9558404558404558,0.9103568803576626,0.9626802374893978,,0.9471413160733549,0.9471413160733549,0.01553892141604285,0.43779677113010446,0.44017094017094016,0.5622032288698955,0.5598290598290598,0.0,0.0,0.11965811965811968,0.12440645773979103,0.0023741690408357052,1179.0,1184.0,0.5598290598290598,0.5622032288698955,1135.0,44.0,927.0,922.0,0.44017094017094016,0.43779677113010446,49.0,878.0,0.43902439024390244,-0.12249301300330043,0.4444444444444444,,0.4326923076923077,0.4326923076923077,0.01175213675213671,0.49889135254988914,0.4611973392461197,0.5011086474501109,0.5388026607538803,0.0,0.0,0.07760532150776056,0.0022172949002217113,0.037694013303769425,243.0,226.0,0.5388026607538803,0.5011086474501109,108.0,135.0,208.0,225.0,0.4611973392461197,0.49889135254988914,118.0,90.0,0.8650442477876106,-0.0036729700179586526,0.8803611738148984,,0.1111111111111111,0.1111111111111111,0.7692500627037873,0.11946902654867257,0.01991150442477876,0.8805309734513275,0.9800884955752213,0.0,0.0,0.9601769911504425,0.7610619469026549,0.09955752212389381,443.0,398.0,0.9800884955752213,0.8805309734513275,390.0,53.0,9.0,54.0,0.01991150442477876,0.11946902654867257,8.0,1.0
53,44,dcn,320x160,0.6,6,64,0,0.001,0.0003,1.4,0.05,512,threshold,5,0.74,0.42636177808942033,0.1802454560995102,0.9857549857549858,0.9713158616363938,0.998303647158609,,0.9697950377562028,0.9697950377562028,0.028508609402406182,0.4278252611585945,0.44017094017094016,0.5721747388414055,0.5598290598290598,0.0,0.0,0.11965811965811968,0.14434947768281098,0.012345679012345678,1179.0,1205.0,0.5598290598290598,0.5721747388414055,1177.0,2.0,927.0,901.0,0.44017094017094016,0.4278252611585945,28.0,899.0,0.43237250554323725,-0.13480944326634206,0.43209876543209874,,0.4326923076923077,0.43209876543209874,0.0005935422602089679,0.5055432372505543,0.4611973392461197,0.49445676274944567,0.5388026607538803,0.0,0.0,0.07760532150776056,0.011086474501108612,0.04434589800443456,243.0,223.0,0.5388026607538803,0.49445676274944567,105.0,138.0,208.0,228.0,0.4611973392461197,0.5055432372505543,118.0,90.0,0.8805309734513275,0.0033288822962201717,0.8961625282167043,,0.1111111111111111,0.1111111111111111,0.7850514171055931,0.10398230088495575,0.01991150442477876,0.8960176991150443,0.9800884955752213,0.0,0.0,0.9601769911504425,0.7920353982300885,0.08407079646017698,443.0,405.0,0.9800884955752213,0.8960176991150443,397.0,46.0,9.0,47.0,0.01991150442477876,0.10398230088495575,8.0,1.0
69,44,dcn,256x128,0.5,6,64,0,0.0008,5e-05,1.3,0.05,768,threshold,4,0.73,0.5316491622148803,0.16940015057722727,0.9795821462488129,0.9591300959060273,0.9991518235793045,,0.9546925566343042,0.9546925566343042,0.04445926694500035,0.42070275403608737,0.44017094017094016,0.5792972459639126,0.5598290598290598,0.0,0.0,0.11965811965811968,0.15859449192782527,0.019468186134852794,1179.0,1220.0,0.5598290598290598,0.5792972459639126,1178.0,1.0,927.0,886.0,0.44017094017094016,0.42070275403608737,42.0,885.0,0.541019955654102,0.0821156864948051,0.5390946502057613,,0.5432692307692307,0.5390946502057613,0.004174580563469421,0.49889135254988914,0.4611973392461197,0.5011086474501109,0.5388026607538803,0.0,0.0,0.07760532150776056,0.0022172949002217113,0.037694013303769425,243.0,226.0,0.5388026607538803,0.5011086474501109,131.0,112.0,208.0,225.0,0.4611973392461197,0.49889135254988914,95.0,113.0,0.8871681415929203,0.006619245508085688,0.9029345372460497,,0.1111111111111111,0.1111111111111111,0.7918234261349386,0.09734513274336283,0.01991150442477876,0.9026548672566371,0.9800884955752213,0.0,0.0,0.9601769911504425,0.8053097345132743,0.07743362831858407,443.0,408.0,0.9800884955752213,0.9026548672566371,400.0,43.0,9.0,44.0,0.01991150442477876,0.09734513274336283,8.0,1.0
36,44,dcn,320x160,0.55,6,64,0,0.001,5e-05,1.4,0.05,512,threshold,3,0.73,0.4463413704131861,0.17752340734004973,0.9700854700854701,0.9401703807762738,0.9957591178965225,,0.9374325782092773,0.9374325782092773,0.058326539687245216,0.41500474833808165,0.44017094017094016,0.5849952516619183,0.5598290598290598,0.0,0.0,0.11965811965811968,0.1699905033238367,0.02516619183285851,1179.0,1232.0,0.5598290598290598,0.5849952516619183,1174.0,5.0,927.0,874.0,0.44017094017094016,0.41500474833808165,58.0,869.0,0.4523281596452328,-0.0951164130117322,0.45267489711934156,,0.4519230769230769,0.4519230769230769,0.0007518201962646298,0.5033259423503326,0.4611973392461197,0.49667405764966743,0.5388026607538803,0.0,0.0,0.07760532150776056,0.006651884700665134,0.04212860310421285,243.0,224.0,0.5388026607538803,0.49667405764966743,110.0,133.0,208.0,227.0,0.4611973392461197,0.5033259423503326,114.0,94.0,0.9048672566371682,0.01656490448815065,0.9209932279909706,,0.1111111111111111,0.1111111111111111,0.8098821168798596,0.07964601769911504,0.01991150442477876,0.9203539823008849,0.9800884955752213,0.0,0.0,0.9601769911504425,0.8407079646017699,0.05973451327433628,443.0,416.0,0.9800884955752213,0.9203539823008849,408.0,35.0,9.0,36.0,0.01991150442477876,0.07964601769911504,8.0,1.0
6,44,dcn,384x192x96,0.5,3,64,0,0.0005,5e-05,1.5,0.08,512,threshold,7,0.54,0.5205617340102434,0.23864910900592803,0.9928774928774928,0.9856000184800005,0.989821882951654,,0.9967637540453075,0.989821882951654,0.006941871093653518,0.4444444444444444,0.44017094017094016,0.5555555555555556,0.5598290598290598,0.0,0.0,0.11965811965811968,0.11111111111111116,0.004273504273504258,1179.0,1170.0,0.5598290598290598,0.5555555555555556,1167.0,12.0,927.0,936.0,0.44017094017094016,0.4444444444444444,3.0,924.0,0.532150776053215,0.06363700087462971,0.5349794238683128,,0.5288461538461539,0.5288461538461539,0.00613327002215891,0.49445676274944567,0.4611973392461197,0.5055432372505543,0.5388026607538803,0.0,0.0,0.07760532150776056,0.011086474501108612,0.03325942350332595,243.0,228.0,0.5388026607538803,0.5055432372505543,130.0,113.0,208.0,223.0,0.4611973392461197,0.49445676274944567,98.0,110.0,0.9070796460176991,0.01795954789145214,0.9232505643340858,,0.1111111111111111,0.1111111111111111,0.8121394532229746,0.07743362831858407,0.01991150442477876,0.922566371681416,0.9800884955752213,0.0,0.0,0.9601769911504425,0.845132743362832,0.0575221238938053,443.0,417.0,0.9800884955752213,0.922566371681416,409.0,34.0,9.0,35.0,0.01991150442477876,0.07743362831858407,8.0,1.0
59,44,dcn,320x160,0.6,6,64,0,0.0003,0.0003,1.3,0.02,512,threshold,8,0.9,0.4082083174528974,0.14054392278194427,0.9810066476733144,0.9619425269394443,0.9991518235793045,,0.9579288025889967,0.9579288025889967,0.041223020990307835,0.42212725546058877,0.44017094017094016,0.5778727445394112,0.5598290598290598,0.0,0.0,0.11965811965811968,0.1557454890788224,0.018043684710351393,1179.0,1217.0,0.5598290598290598,0.5778727445394112,1178.0,1.0,927.0,889.0,0.44017094017094016,0.42212725546058877,39.0,888.0,0.41685144124168516,-0.16561194885333885,0.4156378600823045,,0.4182692307692308,0.4156378600823045,0.00263137068692626,0.5077605321507761,0.4611973392461197,0.49223946784922396,0.5388026607538803,0.0,0.0,0.07760532150776056,0.015521064301552145,0.04656319290465638,243.0,222.0,0.5388026607538803,0.49223946784922396,101.0,142.0,208.0,229.0,0.4611973392461197,0.5077605321507761,121.0,87.0,0.915929203539823,0.023982866527240604,0.9322799097065463,,0.1111111111111111,0.1111111111111111,0.8211687985954352,0.06858407079646017,0.01991150442477876,0.9314159292035398,0.9800884955752213,0.0,0.0,0.9601769911504425,0.8628318584070795,0.04867256637168141,443.0,421.0,0.9800884955752213,0.9314159292035398,413.0,30.0,9.0,31.0,0.01991150442477876,0.06858407079646017,8.0,1.0
10,44,dcn,192x96,0.55,6,32,0,0.0003,0.0001,1.4,0.02,512,threshold,1,0.43,0.5171262017366355,0.187541264295578,0.811965811965812,0.6170556164657859,0.8770144189991518,,0.7292340884573895,0.7292340884573895,0.14778033054176232,0.3898385565052232,0.44017094017094016,0.6101614434947769,0.5598290598290598,0.0,0.0,0.11965811965811968,0.22032288698955366,0.05033238366571696,1179.0,1285.0,0.5598290598290598,0.6101614434947769,1034.0,145.0,927.0,821.0,0.44017094017094016,0.3898385565052232,251.0,676.0,0.5299334811529933,0.06022080011257266,0.5267489711934157,,0.5336538461538461,0.5267489711934157,0.006904874960430463,0.5011086474501109,0.4611973392461197,0.49889135254988914,0.5388026607538803,0.0,0.0,0.07760532150776056,0.0022172949002217113,0.039911308203991136,243.0,225.0,0.5388026607538803,0.49889135254988914,128.0,115.0,208.0,226.0,0.4611973392461197,0.5011086474501109,97.0,111.0,0.10398230088495575,-0.338129298712076,0.1038374717832957,,0.1111111111111111,0.1038374717832957,0.007273639327815398,0.8805309734513275,0.01991150442477876,0.11946902654867257,0.9800884955752213,0.0,0.0,0.9601769911504425,0.7610619469026549,0.8606194690265487,443.0,54.0,0.9800884955752213,0.11946902654867257,46.0,397.0,9.0,398.0,0.01991150442477876,0.8805309734513275,8.0,1.0
30,44,dcn,320x160,0.5,4,64,0,0.0003,1e-05,1.3,0.05,768,threshold,7,0.3,0.5098661612652128,0.21690763036410013,0.9819563152896487,0.9641889057726754,0.9677692960135709,,1.0,0.9677692960135709,0.03223070398642913,0.45821462488129155,0.44017094017094016,0.5417853751187085,0.5598290598290598,0.0,0.0,0.11965811965811968,0.08357075023741695,0.018043684710351393,1179.0,1141.0,0.5598290598290598,0.5417853751187085,1141.0,38.0,927.0,965.0,0.44017094017094016,0.45821462488129155,0.0,927.0,0.5144124168514412,0.028739504017038443,0.51440329218107,,0.5144230769230769,0.51440329218107,1.978474200692304e-05,0.49889135254988914,0.4611973392461197,0.5011086474501109,0.5388026607538803,0.0,0.0,0.07760532150776056,0.0022172949002217113,0.037694013303769425,243.0,226.0,0.5388026607538803,0.5011086474501109,125.0,118.0,208.0,225.0,0.4611973392461197,0.49889135254988914,101.0,107.0,0.07964601769911504,-0.2946222486794804,0.0744920993227991,,0.3333333333333333,0.0744920993227991,0.2588412340105342,0.9137168141592921,0.01991150442477876,0.08628318584070796,0.9800884955752213,0.0,0.0,0.9601769911504425,0.8274336283185841,0.8938053097345133,443.0,39.0,0.9800884955752213,0.08628318584070796,33.0,410.0,9.0,413.0,0.01991150442477876,0.9137168141592921,6.0,3.0
54,45,dcn,256x128,0.6,3,64,0,0.0003,0.0001,1.4,0.05,768,threshold,1,0.32,0.5606941233262371,0.32279430826505023,0.751661918328585,0.526765152538048,0.6675148430873622,,0.8586839266450917,0.6675148430873622,0.19116908355772955,0.5641025641025641,0.44017094017094016,0.4358974358974359,0.5598290598290598,0.0,0.0,0.11965811965811968,0.1282051282051282,0.12393162393162394,1179.0,918.0,0.5598290598290598,0.4358974358974359,787.0,392.0,927.0,1188.0,0.44017094017094016,0.5641025641025641,131.0,796.0,0.5698447893569845,0.13959743983492923,0.5679012345679012,,0.5721153846153846,0.5679012345679012,0.004214150047483378,0.49667405764966743,0.4611973392461197,0.5033259423503326,0.5388026607538803,0.0,0.0,0.07760532150776056,0.006651884700665134,0.03547671840354771,243.0,227.0,0.5388026607538803,0.5033259423503326,138.0,105.0,208.0,224.0,0.4611973392461197,0.49667405764966743,89.0,119.0,0.09513274336283185,-0.3953190248981595,0.09706546275395034,,0.0,0.0,0.09706546275395034,0.8849557522123894,0.01991150442477876,0.11504424778761062,0.9800884955752213,0.0,0.0,0.9601769911504425,0.7699115044247788,0.8650442477876107,443.0,52.0,0.9800884955752213,0.11504424778761062,43.0,400.0,9.0,400.0,0.01991150442477876,0.8849557522123894,9.0,0.0
57,45,dcn,320x160,0.6,3,96,0,0.001,1e-05,1.4,0.05,384,threshold,7,0.46,0.4437267873649988,0.1625197778145472,0.9990503323836657,0.9980730749277403,0.9991518235793045,,0.9989212513484358,0.9989212513484358,0.000230572230868753,0.44017094017094016,0.44017094017094016,0.5598290598290598,0.5598290598290598,0.0,0.0,0.11965811965811968,0.11965811965811968,0.0,1179.0,1179.0,0.5598290598290598,0.5598290598290598,1178.0,1.0,927.0,927.0,0.44017094017094016,0.44017094017094016,1.0,926.0,0.45454545454545453,-0.09101171690776622,0.4567901234567901,,0.4519230769230769,0.4519230769230769,0.004867046533713171,0.5011086474501109,0.4611973392461197,0.49889135254988914,0.5388026607538803,0.0,0.0,0.07760532150776056,0.0022172949002217113,0.039911308203991136,243.0,225.0,0.5388026607538803,0.49889135254988914,111.0,132.0,208.0,226.0,0.4611973392461197,0.5011086474501109,114.0,94.0,0.09955752212389381,-0.38695819424493805,0.10158013544018059,,0.0,0.0,0.10158013544018059,0.8805309734513275,0.01991150442477876,0.11946902654867257,0.9800884955752213,0.0,0.0,0.9601769911504425,0.7610619469026549,0.8606194690265487,443.0,54.0,0.9800884955752213,0.11946902654867257,45.0,398.0,9.0,398.0,0.01991150442477876,0.8805309734513275,9.0,0.0
43,45,dcn,320x160,0.6,3,96,0,0.0005,0.0003,1.3,0.05,384,threshold,7,0.61,0.4463413704131861,0.17094141989946365,0.9985754985754985,0.997110408257061,0.998303647158609,,0.9989212513484358,0.998303647158609,0.0006176041898268148,0.4406457739791073,0.44017094017094016,0.5593542260208927,0.5598290598290598,0.0,0.0,0.11965811965811968,0.11870845204178537,0.00047483380816715215,1179.0,1178.0,0.5598290598290598,0.5593542260208927,1177.0,2.0,927.0,928.0,0.44017094017094016,0.4406457739791073,1.0,926.0,0.4523281596452328,-0.0951164130117322,0.45267489711934156,,0.4519230769230769,0.4519230769230769,0.0007518201962646298,0.5033259423503326,0.4611973392461197,0.49667405764966743,0.5388026607538803,0.0,0.0,0.07760532150776056,0.006651884700665134,0.04212860310421285,243.0,224.0,0.5388026607538803,0.49667405764966743,110.0,133.0,208.0,227.0,0.4611973392461197,0.5033259423503326,114.0,94.0,0.10176991150442478,-0.3829422637220285,0.1038374717832957,,0.0,0.0,0.1038374717832957,0.8783185840707964,0.01991150442477876,0.12168141592920353,0.9800884955752213,0.0,0.0,0.9601769911504425,0.7566371681415929,0.8584070796460177,443.0,55.0,0.9800884955752213,0.12168141592920353,46.0,397.0,9.0,397.0,0.01991150442477876,0.8783185840707964,9.0,0.0
31,44,dcn,256x128,0.45,5,96,0,0.0005,0.0003,1.5,0.05,384,threshold,8,0.58,0.3749253470357807,0.1501623789469401,1.0,1.0,1.0,,1.0,1.0,0.0,0.44017094017094016,0.44017094017094016,0.5598290598290598,0.5598290598290598,0.0,0.0,0.11965811965811968,0.11965811965811968,0.0,1179.0,1179.0,0.5598290598290598,0.5598290598290598,1179.0,0.0,927.0,927.0,0.44017094017094016,0.44017094017094016,0.0,927.0,0.3968957871396896,-0.20666011227626066,0.40329218106995884,,0.3894230769230769,0.3894230769230769,0.013869104146881917,0.5011086474501109,0.4611973392461197,0.49889135254988914,0.5388026607538803,0.0,0.0,0.07760532150776056,0.0022172949002217113,0.039911308203991136,243.0,225.0,0.5388026607538803,0.49889135254988914,98.0,145.0,208.0,226.0,0.4611973392461197,0.5011086474501109,127.0,81.0,0.12168141592920353,-0.35095001669927156,0.12415349887133183,,0.0,0.0,0.12415349887133183,0.8584070796460177,0.01991150442477876,0.1415929203539823,0.9800884955752213,0.0,0.0,0.9601769911504425,0.7168141592920354,0.838495575221239,443.0,64.0,0.9800884955752213,0.1415929203539823,55.0,388.0,9.0,388.0,0.01991150442477876,0.8584070796460177,9.0,0.0
72,45,dcn,320x160,0.55,3,96,0,0.0005,0.0003,1.4,0.02,768,threshold,7,0.67,0.4596040428255876,0.1099326287706693,0.9943019943019943,0.9884404626019684,0.996607294317218,,0.9913700107874865,0.9913700107874865,0.005237283529731407,0.4382716049382716,0.44017094017094016,0.5617283950617284,0.5598290598290598,0.0,0.0,0.11965811965811968,0.12345679012345684,0.001899335232668553,1179.0,1183.0,0.5598290598290598,0.5617283950617284,1175.0,4.0,927.0,923.0,0.44017094017094016,0.4382716049382716,8.0,919.0,0.4678492239467849,-0.06432362566888289,0.4691358024691358,,0.46634615384615385,0.46634615384615385,0.0027896486229819217,0.5011086474501109,0.4611973392461197,0.49889135254988914,0.5388026607538803,0.0,0.0,0.07760532150776056,0.0022172949002217113,0.039911308203991136,243.0,225.0,0.5388026607538803,0.49889135254988914,114.0,129.0,208.0,226.0,0.4611973392461197,0.5011086474501109,111.0,97.0,0.12389380530973451,-0.3477908850725362,0.12641083521444696,,0.0,0.0,0.12641083521444696,0.8561946902654868,0.01991150442477876,0.14380530973451328,0.9800884955752213,0.0,0.0,0.9601769911504425,0.7123893805309736,0.836283185840708,443.0,65.0,0.9800884955752213,0.14380530973451328,56.0,387.0,9.0,387.0,0.01991150442477876,0.8561946902654868,9.0,0.0
5,44,dcn,192x96,0.4,6,96,0,0.001,1e-05,1.3,0.08,384,threshold,1,0.78,0.45177527919736593,0.21723350137472153,0.9116809116809117,0.821172270142437,0.9499575911789653,,0.8629989212513485,0.8629989212513485,0.0869586699276168,0.40788224121557454,0.44017094017094016,0.5921177587844254,0.5598290598290598,0.0,0.0,0.11965811965811968,0.18423551756885087,0.032288698955365625,1179.0,1247.0,0.5598290598290598,0.5921177587844254,1120.0,59.0,927.0,859.0,0.44017094017094016,0.40788224121557454,127.0,800.0,0.4634146341463415,-0.07253355617359376,0.4609053497942387,,0.46634615384615385,0.4609053497942387,0.00544080405191516,0.5055432372505543,0.4611973392461197,0.49445676274944567,0.5388026607538803,0.0,0.0,0.07760532150776056,0.011086474501108612,0.04434589800443456,243.0,223.0,0.5388026607538803,0.49445676274944567,112.0,131.0,208.0,228.0,0.4611973392461197,0.5055432372505543,111.0,97.0,0.1261061946902655,-0.3446998355174934,0.12866817155756208,,0.0,0.0,0.12866817155756208,0.8539823008849557,0.01991150442477876,0.14601769911504425,0.9800884955752213,0.0,0.0,0.9601769911504425,0.7079646017699115,0.834070796460177,443.0,66.0,0.9800884955752213,0.14601769911504425,57.0,386.0,9.0,386.0,0.01991150442477876,0.8539823008849557,9.0,0.0
14,45,dcn,256x128,0.55,6,48,0,0.001,1e-05,1.5,0.08,384,threshold,4,0.36,0.4463413704131861,0.21057763944069544,0.9824311490978158,0.9650395833018162,0.9694656488549618,,0.9989212513484358,0.9694656488549618,0.02945560249347401,0.4567901234567901,0.44017094017094016,0.5432098765432098,0.5598290598290598,0.0,0.0,0.11965811965811968,0.08641975308641975,0.016619183285849937,1179.0,1144.0,0.5598290598290598,0.5432098765432098,1143.0,36.0,927.0,962.0,0.44017094017094016,0.4567901234567901,1.0,926.0,0.4523281596452328,-0.0951164130117322,0.45267489711934156,,0.4519230769230769,0.4519230769230769,0.0007518201962646298,0.5033259423503326,0.4611973392461197,0.49667405764966743,0.5388026607538803,0.0,0.0,0.07760532150776056,0.006651884700665134,0.04212860310421285,243.0,224.0,0.5388026607538803,0.49667405764966743,110.0,133.0,208.0,227.0,0.4611973392461197,0.5033259423503326,114.0,94.0,0.12831858407079647,-0.3416743327863298,0.1309255079006772,,0.0,0.0,0.1309255079006772,0.8517699115044248,0.01991150442477876,0.14823008849557523,0.9800884955752213,0.0,0.0,0.9601769911504425,0.7035398230088497,0.8318584070796461,443.0,67.0,0.9800884955752213,0.14823008849557523,58.0,385.0,9.0,385.0,0.01991150442477876,0.8517699115044248,9.0,0.0
35,45,dcn,256x128,0.5,3,64,0,0.0003,0.0001,1.6,0.08,512,threshold,1,0.4,0.524386242208058,0.2976739823818207,0.8404558404558404,0.6793299777580769,0.833757421543681,,0.8489751887810141,0.833757421543681,0.015217767237333035,0.46676163342830007,0.44017094017094016,0.5332383665716999,0.5598290598290598,0.0,0.0,0.11965811965811968,0.0664767331433998,0.02659069325735991,1179.0,1123.0,0.5598290598290598,0.5332383665716999,983.0,196.0,927.0,983.0,0.44017094017094016,0.46676163342830007,140.0,787.0,0.5454545454545454,0.09170389964569535,0.5390946502057613,,0.5528846153846154,0.5390946502057613,0.013789965178854113,0.5033259423503326,0.4611973392461197,0.49667405764966743,0.5388026607538803,0.0,0.0,0.07760532150776056,0.006651884700665134,0.04212860310421285,243.0,224.0,0.5388026607538803,0.49667405764966743,131.0,112.0,208.0,227.0,0.4611973392461197,0.5033259423503326,93.0,115.0,0.14380530973451328,-0.32214354361517356,0.14672686230248308,,0.0,0.0,0.14672686230248308,0.8362831858407079,0.01991150442477876,0.16371681415929204,0.9800884955752213,0.0,0.0,0.9601769911504425,0.6725663716814159,0.8163716814159292,443.0,74.0,0.9800884955752213,0.16371681415929204,65.0,378.0,9.0,378.0,0.01991150442477876,0.8362831858407079,9.0,0.0
34,45,dcn,384x192x96,0.6,5,32,0,0.001,0.0003,1.3,0.05,512,threshold,2,0.52,0.4299903585574317,0.18435154855251312,0.9591642924976258,0.9173123487813251,0.9779474130619169,,0.9352750809061489,0.9352750809061489,0.042672332155768045,0.4240265906932574,0.44017094017094016,0.5759734093067427,0.5598290598290598,0.0,0.0,0.11965811965811968,0.1519468186134853,0.016144349477682784,1179.0,1213.0,0.5598290598290598,0.5759734093067427,1153.0,26.0,927.0,893.0,0.44017094017094016,0.4240265906932574,60.0,867.0,0.4501108647450111,-0.09854637044320388,0.4444444444444444,,0.4567307692307692,0.4444444444444444,0.012286324786324798,0.5099778270509978,0.4611973392461197,0.49002217294900224,0.5388026607538803,0.0,0.0,0.07760532150776056,0.019955654101995568,0.04878048780487809,243.0,221.0,0.5388026607538803,0.49002217294900224,108.0,135.0,208.0,230.0,0.4611973392461197,0.5099778270509978,113.0,95.0,0.16371681415929204,-0.3005339424225091,0.1670428893905192,,0.0,0.0,0.1670428893905192,0.8163716814159292,0.01991150442477876,0.1836283185840708,0.9800884955752213,0.0,0.0,0.9601769911504425,0.6327433628318584,0.7964601769911505,443.0,83.0,0.9800884955752213,0.1836283185840708,74.0,369.0,9.0,369.0,0.01991150442477876,0.8163716814159292,9.0,0.0
1,44,dcn,256x128,0.45,5,96,0,0.001,5e-05,1.4,0.02,768,threshold,8,0.63,0.41183881761117525,0.09551272044579188,0.9995251661918328,0.9990368901672698,1.0,,0.9989212513484358,0.9989212513484358,0.0010787486515642097,0.439696106362773,0.44017094017094016,0.560303893637227,0.5598290598290598,0.0,0.0,0.11965811965811968,0.12060778727445398,0.00047483380816715215,1179.0,1180.0,0.5598290598290598,0.560303893637227,1179.0,0.0,927.0,926.0,0.44017094017094016,0.439696106362773,1.0,926.0,0.4212860310421286,-0.15671486857545253,0.41975308641975306,,0.4230769230769231,0.41975308641975306,0.0033238366571700095,0.5077605321507761,0.4611973392461197,0.49223946784922396,0.5388026607538803,0.0,0.0,0.07760532150776056,0.015521064301552145,0.04656319290465638,243.0,222.0,0.5388026607538803,0.49223946784922396,102.0,141.0,208.0,229.0,0.4611973392461197,0.5077605321507761,120.0,88.0,0.19911504424778761,-0.2691467543451205,0.20316027088036118,,0.0,0.0,0.20316027088036118,0.7809734513274337,0.01991150442477876,0.21902654867256638,0.9800884955752213,0.0,0.0,0.9601769911504425,0.5619469026548674,0.7610619469026549,443.0,99.0,0.9800884955752213,0.21902654867256638,90.0,353.0,9.0,353.0,0.01991150442477876,0.7809734513274337,9.0,0.0
43,44,dcn,320x160,0.6,3,96,0,0.0005,0.0003,1.3,0.05,384,threshold,5,0.58,0.467574296751126,0.17463769018650055,0.9928774928774928,0.9855820939031278,0.9906700593723494,,0.9956850053937433,0.9906700593723494,0.005014946021393851,0.44349477682811017,0.44017094017094016,0.5565052231718899,0.5598290598290598,0.0,0.0,0.11965811965811968,0.11301044634377971,0.0033238366571700095,1179.0,1172.0,0.5598290598290598,0.5565052231718899,1168.0,11.0,927.0,934.0,0.44017094017094016,0.44349477682811017,4.0,923.0,0.4789356984478936,-0.04242873928665044,0.48148148148148145,,0.47596153846153844,0.47596153846153844,0.005519943019943019,0.49889135254988914,0.4611973392461197,0.5011086474501109,0.5388026607538803,0.0,0.0,0.07760532150776056,0.0022172949002217113,0.037694013303769425,243.0,226.0,0.5388026607538803,0.5011086474501109,117.0,126.0,208.0,225.0,0.4611973392461197,0.49889135254988914,109.0,99.0,0.2013274336283186,-0.2674180535227327,0.2054176072234763,,0.0,0.0,0.2054176072234763,0.7787610619469026,0.01991150442477876,0.22123893805309736,0.9800884955752213,0.0,0.0,0.9601769911504425,0.5575221238938053,0.7588495575221239,443.0,100.0,0.9800884955752213,0.22123893805309736,91.0,352.0,9.0,352.0,0.01991150442477876,0.7787610619469026,9.0,0.0
57,44,dcn,320x160,0.6,3,96,0,0.001,1e-05,1.4,0.05,384,threshold,2,0.31,0.44640462280367427,0.17326226830482483,0.9681861348528015,0.9354960407383228,0.9694656488549618,,0.9665587918015103,0.9665587918015103,0.002906857053451506,0.44254510921177587,0.44017094017094016,0.5574548907882241,0.5598290598290598,0.0,0.0,0.11965811965811968,0.11490978157644821,0.0023741690408357052,1179.0,1174.0,0.5598290598290598,0.5574548907882241,1143.0,36.0,927.0,932.0,0.44017094017094016,0.44254510921177587,31.0,896.0,0.4611973392461197,-0.07801286093849488,0.46502057613168724,,0.4567307692307692,0.4567307692307692,0.008289806900918018,0.49889135254988914,0.4611973392461197,0.5011086474501109,0.5388026607538803,0.0,0.0,0.07760532150776056,0.0022172949002217113,0.037694013303769425,243.0,226.0,0.5388026607538803,0.5011086474501109,113.0,130.0,208.0,225.0,0.4611973392461197,0.49889135254988914,113.0,95.0,0.2168141592920354,-0.25593934272208646,0.22121896162528218,,0.0,0.0,0.22121896162528218,0.7632743362831859,0.01991150442477876,0.23672566371681417,0.9800884955752213,0.0,0.0,0.9601769911504425,0.5265486725663717,0.7433628318584071,443.0,107.0,0.9800884955752213,0.23672566371681417,98.0,345.0,9.0,345.0,0.01991150442477876,0.7632743362831859,9.0,0.0
34,44,dcn,384x192x96,0.6,5,32,0,0.001,0.0003,1.3,0.05,512,threshold,1,0.46,0.46629823967561096,0.18537509739398955,0.9036087369420702,0.8064048114740409,0.8931297709923665,,0.9169363538295577,0.8931297709923665,0.02380658283719128,0.4634377967711301,0.44017094017094016,0.5365622032288699,0.5598290598290598,0.0,0.0,0.11965811965811968,0.07312440645773982,0.023266856600189956,1179.0,1130.0,0.5598290598290598,0.5365622032288699,1053.0,126.0,927.0,976.0,0.44017094017094016,0.4634377967711301,77.0,850.0,0.4745011086474501,-0.05063538618853516,0.4732510288065844,,0.47596153846153844,0.4732510288065844,0.002710509654954063,0.5033259423503326,0.4611973392461197,0.49667405764966743,0.5388026607538803,0.0,0.0,0.07760532150776056,0.006651884700665134,0.04212860310421285,243.0,224.0,0.5388026607538803,0.49667405764966743,115.0,128.0,208.0,227.0,0.4611973392461197,0.5033259423503326,109.0,99.0,0.22787610619469026,-0.24834180811959483,0.2325056433408578,,0.0,0.0,0.2325056433408578,0.7522123893805309,0.01991150442477876,0.24778761061946902,0.9800884955752213,0.0,0.0,0.9601769911504425,0.5044247787610618,0.7323008849557522,443.0,112.0,0.9800884955752213,0.24778761061946902,103.0,340.0,9.0,340.0,0.01991150442477876,0.7522123893805309,9.0,0.0
72,44,dcn,320x160,0.55,3,96,0,0.0005,0.0003,1.4,0.02,768,threshold,6,0.74,0.45163378890004907,0.12358270088831584,0.9862298195631529,0.9722625344773907,0.998303647158609,,0.970873786407767,0.970873786407767,0.027429860750841972,0.42830009496676164,0.44017094017094016,0.5716999050332384,0.5598290598290598,0.0,0.0,0.11965811965811968,0.14339981006647678,0.011870845204178526,1179.0,1204.0,0.5598290598290598,0.5716999050332384,1177.0,2.0,927.0,902.0,0.44017094017094016,0.42830009496676164,27.0,900.0,0.4567627494456763,-0.08622020764709279,0.4567901234567901,,0.4567307692307692,0.4567307692307692,5.935422602088014e-05,0.5033259423503326,0.4611973392461197,0.49667405764966743,0.5388026607538803,0.0,0.0,0.07760532150776056,0.006651884700665134,0.04212860310421285,243.0,224.0,0.5388026607538803,0.49667405764966743,111.0,132.0,208.0,227.0,0.4611973392461197,0.5033259423503326,113.0,95.0,0.2411504424778761,-0.23980134870848271,0.24604966139954854,,0.0,0.0,0.24604966139954854,0.7389380530973452,0.01991150442477876,0.2610619469026549,0.9800884955752213,0.0,0.0,0.9601769911504425,0.4778761061946903,0.7190265486725664,443.0,118.0,0.9800884955752213,0.2610619469026549,109.0,334.0,9.0,334.0,0.01991150442477876,0.7389380530973452,9.0,0.0
71,45,dcn,384x192x96,0.4,6,32,0,0.0008,1e-05,1.3,0.08,512,threshold,3,0.38,0.48808220047041184,0.2058965504169464,0.9829059829059829,0.9657761808149875,0.9728583545377438,,0.9956850053937433,0.9728583545377438,0.022826650855999442,0.45346628679962014,0.44017094017094016,0.5465337132003799,0.5598290598290598,0.0,0.0,0.11965811965811968,0.09306742640075977,0.013295346628679983,1179.0,1151.0,0.5598290598290598,0.5465337132003799,1147.0,32.0,927.0,955.0,0.44017094017094016,0.45346628679962014,4.0,923.0,0.49445676274944567,-0.010947443191116223,0.49382716049382713,,0.4951923076923077,0.49382716049382713,0.0013651471984805763,0.5011086474501109,0.4611973392461197,0.49889135254988914,0.5388026607538803,0.0,0.0,0.07760532150776056,0.0022172949002217113,0.039911308203991136,243.0,225.0,0.5388026607538803,0.49889135254988914,120.0,123.0,208.0,226.0,0.4611973392461197,0.5011086474501109,105.0,103.0,0.24557522123893805,-0.2370815786676953,0.2505643340857788,,0.0,0.0,0.2505643340857788,0.7345132743362832,0.01991150442477876,0.26548672566371684,0.9800884955752213,0.0,0.0,0.9601769911504425,0.4690265486725664,0.7146017699115045,443.0,120.0,0.9800884955752213,0.26548672566371684,111.0,332.0,9.0,332.0,0.01991150442477876,0.7345132743362832,9.0,0.0
59,45,dcn,320x160,0.6,6,64,0,0.0003,0.0003,1.3,0.02,512,threshold,3,0.33,0.39335393315406864,0.12442887276411056,0.9425451092117759,0.8888845822261855,0.905852417302799,,0.9892125134843581,0.905852417302799,0.08336009618155915,0.4881291547958215,0.44017094017094016,0.5118708452041786,0.5598290598290598,0.0,0.0,0.11965811965811968,0.023741690408357108,0.04795821462488131,1179.0,1078.0,0.5598290598290598,0.5118708452041786,1068.0,111.0,927.0,1028.0,0.44017094017094016,0.4881291547958215,10.0,917.0,0.3991130820399113,-0.20120026996488422,0.3991769547325103,,0.39903846153846156,0.39903846153846156,0.00013849319404873883,0.5077605321507761,0.4611973392461197,0.49223946784922396,0.5388026607538803,0.0,0.0,0.07760532150776056,0.015521064301552145,0.04656319290465638,243.0,222.0,0.5388026607538803,0.49223946784922396,97.0,146.0,208.0,229.0,0.4611973392461197,0.5077605321507761,125.0,83.0,0.2610619469026549,-0.2280127915256182,0.26636568848758463,,0.0,0.0,0.26636568848758463,0.7190265486725663,0.01991150442477876,0.2809734513274336,0.9800884955752213,0.0,0.0,0.9601769911504425,0.4380530973451327,0.6991150442477876,443.0,127.0,0.9800884955752213,0.2809734513274336,118.0,325.0,9.0,325.0,0.01991150442477876,0.7190265486725663,9.0,0.0
24,44,dcn,256x128,0.5,2,48,0,0.001,0.0003,1.6,0.02,768,threshold,1,0.25,0.557608663418284,0.1290277565519015,0.8038936372269706,0.6577527043780931,0.6683630195080577,,0.9762675296655879,0.6683630195080577,0.3079045101575303,0.6153846153846154,0.44017094017094016,0.38461538461538464,0.5598290598290598,0.0,0.0,0.11965811965811968,0.23076923076923078,0.17521367521367526,1179.0,810.0,0.5598290598290598,0.38461538461538464,788.0,391.0,927.0,1296.0,0.44017094017094016,0.6153846153846154,22.0,905.0,0.5631929046563193,0.125912887967378,0.5637860082304527,,0.5625,0.5625,0.001286008230452662,0.49445676274944567,0.4611973392461197,0.5055432372505543,0.5388026607538803,0.0,0.0,0.07760532150776056,0.011086474501108612,0.03325942350332595,243.0,228.0,0.5388026607538803,0.5055432372505543,137.0,106.0,208.0,223.0,0.4611973392461197,0.49445676274944567,91.0,117.0,0.2721238938053097,-0.22192560636140082,0.27765237020316025,,0.0,0.0,0.27765237020316025,0.7079646017699115,0.01991150442477876,0.2920353982300885,0.9800884955752213,0.0,0.0,0.9601769911504425,0.415929203539823,0.6880530973451328,443.0,132.0,0.9800884955752213,0.2920353982300885,123.0,320.0,9.0,320.0,0.01991150442477876,0.7079646017699115,9.0,0.0
61,44,dcn,384x192x96,0.45,6,32,0,0.0005,0.0003,1.4,0.05,768,threshold,6,0.66,0.4190988580825979,0.17405989269415537,0.9919278252611586,0.9836958522287736,0.9991518235793045,,0.982740021574973,0.982740021574973,0.016411802004331566,0.43304843304843305,0.44017094017094016,0.5669515669515669,0.5598290598290598,0.0,0.0,0.11965811965811968,0.13390313390313385,0.007122507122507116,1179.0,1194.0,0.5598290598290598,0.5669515669515669,1178.0,1.0,927.0,912.0,0.44017094017094016,0.43304843304843305,16.0,911.0,0.43680709534368073,-0.12523971162631797,0.43209876543209874,,0.4423076923076923,0.43209876543209874,0.01020892687559355,0.5099778270509978,0.4611973392461197,0.49002217294900224,0.5388026607538803,0.0,0.0,0.07760532150776056,0.019955654101995568,0.04878048780487809,243.0,221.0,0.5388026607538803,0.49002217294900224,105.0,138.0,208.0,230.0,0.4611973392461197,0.5099778270509978,116.0,92.0,0.2721238938053097,-0.22192560636140082,0.27765237020316025,,0.0,0.0,0.27765237020316025,0.7079646017699115,0.01991150442477876,0.2920353982300885,0.9800884955752213,0.0,0.0,0.9601769911504425,0.415929203539823,0.6880530973451328,443.0,132.0,0.9800884955752213,0.2920353982300885,123.0,320.0,9.0,320.0,0.01991150442477876,0.7079646017699115,9.0,0.0
55,44,dcn,256x128,0.55,5,96,0,0.0003,1e-05,1.5,0.02,384,threshold,8,0.83,0.37747667769347987,0.09944498787323634,0.9957264957264957,0.9913571786216053,1.0,,0.9902912621359223,0.9902912621359223,0.009708737864077666,0.4358974358974359,0.44017094017094016,0.5641025641025641,0.5598290598290598,0.0,0.0,0.11965811965811968,0.1282051282051282,0.004273504273504258,1179.0,1188.0,0.5598290598290598,0.5641025641025641,1179.0,0.0,927.0,918.0,0.44017094017094016,0.4358974358974359,9.0,918.0,0.3858093126385809,-0.22789151079854325,0.3868312757201646,,0.38461538461538464,0.38461538461538464,0.002215891104779988,0.5077605321507761,0.4611973392461197,0.49223946784922396,0.5388026607538803,0.0,0.0,0.07760532150776056,0.015521064301552145,0.04656319290465638,243.0,222.0,0.5388026607538803,0.49223946784922396,94.0,149.0,208.0,229.0,0.4611973392461197,0.5077605321507761,128.0,80.0,0.27654867256637167,-0.21957381742474164,0.28216704288939054,,0.0,0.0,0.28216704288939054,0.7035398230088495,0.01991150442477876,0.29646017699115046,0.9800884955752213,0.0,0.0,0.9601769911504425,0.4070796460176991,0.6836283185840708,443.0,134.0,0.9800884955752213,0.29646017699115046,125.0,318.0,9.0,318.0,0.01991150442477876,0.7035398230088495,9.0,0.0
36,45,dcn,320x160,0.55,6,64,0,0.001,5e-05,1.4,0.05,512,threshold,2,0.32,0.39603176859274425,0.17100849747657776,0.9667616334283001,0.9333179328006262,0.9558948261238338,,0.9805825242718447,0.9558948261238338,0.02468769814801086,0.456315289648623,0.44017094017094016,0.543684710351377,0.5598290598290598,0.0,0.0,0.11965811965811968,0.087369420702754,0.01614434947768284,1179.0,1145.0,0.5598290598290598,0.543684710351377,1127.0,52.0,927.0,961.0,0.44017094017094016,0.456315289648623,18.0,909.0,0.4057649667405765,-0.18818877506012632,0.4074074074074074,,0.40384615384615385,0.40384615384615385,0.00356125356125353,0.5055432372505543,0.4611973392461197,0.49445676274944567,0.5388026607538803,0.0,0.0,0.07760532150776056,0.011086474501108612,0.04434589800443456,243.0,223.0,0.5388026607538803,0.49445676274944567,99.0,144.0,208.0,228.0,0.4611973392461197,0.5055432372505543,124.0,84.0,0.27876106194690264,-0.21841483783044507,0.28442437923250563,,0.0,0.0,0.28442437923250563,0.7013274336283186,0.01991150442477876,0.29867256637168144,0.9800884955752213,0.0,0.0,0.9601769911504425,0.4026548672566372,0.6814159292035399,443.0,135.0,0.9800884955752213,0.29867256637168144,126.0,317.0,9.0,317.0,0.01991150442477876,0.7013274336283186,9.0,0.0
48,45,dcn,192x96,0.5,6,48,0,0.0005,0.0003,1.4,0.05,384,threshold,2,0.71,0.3283334745902497,0.1694480056564013,0.9529914529914529,0.9059874483565226,0.9881255301102629,,0.9083063646170443,0.9083063646170443,0.07981916549321866,0.40645773979107314,0.44017094017094016,0.5935422602089269,0.5598290598290598,0.0,0.0,0.11965811965811968,0.18708452041785373,0.033713200379867025,1179.0,1250.0,0.5598290598290598,0.5935422602089269,1165.0,14.0,927.0,856.0,0.44017094017094016,0.40645773979107314,85.0,842.0,0.3458980044345898,-0.3067170714213892,0.34156378600823045,,0.35096153846153844,0.34156378600823045,0.009397752453307984,0.516629711751663,0.4611973392461197,0.48337028824833705,0.5388026607538803,0.0,0.0,0.07760532150776056,0.03325942350332589,0.055432372505543226,243.0,218.0,0.5388026607538803,0.48337028824833705,83.0,160.0,208.0,233.0,0.4611973392461197,0.516629711751663,135.0,73.0,0.27876106194690264,-0.21841483783044507,0.28442437923250563,,0.0,0.0,0.28442437923250563,0.7013274336283186,0.01991150442477876,0.29867256637168144,0.9800884955752213,0.0,0.0,0.9601769911504425,0.4026548672566372,0.6814159292035399,443.0,135.0,0.9800884955752213,0.29867256637168144,126.0,317.0,9.0,317.0,0.01991150442477876,0.7013274336283186,9.0,0.0
60,44,dcn,256x128,0.6,4,32,0,0.0003,0.0001,1.6,0.05,768,threshold,1,0.54,0.4224938610270588,0.3495877683162689,0.782051282051282,0.5607229760729847,0.7854113655640373,,0.7777777777777778,0.7777777777777778,0.007633587786259555,0.4624881291547958,0.44017094017094016,0.5375118708452041,0.5598290598290598,0.0,0.0,0.11965811965811968,0.07502374169040832,0.02231718898385565,1179.0,1132.0,0.5598290598290598,0.5375118708452041,926.0,253.0,927.0,974.0,0.44017094017094016,0.4624881291547958,206.0,721.0,0.4279379157427938,-0.1437059985653061,0.4279835390946502,,0.42788461538461536,0.42788461538461536,9.892371003483724e-05,0.5055432372505543,0.4611973392461197,0.49445676274944567,0.5388026607538803,0.0,0.0,0.07760532150776056,0.011086474501108612,0.04434589800443456,243.0,223.0,0.5388026607538803,0.49445676274944567,104.0,139.0,208.0,228.0,0.4611973392461197,0.5055432372505543,119.0,89.0,0.2853982300884956,-0.21500307557023898,0.291196388261851,,0.0,0.0,0.291196388261851,0.6946902654867256,0.01991150442477876,0.3053097345132743,0.9800884955752213,0.0,0.0,0.9601769911504425,0.3893805309734513,0.6747787610619469,443.0,138.0,0.9800884955752213,0.3053097345132743,129.0,314.0,9.0,314.0,0.01991150442477876,0.6946902654867256,9.0,0.0
22,44,dcn,192x96,0.55,6,96,0,0.0008,0.0001,1.3,0.02,384,threshold,4,0.82,0.37553285618326265,0.0937884512046973,0.9881291547958214,0.9759975750669874,0.996607294317218,,0.9773462783171522,0.9773462783171522,0.0192610160000658,0.43209876543209874,0.44017094017094016,0.5679012345679012,0.5598290598290598,0.0,0.0,0.11965811965811968,0.13580246913580246,0.00807217473884142,1179.0,1196.0,0.5598290598290598,0.5679012345679012,1175.0,4.0,927.0,910.0,0.44017094017094016,0.43209876543209874,21.0,906.0,0.3835920177383592,-0.23201307635877433,0.38271604938271603,,0.38461538461538464,0.38271604938271603,0.0018993352326686086,0.5099778270509978,0.4611973392461197,0.49002217294900224,0.5388026607538803,0.0,0.0,0.07760532150776056,0.019955654101995568,0.04878048780487809,243.0,221.0,0.5388026607538803,0.49002217294900224,93.0,150.0,208.0,230.0,0.4611973392461197,0.5099778270509978,128.0,80.0,0.2942477876106195,-0.2105988844266963,0.3002257336343115,,0.0,0.0,0.3002257336343115,0.6858407079646017,0.01991150442477876,0.3141592920353982,0.9800884955752213,0.0,0.0,0.9601769911504425,0.3716814159292035,0.665929203539823,443.0,142.0,0.9800884955752213,0.3141592920353982,133.0,310.0,9.0,310.0,0.01991150442477876,0.6858407079646017,9.0,0.0
53,45,dcn,320x160,0.6,6,64,0,0.001,0.0003,1.4,0.05,512,threshold,2,0.34,0.3960950209832324,0.19269641637802123,0.9667616334283001,0.9330502173007628,0.9592875318066157,,0.9762675296655879,0.9592875318066157,0.016979997858972196,0.45251661918328584,0.44017094017094016,0.5474833808167141,0.5598290598290598,0.0,0.0,0.11965811965811968,0.09496676163342826,0.012345679012345678,1179.0,1153.0,0.5598290598290598,0.5474833808167141,1131.0,48.0,927.0,953.0,0.44017094017094016,0.45251661918328584,22.0,905.0,0.4146341463414634,-0.1710759906244162,0.41975308641975306,,0.40865384615384615,0.40865384615384615,0.011099240265906918,0.5011086474501109,0.4611973392461197,0.49889135254988914,0.5388026607538803,0.0,0.0,0.07760532150776056,0.0022172949002217113,0.039911308203991136,243.0,225.0,0.5388026607538803,0.49889135254988914,102.0,141.0,208.0,226.0,0.4611973392461197,0.5011086474501109,123.0,85.0,0.2942477876106195,-0.2105988844266963,0.3002257336343115,,0.0,0.0,0.3002257336343115,0.6858407079646017,0.01991150442477876,0.3141592920353982,0.9800884955752213,0.0,0.0,0.9601769911504425,0.3716814159292035,0.665929203539823,443.0,142.0,0.9800884955752213,0.3141592920353982,133.0,310.0,9.0,310.0,0.01991150442477876,0.6858407079646017,9.0,0.0
63,45,dcn,192x96,0.4,5,64,0,0.001,1e-05,1.3,0.02,512,threshold,1,0.88,0.4993288076723036,0.09783419370651245,0.932573599240266,0.8632365954319207,0.9575911789652247,,0.9007551240560949,0.9007551240560949,0.056836054909129796,0.4202279202279202,0.44017094017094016,0.5797720797720798,0.5598290598290598,0.0,0.0,0.11965811965811968,0.15954415954415957,0.019943019943019946,1179.0,1221.0,0.5598290598290598,0.5797720797720798,1129.0,50.0,927.0,885.0,0.44017094017094016,0.4202279202279202,92.0,835.0,0.5055432372505543,0.010947443191116223,0.5061728395061729,,0.5048076923076923,0.5048076923076923,0.0013651471984805763,0.49889135254988914,0.4611973392461197,0.5011086474501109,0.5388026607538803,0.0,0.0,0.07760532150776056,0.0022172949002217113,0.037694013303769425,243.0,226.0,0.5388026607538803,0.5011086474501109,123.0,120.0,208.0,225.0,0.4611973392461197,0.49889135254988914,103.0,105.0,0.3008849557522124,-0.20739800677436587,0.30699774266365687,,0.0,0.0,0.30699774266365687,0.6792035398230089,0.01991150442477876,0.32079646017699115,0.9800884955752213,0.0,0.0,0.9601769911504425,0.3584070796460177,0.6592920353982301,443.0,145.0,0.9800884955752213,0.32079646017699115,136.0,307.0,9.0,307.0,0.01991150442477876,0.6792035398230089,9.0,0.0
27,45,dcn,256x128,0.6,3,64,0,0.001,0.0001,1.6,0.02,512,threshold,8,0.87,0.46992873983388883,0.11537698060274124,0.99002849002849,0.9799197510238283,1.0,,0.9773462783171522,0.9773462783171522,0.02265372168284785,0.4301994301994302,0.44017094017094016,0.5698005698005698,0.5598290598290598,0.0,0.0,0.11965811965811968,0.13960113960113962,0.009971509971509973,1179.0,1200.0,0.5598290598290598,0.5698005698005698,1179.0,0.0,927.0,906.0,0.44017094017094016,0.4301994301994302,21.0,906.0,0.4789356984478936,-0.04173918082389575,0.4773662551440329,,0.4807692307692308,0.4773662551440329,0.0034029756251978682,0.5033259423503326,0.4611973392461197,0.49667405764966743,0.5388026607538803,0.0,0.0,0.07760532150776056,0.006651884700665134,0.04212860310421285,243.0,224.0,0.5388026607538803,0.49667405764966743,116.0,127.0,208.0,227.0,0.4611973392461197,0.5033259423503326,108.0,100.0,0.3053097345132743,-0.20531025571321887,0.3115124153498871,,0.0,0.0,0.3115124153498871,0.6747787610619469,0.01991150442477876,0.3252212389380531,0.9800884955752213,0.0,0.0,0.9601769911504425,0.3495575221238938,0.6548672566371682,443.0,147.0,0.9800884955752213,0.3252212389380531,138.0,305.0,9.0,305.0,0.01991150442477876,0.6747787610619469,9.0,0.0
67,45,dcn,256x128,0.6,3,64,0,0.0008,0.0003,1.5,0.02,512,threshold,8,0.86,0.48077371677303926,0.1188365712761879,0.9914529914529915,0.9827700251854933,1.0,,0.9805825242718447,0.9805825242718447,0.01941747572815533,0.43162393162393164,0.44017094017094016,0.5683760683760684,0.5598290598290598,0.0,0.0,0.11965811965811968,0.1367521367521367,0.008547008547008517,1179.0,1197.0,0.5598290598290598,0.5683760683760684,1179.0,0.0,927.0,909.0,0.44017094017094016,0.43162393162393164,18.0,909.0,0.48558758314855877,-0.028739504017038443,0.48559670781893005,,0.4855769230769231,0.4855769230769231,1.978474200697855e-05,0.5011086474501109,0.4611973392461197,0.49889135254988914,0.5388026607538803,0.0,0.0,0.07760532150776056,0.0022172949002217113,0.039911308203991136,243.0,225.0,0.5388026607538803,0.49889135254988914,118.0,125.0,208.0,226.0,0.4611973392461197,0.5011086474501109,107.0,101.0,0.3075221238938053,-0.20427975377519075,0.31376975169300225,,0.0,0.0,0.31376975169300225,0.672566371681416,0.01991150442477876,0.3274336283185841,0.9800884955752213,0.0,0.0,0.9601769911504425,0.3451327433628319,0.6526548672566372,443.0,148.0,0.9800884955752213,0.3274336283185841,139.0,304.0,9.0,304.0,0.01991150442477876,0.672566371681416,9.0,0.0
32,44,dcn,320x160,0.4,6,96,0,0.0005,0.0001,1.5,0.05,384,threshold,8,0.36,0.4119722764438212,0.1550084948539734,0.9995251661918328,0.9990371121012571,0.9991518235793045,,1.0,0.9991518235793045,0.0008481764206954567,0.4406457739791073,0.44017094017094016,0.5593542260208927,0.5598290598290598,0.0,0.0,0.11965811965811968,0.11870845204178537,0.00047483380816715215,1179.0,1178.0,0.5598290598290598,0.5593542260208927,1178.0,1.0,927.0,928.0,0.44017094017094016,0.4406457739791073,0.0,927.0,0.4279379157427938,-0.14438789938553287,0.43209876543209874,,0.4230769230769231,0.4230769230769231,0.009021842355175669,0.5011086474501109,0.4611973392461197,0.49889135254988914,0.5388026607538803,0.0,0.0,0.07760532150776056,0.0022172949002217113,0.039911308203991136,243.0,225.0,0.5388026607538803,0.49889135254988914,105.0,138.0,208.0,226.0,0.4611973392461197,0.5011086474501109,120.0,88.0,0.32079646017699115,-0.19827463690015443,0.327313769751693,,0.0,0.0,0.327313769751693,0.6592920353982301,0.01991150442477876,0.3407079646017699,0.9800884955752213,0.0,0.0,0.9601769911504425,0.31858407079646023,0.6393805309734514,443.0,154.0,0.9800884955752213,0.3407079646017699,145.0,298.0,9.0,298.0,0.01991150442477876,0.6592920353982301,9.0,0.0
58,45,dcn,320x160,0.4,6,32,0,0.0008,5e-05,1.4,0.05,768,threshold,3,0.52,0.39731681697806354,0.1561423341433207,0.9805318138651472,0.9604864104347404,0.9847328244274809,,0.9751887810140237,0.9751887810140237,0.00954404341345716,0.43779677113010446,0.44017094017094016,0.5622032288698955,0.5598290598290598,0.0,0.0,0.11965811965811968,0.12440645773979103,0.0023741690408357052,1179.0,1184.0,0.5598290598290598,0.5622032288698955,1161.0,18.0,927.0,922.0,0.44017094017094016,0.43779677113010446,23.0,904.0,0.4035476718403548,-0.1923031896869979,0.40329218106995884,,0.40384615384615385,0.40329218106995884,0.0005539727761950108,0.5077605321507761,0.4611973392461197,0.49223946784922396,0.5388026607538803,0.0,0.0,0.07760532150776056,0.015521064301552145,0.04656319290465638,243.0,222.0,0.5388026607538803,0.49223946784922396,98.0,145.0,208.0,229.0,0.4611973392461197,0.5077605321507761,124.0,84.0,0.32964601769911506,-0.19443055386882507,0.3363431151241535,,0.0,0.0,0.3363431151241535,0.6504424778761062,0.01991150442477876,0.3495575221238938,0.9800884955752213,0.0,0.0,0.9601769911504425,0.3008849557522124,0.6305309734513275,443.0,158.0,0.9800884955752213,0.3495575221238938,149.0,294.0,9.0,294.0,0.01991150442477876,0.6504424778761062,9.0,0.0
71,44,dcn,384x192x96,0.4,6,32,0,0.0008,1e-05,1.3,0.08,512,threshold,5,0.75,0.3880615146672057,0.20943677425384521,0.9886039886039886,0.9770387264481901,0.9991518235793045,,0.9751887810140237,0.9751887810140237,0.023963042565280812,0.42972459639126304,0.44017094017094016,0.570275403608737,0.5598290598290598,0.0,0.0,0.11965811965811968,0.14055080721747393,0.010446343779677125,1179.0,1201.0,0.5598290598290598,0.570275403608737,1178.0,1.0,927.0,905.0,0.44017094017094016,0.42972459639126304,23.0,904.0,0.3946784922394678,-0.21009735024277057,0.3950617283950617,,0.3942307692307692,0.3942307692307692,0.0008309591642924885,0.5077605321507761,0.4611973392461197,0.49223946784922396,0.5388026607538803,0.0,0.0,0.07760532150776056,0.015521064301552145,0.04656319290465638,243.0,222.0,0.5388026607538803,0.49223946784922396,96.0,147.0,208.0,229.0,0.4611973392461197,0.5077605321507761,126.0,82.0,0.32964601769911506,-0.19443055386882507,0.3363431151241535,,0.0,0.0,0.3363431151241535,0.6504424778761062,0.01991150442477876,0.3495575221238938,0.9800884955752213,0.0,0.0,0.9601769911504425,0.3008849557522124,0.6305309734513275,443.0,158.0,0.9800884955752213,0.3495575221238938,149.0,294.0,9.0,294.0,0.01991150442477876,0.6504424778761062,9.0,0.0
37,44,dcn,256x128,0.5,4,48,0,0.0008,0.0003,1.3,0.08,512,threshold,6,0.6,0.3589215867942155,0.2122153162956238,0.9985754985754985,0.997110408257061,0.998303647158609,,0.9989212513484358,0.998303647158609,0.0006176041898268148,0.4406457739791073,0.44017094017094016,0.5593542260208927,0.5598290598290598,0.0,0.0,0.11965811965811968,0.11870845204178537,0.00047483380816715215,1179.0,1178.0,0.5598290598290598,0.5593542260208927,1177.0,2.0,927.0,928.0,0.44017094017094016,0.4406457739791073,1.0,926.0,0.36585365853658536,-0.2676041979362598,0.3662551440329218,,0.36538461538461536,0.36538461538461536,0.0008705286483064456,0.5099778270509978,0.4611973392461197,0.49002217294900224,0.5388026607538803,0.0,0.0,0.07760532150776056,0.019955654101995568,0.04878048780487809,243.0,221.0,0.5388026607538803,0.49002217294900224,89.0,154.0,208.0,230.0,0.4611973392461197,0.5099778270509978,132.0,76.0,0.336283185840708,-0.19162534426022015,0.3431151241534989,,0.0,0.0,0.3431151241534989,0.6438053097345132,0.01991150442477876,0.3561946902654867,0.9800884955752213,0.0,0.0,0.9601769911504425,0.2876106194690265,0.6238938053097345,443.0,161.0,0.9800884955752213,0.3561946902654867,152.0,291.0,9.0,291.0,0.01991150442477876,0.6438053097345132,9.0,0.0
9,44,dcn,320x160,0.4,6,48,0,0.0008,5e-05,1.4,0.02,768,threshold,7,0.54,0.47355923999216676,0.08455784370501836,0.9990503323836657,0.9980730749277403,0.9991518235793045,,0.9989212513484358,0.9989212513484358,0.000230572230868753,0.44017094017094016,0.44017094017094016,0.5598290598290598,0.5598290598290598,0.0,0.0,0.11965811965811968,0.11965811965811968,0.0,1179.0,1179.0,0.5598290598290598,0.5598290598290598,1178.0,1.0,927.0,927.0,0.44017094017094016,0.44017094017094016,1.0,926.0,0.48337028824833705,-0.032842975459256345,0.48148148148148145,,0.4855769230769231,0.48148148148148145,0.004095441595441618,0.5033259423503326,0.4611973392461197,0.49667405764966743,0.5388026607538803,0.0,0.0,0.07760532150776056,0.006651884700665134,0.04212860310421285,243.0,224.0,0.5388026607538803,0.49667405764966743,117.0,126.0,208.0,227.0,0.4611973392461197,0.5033259423503326,107.0,101.0,0.3584070796460177,-0.18271512373887705,0.3656884875846501,,0.0,0.0,0.3656884875846501,0.6216814159292036,0.01991150442477876,0.37831858407079644,0.9800884955752213,0.0,0.0,0.9601769911504425,0.24336283185840712,0.6017699115044248,443.0,171.0,0.9800884955752213,0.37831858407079644,162.0,281.0,9.0,281.0,0.01991150442477876,0.6216814159292036,9.0,0.0
61,45,dcn,384x192x96,0.45,6,32,0,0.0005,0.0003,1.4,0.05,768,threshold,5,0.55,0.4754812982861764,0.1829802542924881,0.9810066476733144,0.9615255187116232,0.9796437659033079,,0.982740021574973,0.9796437659033079,0.003096255671665049,0.4439696106362773,0.44017094017094016,0.5560303893637227,0.5598290598290598,0.0,0.0,0.11965811965811968,0.11206077872744541,0.0037986704653371617,1179.0,1171.0,0.5598290598290598,0.5560303893637227,1155.0,24.0,927.0,935.0,0.44017094017094016,0.4439696106362773,16.0,911.0,0.4811529933481153,-0.037635534429999555,0.48148148148148145,,0.4807692307692308,0.4807692307692308,0.0007122507122506727,0.5011086474501109,0.4611973392461197,0.49889135254988914,0.5388026607538803,0.0,0.0,0.07760532150776056,0.0022172949002217113,0.039911308203991136,243.0,225.0,0.5388026607538803,0.49889135254988914,117.0,126.0,208.0,226.0,0.4611973392461197,0.5011086474501109,108.0,100.0,0.3672566371681416,-0.17932475732808667,0.3747178329571106,,0.0,0.0,0.3747178329571106,0.6128318584070797,0.01991150442477876,0.38716814159292035,0.9800884955752213,0.0,0.0,0.9601769911504425,0.2256637168141593,0.5929203539823009,443.0,175.0,0.9800884955752213,0.38716814159292035,166.0,277.0,9.0,277.0,0.01991150442477876,0.6128318584070797,9.0,0.0
1,45,dcn,256x128,0.45,5,96,0,0.001,5e-05,1.4,0.02,768,threshold,2,0.47,0.4953432007869678,0.10095215837160747,0.9686609686609686,0.9374783522116408,0.9541984732824428,,0.9870550161812298,0.9541984732824428,0.03285654289878703,0.4601139601139601,0.44017094017094016,0.5398860398860399,0.5598290598290598,0.0,0.0,0.11965811965811968,0.07977207977207978,0.019943019943019946,1179.0,1137.0,0.5598290598290598,0.5398860398860399,1125.0,54.0,927.0,969.0,0.44017094017094016,0.4601139601139601,12.0,915.0,0.5033259423503326,0.0068446176348059985,0.5020576131687243,,0.5048076923076923,0.5020576131687243,0.0027500791389679646,0.5011086474501109,0.4611973392461197,0.49889135254988914,0.5388026607538803,0.0,0.0,0.07760532150776056,0.0022172949002217113,0.039911308203991136,243.0,225.0,0.5388026607538803,0.49889135254988914,122.0,121.0,208.0,226.0,0.4611973392461197,0.5011086474501109,103.0,105.0,0.3694690265486726,-0.17849152444065108,0.37697516930022573,,0.0,0.0,0.37697516930022573,0.6106194690265486,0.01991150442477876,0.3893805309734513,0.9800884955752213,0.0,0.0,0.9601769911504425,0.2212389380530973,0.5907079646017699,443.0,176.0,0.9800884955752213,0.3893805309734513,167.0,276.0,9.0,276.0,0.01991150442477876,0.6106194690265486,9.0,0.0
31,45,dcn,256x128,0.45,5,96,0,0.0005,0.0003,1.5,0.05,384,threshold,2,0.49,0.5338244064226447,0.16179522623618445,0.9653371320037987,0.9317465022069245,0.9431721798134012,,0.9935275080906149,0.9431721798134012,0.05035532827721367,0.4691358024691358,0.44017094017094016,0.5308641975308642,0.5598290598290598,0.0,0.0,0.11965811965811968,0.06172839506172845,0.028964862298195615,1179.0,1118.0,0.5598290598290598,0.5308641975308642,1112.0,67.0,927.0,988.0,0.44017094017094016,0.4691358024691358,6.0,921.0,0.5476718403547672,0.09443530663024814,0.551440329218107,,0.5432692307692307,0.5432692307692307,0.008171098448876313,0.49223946784922396,0.4611973392461197,0.5077605321507761,0.5388026607538803,0.0,0.0,0.07760532150776056,0.015521064301552145,0.031042128603104235,243.0,229.0,0.5388026607538803,0.5077605321507761,134.0,109.0,208.0,222.0,0.4611973392461197,0.49223946784922396,95.0,113.0,0.38495575221238937,-0.17281044428505601,0.3927765237020316,,0.0,0.0,0.3927765237020316,0.5951327433628318,0.01991150442477876,0.40486725663716816,0.9800884955752213,0.0,0.0,0.9601769911504425,0.19026548672566368,0.5752212389380531,443.0,183.0,0.9800884955752213,0.40486725663716816,174.0,269.0,9.0,269.0,0.01991150442477876,0.5951327433628318,9.0,0.0
14,44,dcn,256x128,0.55,6,48,0,0.001,1e-05,1.5,0.08,384,threshold,4,0.68,0.4543748767292128,0.21049109598000845,0.9905033238366572,0.9807697880472036,0.996607294317218,,0.982740021574973,0.982740021574973,0.013867272742244974,0.43447293447293445,0.44017094017094016,0.5655270655270656,0.5598290598290598,0.0,0.0,0.11965811965811968,0.1310541310541311,0.005698005698005715,1179.0,1191.0,0.5598290598290598,0.5655270655270656,1175.0,4.0,927.0,915.0,0.44017094017094016,0.43447293447293445,16.0,911.0,0.4722838137472284,-0.05611907818713772,0.4773662551440329,,0.46634615384615385,0.46634615384615385,0.011020101297879059,0.49667405764966743,0.4611973392461197,0.5033259423503326,0.5388026607538803,0.0,0.0,0.07760532150776056,0.006651884700665134,0.03547671840354771,243.0,227.0,0.5388026607538803,0.5033259423503326,116.0,127.0,208.0,224.0,0.4611973392461197,0.49667405764966743,111.0,97.0,0.40486725663716816,-0.1658652666525321,0.41309255079006774,,0.0,0.0,0.41309255079006774,0.5752212389380531,0.01991150442477876,0.4247787610619469,0.9800884955752213,0.0,0.0,0.9601769911504425,0.1504424778761062,0.5553097345132744,443.0,192.0,0.9800884955752213,0.4247787610619469,183.0,260.0,9.0,260.0,0.01991150442477876,0.5752212389380531,9.0,0.0
56,44,dcn,256x128,0.5,5,48,0,0.0005,5e-05,1.6,0.05,384,threshold,1,0.48,0.5152693155233805,0.17980201294024786,0.9040835707502374,0.8059042938912861,0.9067005937234945,,0.9007551240560949,0.9007551240560949,0.005945469667399617,0.44871794871794873,0.44017094017094016,0.5512820512820513,0.5598290598290598,0.0,0.0,0.11965811965811968,0.10256410256410259,0.008547008547008572,1179.0,1161.0,0.5598290598290598,0.5512820512820513,1069.0,110.0,927.0,945.0,0.44017094017094016,0.44871794871794873,92.0,835.0,0.5277161862527716,0.054740445575665674,0.5308641975308642,,0.5240384615384616,0.5240384615384616,0.0068257359924026595,0.49445676274944567,0.4611973392461197,0.5055432372505543,0.5388026607538803,0.0,0.0,0.07760532150776056,0.011086474501108612,0.03325942350332595,243.0,228.0,0.5388026607538803,0.5055432372505543,129.0,114.0,208.0,223.0,0.4611973392461197,0.49445676274944567,99.0,109.0,0.41150442477876104,-0.1636321540971964,0.4198645598194131,,0.0,0.0,0.4198645598194131,0.5685840707964602,0.01991150442477876,0.4314159292035398,0.9800884955752213,0.0,0.0,0.9601769911504425,0.1371681415929204,0.5486725663716815,443.0,195.0,0.9800884955752213,0.4314159292035398,186.0,257.0,9.0,257.0,0.01991150442477876,0.5685840707964602,9.0,0.0
41,45,dcn,384x192x96,0.6,2,96,0,0.0003,1e-05,1.5,0.08,768,threshold,8,0.69,0.3900548568163744,0.30998389919598895,0.9724596391263058,0.9450651284184037,0.998303647158609,,0.9395900755124056,0.9395900755124056,0.05871357164620339,0.41452991452991456,0.44017094017094016,0.5854700854700855,0.5598290598290598,0.0,0.0,0.11965811965811968,0.17094017094017094,0.025641025641025605,1179.0,1233.0,0.5598290598290598,0.5854700854700855,1177.0,2.0,927.0,873.0,0.44017094017094016,0.41452991452991456,56.0,871.0,0.401330376940133,-0.19642195478128888,0.3991769547325103,,0.40384615384615385,0.3991769547325103,0.004669199113643552,0.5099778270509978,0.4611973392461197,0.49002217294900224,0.5388026607538803,0.0,0.0,0.07760532150776056,0.019955654101995568,0.04878048780487809,243.0,221.0,0.5388026607538803,0.49002217294900224,97.0,146.0,208.0,230.0,0.4611973392461197,0.5099778270509978,124.0,84.0,0.4247787610619469,-0.15927889116150057,0.43340857787810383,,0.0,0.0,0.43340857787810383,0.5553097345132744,0.01991150442477876,0.4446902654867257,0.9800884955752213,0.0,0.0,0.9601769911504425,0.11061946902654868,0.5353982300884956,443.0,201.0,0.9800884955752213,0.4446902654867257,192.0,251.0,9.0,251.0,0.01991150442477876,0.5553097345132744,9.0,0.0
66,45,dcn,192x96,0.6,2,48,0,0.0003,0.0003,1.5,0.05,512,threshold,1,0.55,0.47355923999216676,0.2978148400783539,0.7687559354226021,0.5314177834803115,0.7888040712468194,,0.7432578209277239,0.7432578209277239,0.04554625031909554,0.4453941120607787,0.44017094017094016,0.5546058879392213,0.5598290598290598,0.0,0.0,0.11965811965811968,0.10921177587844255,0.005223171889838563,1179.0,1168.0,0.5598290598290598,0.5546058879392213,930.0,249.0,927.0,938.0,0.44017094017094016,0.4453941120607787,238.0,689.0,0.48337028824833705,-0.032842975459256345,0.48148148148148145,,0.4855769230769231,0.48148148148148145,0.004095441595441618,0.5033259423503326,0.4611973392461197,0.49667405764966743,0.5388026607538803,0.0,0.0,0.07760532150776056,0.006651884700665134,0.04212860310421285,243.0,224.0,0.5388026607538803,0.49667405764966743,117.0,126.0,208.0,227.0,0.4611973392461197,0.5033259423503326,107.0,101.0,0.4446902654867257,-0.1530091586942046,0.45372460496614,,0.0,0.0,0.45372460496614,0.5353982300884956,0.01991150442477876,0.4646017699115044,0.9800884955752213,0.0,0.0,0.9601769911504425,0.0707964601769912,0.5154867256637169,443.0,210.0,0.9800884955752213,0.4646017699115044,201.0,242.0,9.0,242.0,0.01991150442477876,0.5353982300884956,9.0,0.0
64,45,dcn,320x160,0.4,3,48,0,0.0008,0.0003,1.3,0.05,512,threshold,1,0.74,0.5127179848656814,0.1772857666015625,0.8689458689458689,0.7455609277526735,0.9779474130619169,,0.7303128371089536,0.7303128371089536,0.24763457595296334,0.33380816714150047,0.44017094017094016,0.6661918328584995,0.5598290598290598,0.0,0.0,0.11965811965811968,0.332383665716999,0.1063627730294397,1179.0,1403.0,0.5598290598290598,0.6661918328584995,1153.0,26.0,927.0,703.0,0.44017094017094016,0.33380816714150047,250.0,677.0,0.5388026607538803,0.07596413464281176,0.5473251028806584,,0.5288461538461539,0.5288461538461539,0.018478949034504533,0.4878048780487805,0.4611973392461197,0.5121951219512195,0.5388026607538803,0.0,0.0,0.07760532150776056,0.024390243902439046,0.026607538802660757,243.0,231.0,0.5388026607538803,0.5121951219512195,133.0,110.0,208.0,220.0,0.4611973392461197,0.4878048780487805,98.0,110.0,0.48672566371681414,-0.14065464597756616,0.4966139954853273,,0.0,0.0,0.4966139954853273,0.49336283185840707,0.01991150442477876,0.5066371681415929,0.9800884955752213,0.0,0.0,0.9601769911504425,0.013274336283185806,0.47345132743362833,443.0,229.0,0.9800884955752213,0.5066371681415929,220.0,223.0,9.0,223.0,0.01991150442477876,0.49336283185840707,9.0,0.0
67,44,dcn,256x128,0.6,3,64,0,0.0008,0.0003,1.5,0.02,512,threshold,2,0.63,0.5134966614234906,0.11570332050323487,0.9434947768281101,0.8852755249820917,0.9525021204410518,,0.9320388349514563,0.9320388349514563,0.020463285489595417,0.4368471035137702,0.44017094017094016,0.5631528964862298,0.5598290598290598,0.0,0.0,0.11965811965811968,0.12630579297245959,0.003323836657169954,1179.0,1186.0,0.5598290598290598,0.5631528964862298,1123.0,56.0,927.0,920.0,0.44017094017094016,0.4368471035137702,63.0,864.0,0.5188470066518847,0.037635534429999555,0.5185185185185185,,0.5192307692307693,0.5185185185185185,0.0007122507122507837,0.49889135254988914,0.4611973392461197,0.5011086474501109,0.5388026607538803,0.0,0.0,0.07760532150776056,0.0022172949002217113,0.037694013303769425,243.0,226.0,0.5388026607538803,0.5011086474501109,126.0,117.0,208.0,225.0,0.4611973392461197,0.49889135254988914,100.0,108.0,0.5287610619469026,-0.12927324034459337,0.5395033860045146,,0.0,0.0,0.5395033860045146,0.45132743362831856,0.01991150442477876,0.5486725663716814,0.9800884955752213,0.0,0.0,0.9601769911504425,0.09734513274336282,0.4314159292035398,443.0,248.0,0.9800884955752213,0.5486725663716814,239.0,204.0,9.0,204.0,0.01991150442477876,0.45132743362831856,9.0,0.0
50,45,dcn,256x128,0.55,4,64,0,0.001,0.0003,1.3,0.02,768,threshold,6,0.59,0.39731681697806354,0.10201154152552287,0.9962013295346629,0.9922922997109612,0.996607294317218,,0.9956850053937433,0.9956850053937433,0.0009222889234746789,0.44017094017094016,0.44017094017094016,0.5598290598290598,0.5598290598290598,0.0,0.0,0.11965811965811968,0.11965811965811968,0.0,1179.0,1179.0,0.5598290598290598,0.5598290598290598,1175.0,4.0,927.0,927.0,0.44017094017094016,0.44017094017094016,4.0,923.0,0.4035476718403548,-0.1923031896869979,0.40329218106995884,,0.40384615384615385,0.40329218106995884,0.0005539727761950108,0.5077605321507761,0.4611973392461197,0.49223946784922396,0.5388026607538803,0.0,0.0,0.07760532150776056,0.015521064301552145,0.04656319290465638,243.0,222.0,0.5388026607538803,0.49223946784922396,98.0,145.0,208.0,229.0,0.4611973392461197,0.5077605321507761,124.0,84.0,0.5553097345132744,-0.12248511998956217,0.5665914221218962,,0.0,0.0,0.5665914221218962,0.4247787610619469,0.01991150442477876,0.5752212389380531,0.9800884955752213,0.0,0.0,0.9601769911504425,0.1504424778761062,0.40486725663716816,443.0,260.0,0.9800884955752213,0.5752212389380531,251.0,192.0,9.0,192.0,0.01991150442477876,0.4247787610619469,9.0,0.0
27,44,dcn,256x128,0.6,3,64,0,0.001,0.0001,1.6,0.02,512,threshold,1,0.66,0.49897370094524574,0.11940607726573944,0.9002849002849003,0.8004957322329225,0.9626802374893978,,0.8209277238403452,0.8209277238403452,0.1417525136490526,0.38224121557454893,0.44017094017094016,0.6177587844254511,0.5598290598290598,0.0,0.0,0.11965811965811968,0.23551756885090214,0.05792972459639123,1179.0,1301.0,0.5598290598290598,0.6177587844254511,1135.0,44.0,927.0,805.0,0.44017094017094016,0.38224121557454893,166.0,761.0,0.5077605321507761,0.01574064804776711,0.5061728395061729,,0.5096153846153846,0.5061728395061729,0.0034425451092117143,0.5011086474501109,0.4611973392461197,0.49889135254988914,0.5388026607538803,0.0,0.0,0.07760532150776056,0.0022172949002217113,0.039911308203991136,243.0,225.0,0.5388026607538803,0.49889135254988914,123.0,120.0,208.0,226.0,0.4611973392461197,0.5011086474501109,102.0,106.0,0.5907079646017699,-0.11382068225200939,0.6027088036117382,,0.0,0.0,0.6027088036117382,0.3893805309734513,0.01991150442477876,0.6106194690265486,0.9800884955752213,0.0,0.0,0.9601769911504425,0.2212389380530973,0.3694690265486726,443.0,276.0,0.9800884955752213,0.6106194690265486,267.0,176.0,9.0,176.0,0.01991150442477876,0.3893805309734513,9.0,0.0
28,44,dcn,320x160,0.55,2,48,0,0.0003,1e-05,1.5,0.08,384,threshold,8,0.73,0.38642435665809644,0.2610056872169177,0.9805318138651472,0.9609448336701801,0.998303647158609,,0.9579288025889967,0.9579288025889967,0.04037484456961227,0.4226020892687559,0.44017094017094016,0.577397910731244,0.5598290598290598,0.0,0.0,0.11965811965811968,0.1547958214624881,0.01756885090218424,1179.0,1216.0,0.5598290598290598,0.577397910731244,1177.0,2.0,927.0,890.0,0.44017094017094016,0.4226020892687559,39.0,888.0,0.3968957871396896,-0.20531973517566024,0.3950617283950617,,0.39903846153846156,0.3950617283950617,0.003976733143399858,0.5099778270509978,0.4611973392461197,0.49002217294900224,0.5388026607538803,0.0,0.0,0.07760532150776056,0.019955654101995568,0.04878048780487809,243.0,221.0,0.5388026607538803,0.49002217294900224,96.0,147.0,208.0,230.0,0.4611973392461197,0.5099778270509978,125.0,83.0,0.6084070796460177,-0.10962632675076929,0.6207674943566591,,0.0,0.0,0.6207674943566591,0.37168141592920356,0.01991150442477876,0.6283185840707964,0.9800884955752213,0.0,0.0,0.9601769911504425,0.2566371681415929,0.3517699115044248,443.0,284.0,0.9800884955752213,0.6283185840707964,275.0,168.0,9.0,168.0,0.01991150442477876,0.37168141592920356,9.0,0.0
12,45,dcn,384x192x96,0.6,2,96,0,0.0003,0.0001,1.6,0.02,512,threshold,8,0.84,0.39335393315406864,0.16745206117630004,0.9601139601139601,0.9213595622923039,1.0,,0.9093851132686084,0.9093851132686084,0.09061488673139162,0.40028490028490027,0.44017094017094016,0.5997150997150997,0.5598290598290598,0.0,0.0,0.11965811965811968,0.19943019943019946,0.03988603988603989,1179.0,1263.0,0.5598290598290598,0.5997150997150997,1179.0,0.0,927.0,843.0,0.44017094017094016,0.40028490028490027,84.0,843.0,0.3991130820399113,-0.20120026996488422,0.3991769547325103,,0.39903846153846156,0.39903846153846156,0.00013849319404873883,0.5077605321507761,0.4611973392461197,0.49223946784922396,0.5388026607538803,0.0,0.0,0.07760532150776056,0.015521064301552145,0.04656319290465638,243.0,222.0,0.5388026607538803,0.49223946784922396,97.0,146.0,208.0,229.0,0.4611973392461197,0.5077605321507761,125.0,83.0,0.6393805309734514,-0.10246407410276437,0.6523702031602708,,0.0,0.0,0.6523702031602708,0.3407079646017699,0.01991150442477876,0.6592920353982301,0.9800884955752213,0.0,0.0,0.9601769911504425,0.31858407079646023,0.32079646017699115,443.0,298.0,0.9800884955752213,0.6592920353982301,289.0,154.0,9.0,154.0,0.01991150442477876,0.3407079646017699,9.0,0.0
20,44,dcn,320x160,0.4,5,48,0,0.0008,0.0001,1.3,0.02,384,threshold,6,0.68,0.4445142788808101,0.07769054174423218,0.9995251661918328,0.9990371121012571,0.9991518235793045,,1.0,0.9991518235793045,0.0008481764206954567,0.4406457739791073,0.44017094017094016,0.5593542260208927,0.5598290598290598,0.0,0.0,0.11965811965811968,0.11870845204178537,0.00047483380816715215,1179.0,1178.0,0.5598290598290598,0.5593542260208927,1178.0,1.0,927.0,928.0,0.44017094017094016,0.4406457739791073,0.0,927.0,0.45454545454545453,-0.09032666677152185,0.45267489711934156,,0.4567307692307692,0.45267489711934156,0.004055872111427661,0.5055432372505543,0.4611973392461197,0.49445676274944567,0.5388026607538803,0.0,0.0,0.07760532150776056,0.011086474501108612,0.04434589800443456,243.0,223.0,0.5388026607538803,0.49445676274944567,110.0,133.0,208.0,228.0,0.4611973392461197,0.5055432372505543,113.0,95.0,0.6438053097345132,-0.10145665934084844,0.6568848758465011,,0.0,0.0,0.6568848758465011,0.336283185840708,0.01991150442477876,0.6637168141592921,0.9800884955752213,0.0,0.0,0.9601769911504425,0.3274336283185841,0.31637168141592925,443.0,300.0,0.9800884955752213,0.6637168141592921,291.0,152.0,9.0,152.0,0.01991150442477876,0.336283185840708,9.0,0.0
70,44,dcn,384x192x96,0.5,3,32,0,0.0003,0.0001,1.3,0.08,768,threshold,1,0.37,0.38279289665468524,0.3759942452112834,0.6699905033238367,0.37572334309743716,0.5589482612383376,,0.8112189859762675,0.5589482612383376,0.2522707247379299,0.603988603988604,0.44017094017094016,0.396011396011396,0.5598290598290598,0.0,0.0,0.11965811965811968,0.20797720797720798,0.16381766381766383,1179.0,834.0,0.5598290598290598,0.396011396011396,659.0,520.0,927.0,1272.0,0.44017094017094016,0.603988603988604,175.0,752.0,0.3991130820399113,-0.20054531545702303,0.3950617283950617,,0.40384615384615385,0.3950617283950617,0.008784425451092148,0.5121951219512195,0.4611973392461197,0.4878048780487805,0.5388026607538803,0.0,0.0,0.07760532150776056,0.024390243902439046,0.0509977827050998,243.0,220.0,0.5388026607538803,0.4878048780487805,96.0,147.0,208.0,231.0,0.4611973392461197,0.5121951219512195,124.0,84.0,0.6592920353982301,-0.09795671329733893,0.672686230248307,,0.0,0.0,0.672686230248307,0.32079646017699115,0.01991150442477876,0.6792035398230089,0.9800884955752213,0.0,0.0,0.9601769911504425,0.3584070796460177,0.3008849557522124,443.0,307.0,0.9800884955752213,0.6792035398230089,298.0,145.0,9.0,145.0,0.01991150442477876,0.32079646017699115,9.0,0.0
39,44,dcn,384x192x96,0.4,3,96,0,0.0008,0.0001,1.4,0.02,384,threshold,4,0.61,0.4917127006286898,0.07675865044196446,0.9924026590693258,0.9845904030786973,0.9957591178965225,,0.9881337648327939,0.9881337648327939,0.007625353063728579,0.4373219373219373,0.44017094017094016,0.5626780626780626,0.5598290598290598,0.0,0.0,0.11965811965811968,0.12535612535612534,0.0028490028490028574,1179.0,1185.0,0.5598290598290598,0.5626780626780626,1174.0,5.0,927.0,921.0,0.44017094017094016,0.4373219373219373,11.0,916.0,0.49889135254988914,-0.002051412778155112,0.49794238683127573,,0.5,0.49794238683127573,0.0020576131687242705,0.5011086474501109,0.4611973392461197,0.49889135254988914,0.5388026607538803,0.0,0.0,0.07760532150776056,0.0022172949002217113,0.039911308203991136,243.0,225.0,0.5388026607538803,0.49889135254988914,121.0,122.0,208.0,226.0,0.4611973392461197,0.5011086474501109,104.0,104.0,0.6769911504424779,-0.09399925212571367,0.690744920993228,,0.0,0.0,0.690744920993228,0.3030973451327434,0.01991150442477876,0.6969026548672567,0.9800884955752213,0.0,0.0,0.9601769911504425,0.3938053097345133,0.28318584070796465,443.0,315.0,0.9800884955752213,0.6969026548672567,306.0,137.0,9.0,137.0,0.01991150442477876,0.3030973451327434,9.0,0.0
11,44,dcn,384x192x96,0.6,4,96,0,0.001,5e-05,1.6,0.02,768,threshold,4,0.65,0.43362277840597624,0.10984990745782852,0.9852801519468186,0.970182594660291,0.993214588634436,,0.9751887810140237,0.9751887810140237,0.018025807620412282,0.43304843304843305,0.44017094017094016,0.5669515669515669,0.5598290598290598,0.0,0.0,0.11965811965811968,0.13390313390313385,0.007122507122507116,1179.0,1194.0,0.5598290598290598,0.5669515669515669,1171.0,8.0,927.0,912.0,0.44017094017094016,0.43304843304843305,23.0,904.0,0.44124168514412415,-0.11701633266841398,0.4403292181069959,,0.4423076923076923,0.4403292181069959,0.0019784742006964118,0.5055432372505543,0.4611973392461197,0.49445676274944567,0.5388026607538803,0.0,0.0,0.07760532150776056,0.011086474501108612,0.04434589800443456,243.0,223.0,0.5388026607538803,0.49445676274944567,107.0,136.0,208.0,228.0,0.4611973392461197,0.5055432372505543,116.0,92.0,0.7057522123893806,-0.08763817241926754,0.7200902934537246,,0.0,0.0,0.7200902934537246,0.2743362831858407,0.01991150442477876,0.7256637168141593,0.9800884955752213,0.0,0.0,0.9601769911504425,0.4513274336283186,0.25442477876106195,443.0,328.0,0.9800884955752213,0.7256637168141593,319.0,124.0,9.0,124.0,0.01991150442477876,0.2743362831858407,9.0,0.0
23,44,dcn,256x128,0.4,4,96,0,0.0005,1e-05,1.3,0.02,384,threshold,2,0.69,0.4372532785642541,0.0859290858109792,0.9729344729344729,0.9454021821033302,0.9906700593723494,,0.9503775620280475,0.9503775620280475,0.04029249734430196,0.4235517568850902,0.44017094017094016,0.5764482431149098,0.5598290598290598,0.0,0.0,0.11965811965811968,0.1528964862298196,0.016619183285849937,1179.0,1214.0,0.5598290598290598,0.5764482431149098,1168.0,11.0,927.0,892.0,0.44017094017094016,0.4235517568850902,46.0,881.0,0.44567627494456763,-0.10811977736944993,0.4444444444444444,,0.44711538461538464,0.4444444444444444,0.002670940170940217,0.5055432372505543,0.4611973392461197,0.49445676274944567,0.5388026607538803,0.0,0.0,0.07760532150776056,0.011086474501108612,0.04434589800443456,243.0,223.0,0.5388026607538803,0.49445676274944567,108.0,135.0,208.0,228.0,0.4611973392461197,0.5055432372505543,115.0,93.0,0.7168141592920354,-0.08520611334981237,0.7313769751693002,,0.0,0.0,0.7313769751693002,0.26327433628318586,0.01991150442477876,0.7367256637168141,0.9800884955752213,0.0,0.0,0.9601769911504425,0.4734513274336283,0.2433628318584071,443.0,333.0,0.9800884955752213,0.7367256637168141,324.0,119.0,9.0,119.0,0.01991150442477876,0.26327433628318586,9.0,0.0
15,44,dcn,256x128,0.55,5,48,0,0.0005,5e-05,1.5,0.05,384,threshold,2,0.67,0.5046212261591665,0.1753914679090182,0.9553656220322887,0.9098552477843472,0.9796437659033079,,0.924487594390507,0.924487594390507,0.055156171512800944,0.41832858499525166,0.44017094017094016,0.5816714150047484,0.5598290598290598,0.0,0.0,0.11965811965811968,0.16334283000949673,0.0218423551756885,1179.0,1225.0,0.5598290598290598,0.5816714150047484,1155.0,24.0,927.0,881.0,0.44017094017094016,0.41832858499525166,70.0,857.0,0.5099778270509978,0.019843473604077334,0.5102880658436214,,0.5096153846153846,0.5096153846153846,0.0006726812282368266,0.49889135254988914,0.4611973392461197,0.5011086474501109,0.5388026607538803,0.0,0.0,0.07760532150776056,0.0022172949002217113,0.037694013303769425,243.0,226.0,0.5388026607538803,0.5011086474501109,124.0,119.0,208.0,225.0,0.4611973392461197,0.49889135254988914,102.0,106.0,0.7212389380530974,-0.08423448383273822,0.7358916478555305,,0.0,0.0,0.7358916478555305,0.2588495575221239,0.01991150442477876,0.7411504424778761,0.9800884955752213,0.0,0.0,0.9601769911504425,0.4823008849557522,0.23893805309734514,443.0,335.0,0.9800884955752213,0.7411504424778761,326.0,117.0,9.0,117.0,0.01991150442477876,0.2588495575221239,9.0,0.0
21,45,dcn,384x192x96,0.4,3,48,0,0.0008,1e-05,1.4,0.02,512,threshold,8,0.72,0.4569894597774002,0.0862646147608757,0.9985754985754985,0.9971127803822081,1.0,,0.9967637540453075,0.9967637540453075,0.003236245954692518,0.43874643874643876,0.44017094017094016,0.5612535612535613,0.5598290598290598,0.0,0.0,0.11965811965811968,0.12250712250712253,0.001424501424501401,1179.0,1182.0,0.5598290598290598,0.5612535612535613,1179.0,0.0,927.0,924.0,0.44017094017094016,0.43874643874643876,3.0,924.0,0.4700665188470067,-0.06022080011257266,0.4732510288065844,,0.46634615384615385,0.46634615384615385,0.006904874960430518,0.49889135254988914,0.4611973392461197,0.5011086474501109,0.5388026607538803,0.0,0.0,0.07760532150776056,0.0022172949002217113,0.037694013303769425,243.0,226.0,0.5388026607538803,0.5011086474501109,115.0,128.0,208.0,225.0,0.4611973392461197,0.49889135254988914,111.0,97.0,0.7212389380530974,-0.08423448383273822,0.7358916478555305,,0.0,0.0,0.7358916478555305,0.2588495575221239,0.01991150442477876,0.7411504424778761,0.9800884955752213,0.0,0.0,0.9601769911504425,0.4823008849557522,0.23893805309734514,443.0,335.0,0.9800884955752213,0.7411504424778761,326.0,117.0,9.0,117.0,0.01991150442477876,0.2588495575221239,9.0,0.0
24,45,dcn,256x128,0.5,2,48,0,0.001,0.0003,1.6,0.02,768,threshold,2,0.65,0.5311465709839693,0.1202022060751915,0.9178537511870846,0.8380326814001741,0.9838846480067854,,0.8338727076591155,0.8338727076591155,0.15001194034766996,0.37606837606837606,0.44017094017094016,0.6239316239316239,0.5598290598290598,0.0,0.0,0.11965811965811968,0.24786324786324787,0.0641025641025641,1179.0,1314.0,0.5598290598290598,0.6239316239316239,1160.0,19.0,927.0,792.0,0.44017094017094016,0.37606837606837606,154.0,773.0,0.541019955654102,0.0814301114725578,0.5432098765432098,,0.5384615384615384,0.5384615384615384,0.0047483380816714105,0.49445676274944567,0.4611973392461197,0.5055432372505543,0.5388026607538803,0.0,0.0,0.07760532150776056,0.011086474501108612,0.03325942350332595,243.0,228.0,0.5388026607538803,0.5055432372505543,132.0,111.0,208.0,223.0,0.4611973392461197,0.49445676274944567,96.0,112.0,0.7212389380530974,-0.08423448383273822,0.7358916478555305,,0.0,0.0,0.7358916478555305,0.2588495575221239,0.01991150442477876,0.7411504424778761,0.9800884955752213,0.0,0.0,0.9601769911504425,0.4823008849557522,0.23893805309734514,443.0,335.0,0.9800884955752213,0.7411504424778761,326.0,117.0,9.0,117.0,0.01991150442477876,0.2588495575221239,9.0,0.0
40,44,dcn,256x128,0.4,5,64,0,0.0005,1e-05,1.6,0.05,512,threshold,4,0.43,0.4372523187191209,0.156677308678627,0.9914529914529915,0.9827747385145482,0.9864291772688719,,0.9978425026968716,0.9864291772688719,0.011413325427999665,0.4468186134852801,0.44017094017094016,0.5531813865147198,0.5598290598290598,0.0,0.0,0.11965811965811968,0.1063627730294397,0.0066476733143399636,1179.0,1165.0,0.5598290598290598,0.5531813865147198,1163.0,16.0,927.0,941.0,0.44017094017094016,0.4468186134852801,2.0,925.0,0.4523281596452328,-0.09443530663024814,0.448559670781893,,0.4567307692307692,0.448559670781893,0.008171098448876202,0.5077605321507761,0.4611973392461197,0.49223946784922396,0.5388026607538803,0.0,0.0,0.07760532150776056,0.015521064301552145,0.04656319290465638,243.0,222.0,0.5388026607538803,0.49223946784922396,109.0,134.0,208.0,229.0,0.4611973392461197,0.5077605321507761,113.0,95.0,0.7300884955752213,-0.08229221730726043,0.744920993227991,,0.0,0.0,0.744920993227991,0.25,0.01991150442477876,0.75,0.9800884955752213,0.0,0.0,0.9601769911504425,0.5,0.23008849557522124,443.0,339.0,0.9800884955752213,0.75,330.0,113.0,9.0,113.0,0.01991150442477876,0.25,9.0,0.0
55,45,dcn,256x128,0.55,5,96,0,0.0003,1e-05,1.5,0.02,384,threshold,4,0.68,0.4754812982861764,0.10136039182543755,0.9843304843304843,0.968219879981528,0.9906700593723494,,0.9762675296655879,0.9762675296655879,0.01440252970676148,0.4349477682811016,0.44017094017094016,0.5650522317188984,0.5598290598290598,0.0,0.0,0.11965811965811968,0.1301044634377968,0.005223171889838563,1179.0,1190.0,0.5598290598290598,0.5650522317188984,1168.0,11.0,927.0,916.0,0.44017094017094016,0.4349477682811016,22.0,905.0,0.4811529933481153,-0.037635534429999555,0.48148148148148145,,0.4807692307692308,0.4807692307692308,0.0007122507122506727,0.5011086474501109,0.4611973392461197,0.49889135254988914,0.5388026607538803,0.0,0.0,0.07760532150776056,0.0022172949002217113,0.039911308203991136,243.0,225.0,0.5388026607538803,0.49889135254988914,117.0,126.0,208.0,226.0,0.4611973392461197,0.5011086474501109,108.0,100.0,0.7411504424778761,-0.07986418204771695,0.7562076749435666,,0.0,0.0,0.7562076749435666,0.23893805309734514,0.01991150442477876,0.7610619469026548,0.9800884955752213,0.0,0.0,0.9601769911504425,0.5221238938053097,0.21902654867256638,443.0,344.0,0.9800884955752213,0.7610619469026548,335.0,108.0,9.0,108.0,0.01991150442477876,0.23893805309734514,9.0,0.0
62,44,dcn,256x128,0.5,5,48,0,0.0005,0.0001,1.4,0.02,768,threshold,1,0.73,0.507299061597842,0.14147800703843436,0.8542260208926875,0.7039625488235312,0.9100932994062765,,0.7831715210355987,0.7831715210355987,0.12692177837067775,0.3950617283950617,0.44017094017094016,0.6049382716049383,0.5598290598290598,0.0,0.0,0.11965811965811968,0.2098765432098766,0.045109211775878455,1179.0,1274.0,0.5598290598290598,0.6049382716049383,1073.0,106.0,927.0,832.0,0.44017094017094016,0.3950617283950617,201.0,726.0,0.516629711751663,0.032842975459256345,0.5185185185185185,,0.5144230769230769,0.5144230769230769,0.004095441595441618,0.49667405764966743,0.4611973392461197,0.5033259423503326,0.5388026607538803,0.0,0.0,0.07760532150776056,0.006651884700665134,0.03547671840354771,243.0,227.0,0.5388026607538803,0.5033259423503326,126.0,117.0,208.0,224.0,0.4611973392461197,0.49667405764966743,101.0,107.0,0.7588495575221239,-0.0759710379325945,0.7742663656884876,,0.0,0.0,0.7742663656884876,0.22123893805309736,0.01991150442477876,0.7787610619469026,0.9800884955752213,0.0,0.0,0.9601769911504425,0.5575221238938053,0.2013274336283186,443.0,352.0,0.9800884955752213,0.7787610619469026,343.0,100.0,9.0,100.0,0.01991150442477876,0.22123893805309736,9.0,0.0
38,44,dcn,384x192x96,0.4,3,32,0,0.0003,1e-05,1.3,0.02,384,threshold,6,0.74,0.37553285618326265,0.1249884453912576,0.9710351377018044,0.9422809093033933,0.998303647158609,,0.9363538295577131,0.9363538295577131,0.06194981760089591,0.4131054131054131,0.44017094017094016,0.5868945868945868,0.5598290598290598,0.0,0.0,0.11965811965811968,0.17378917378917375,0.027065527065527062,1179.0,1236.0,0.5598290598290598,0.5868945868945868,1177.0,2.0,927.0,870.0,0.44017094017094016,0.4131054131054131,59.0,868.0,0.3835920177383592,-0.23201307635877433,0.38271604938271603,,0.38461538461538464,0.38271604938271603,0.0018993352326686086,0.5099778270509978,0.4611973392461197,0.49002217294900224,0.5388026607538803,0.0,0.0,0.07760532150776056,0.019955654101995568,0.04878048780487809,243.0,221.0,0.5388026607538803,0.49002217294900224,93.0,150.0,208.0,230.0,0.4611973392461197,0.5099778270509978,128.0,80.0,0.7610619469026548,-0.075483084079793,0.7765237020316027,,0.0,0.0,0.7765237020316027,0.21902654867256638,0.01991150442477876,0.7809734513274337,0.9800884955752213,0.0,0.0,0.9601769911504425,0.5619469026548674,0.19911504424778761,443.0,353.0,0.9800884955752213,0.7809734513274337,344.0,99.0,9.0,99.0,0.01991150442477876,0.21902654867256638,9.0,0.0
45,44,dcn,320x160,0.5,5,48,0,0.0003,1e-05,1.3,0.05,768,threshold,4,0.69,0.4154693177694533,0.21511579056580862,0.9544159544159544,0.9078083741685696,0.9770992366412213,,0.9255663430420712,0.9255663430420712,0.05153289359915014,0.4202279202279202,0.44017094017094016,0.5797720797720798,0.5598290598290598,0.0,0.0,0.11965811965811968,0.15954415954415957,0.019943019943019946,1179.0,1221.0,0.5598290598290598,0.5797720797720798,1152.0,27.0,927.0,885.0,0.44017094017094016,0.4202279202279202,69.0,858.0,0.42572062084257206,-0.14781778829756617,0.42386831275720166,,0.42788461538461536,0.42386831275720166,0.004016302627413704,0.5077605321507761,0.4611973392461197,0.49223946784922396,0.5388026607538803,0.0,0.0,0.07760532150776056,0.015521064301552145,0.04656319290465638,243.0,222.0,0.5388026607538803,0.49223946784922396,103.0,140.0,208.0,229.0,0.4611973392461197,0.5077605321507761,119.0,89.0,0.7743362831858407,-0.0725460284046666,0.7900677200902935,,0.0,0.0,0.7900677200902935,0.20575221238938052,0.01991150442477876,0.7942477876106194,0.9800884955752213,0.0,0.0,0.9601769911504425,0.5884955752212389,0.18584070796460175,443.0,359.0,0.9800884955752213,0.7942477876106194,350.0,93.0,9.0,93.0,0.01991150442477876,0.20575221238938052,9.0,0.0
42,44,dcn,256x128,0.55,5,64,0,0.0003,5e-05,1.6,0.05,512,threshold,6,0.44,0.43575653343946025,0.18422072529792785,0.9909781576448243,0.9817983889632471,0.9864291772688719,,0.9967637540453075,0.9864291772688719,0.010334576776435567,0.44634377967711303,0.44017094017094016,0.553656220322887,0.5598290598290598,0.0,0.0,0.11965811965811968,0.10731244064577394,0.006172839506172867,1179.0,1166.0,0.5598290598290598,0.553656220322887,1163.0,16.0,927.0,940.0,0.44017094017094016,0.44634377967711303,3.0,924.0,0.4434589800443459,-0.11290882374101101,0.4444444444444444,,0.4423076923076923,0.4423076923076923,0.002136752136752129,0.5033259423503326,0.4611973392461197,0.49667405764966743,0.5388026607538803,0.0,0.0,0.07760532150776056,0.006651884700665134,0.04212860310421285,243.0,224.0,0.5388026607538803,0.49667405764966743,108.0,135.0,208.0,227.0,0.4611973392461197,0.5033259423503326,116.0,92.0,0.7787610619469026,-0.07156266194405292,0.7945823927765236,,0.0,0.0,0.7945823927765236,0.2013274336283186,0.01991150442477876,0.7986725663716814,0.9800884955752213,0.0,0.0,0.9601769911504425,0.5973451327433628,0.18141592920353983,443.0,361.0,0.9800884955752213,0.7986725663716814,352.0,91.0,9.0,91.0,0.01991150442477876,0.2013274336283186,9.0,0.0
8,44,dcn,320x160,0.55,5,48,0,0.001,0.0001,1.5,0.02,768,threshold,4,0.73,0.4045778172946195,0.0963185081879298,0.9857549857549858,0.9711380313201446,0.993214588634436,,0.9762675296655879,0.9762675296655879,0.016947058968848072,0.4335232668566002,0.44017094017094016,0.5664767331433999,0.5598290598290598,0.0,0.0,0.11965811965811968,0.13295346628679966,0.0066476733143399636,1179.0,1193.0,0.5598290598290598,0.5664767331433999,1171.0,8.0,927.0,913.0,0.44017094017094016,0.4335232668566002,22.0,905.0,0.4124168514412417,-0.1745090291312252,0.411522633744856,,0.41346153846153844,0.411522633744856,0.0019389047166824547,0.5077605321507761,0.4611973392461197,0.49223946784922396,0.5388026607538803,0.0,0.0,0.07760532150776056,0.015521064301552145,0.04656319290465638,243.0,222.0,0.5388026607538803,0.49223946784922396,100.0,143.0,208.0,229.0,0.4611973392461197,0.5077605321507761,122.0,86.0,0.7876106194690266,-0.06958771653256648,0.8036117381489842,,0.0,0.0,0.8036117381489842,0.19247787610619468,0.01991150442477876,0.8075221238938053,0.9800884955752213,0.0,0.0,0.9601769911504425,0.6150442477876106,0.17256637168141592,443.0,365.0,0.9800884955752213,0.8075221238938053,356.0,87.0,9.0,87.0,0.01991150442477876,0.19247787610619468,9.0,0.0
18,44,dcn,320x160,0.45,5,48,0,0.0003,0.0001,1.3,0.05,512,threshold,4,0.77,0.4145868594920085,0.1839415818452835,0.9634377967711301,0.9265070607110835,0.9889737065309584,,0.9309600862998921,0.9309600862998921,0.058013620231066265,0.41595441595441596,0.44017094017094016,0.584045584045584,0.5598290598290598,0.0,0.0,0.11965811965811968,0.16809116809116809,0.024216524216524205,1179.0,1230.0,0.5598290598290598,0.584045584045584,1166.0,13.0,927.0,876.0,0.44017094017094016,0.41595441595441596,64.0,863.0,0.42572062084257206,-0.14849364519956862,0.4279835390946502,,0.4230769230769231,0.4230769230769231,0.004906616017727128,0.5033259423503326,0.4611973392461197,0.49667405764966743,0.5388026607538803,0.0,0.0,0.07760532150776056,0.006651884700665134,0.04212860310421285,243.0,224.0,0.5388026607538803,0.49667405764966743,104.0,139.0,208.0,227.0,0.4611973392461197,0.5033259423503326,120.0,88.0,0.7876106194690266,-0.06958771653256648,0.8036117381489842,,0.0,0.0,0.8036117381489842,0.19247787610619468,0.01991150442477876,0.8075221238938053,0.9800884955752213,0.0,0.0,0.9601769911504425,0.6150442477876106,0.17256637168141592,443.0,365.0,0.9800884955752213,0.8075221238938053,356.0,87.0,9.0,87.0,0.01991150442477876,0.19247787610619468,9.0,0.0
63,44,dcn,192x96,0.4,5,64,0,0.001,1e-05,1.3,0.02,512,threshold,2,0.59,0.4145868594920085,0.09204849749803543,0.9719848053181387,0.9431627006195692,0.9745547073791349,,0.9687162891046386,0.9687162891046386,0.005838418274496271,0.4406457739791073,0.44017094017094016,0.5593542260208927,0.5598290598290598,0.0,0.0,0.11965811965811968,0.11870845204178537,0.00047483380816715215,1179.0,1178.0,0.5598290598290598,0.5593542260208927,1149.0,30.0,927.0,928.0,0.44017094017094016,0.4406457739791073,29.0,898.0,0.42572062084257206,-0.14849364519956862,0.4279835390946502,,0.4230769230769231,0.4230769230769231,0.004906616017727128,0.5033259423503326,0.4611973392461197,0.49667405764966743,0.5388026607538803,0.0,0.0,0.07760532150776056,0.006651884700665134,0.04212860310421285,243.0,224.0,0.5388026607538803,0.49667405764966743,104.0,139.0,208.0,227.0,0.4611973392461197,0.5033259423503326,120.0,88.0,0.7942477876106194,-0.06809812045295843,0.8103837471783296,,0.0,0.0,0.8103837471783296,0.18584070796460178,0.01991150442477876,0.8141592920353983,0.9800884955752213,0.0,0.0,0.9601769911504425,0.6283185840707965,0.16592920353982302,443.0,368.0,0.9800884955752213,0.8141592920353983,359.0,84.0,9.0,84.0,0.01991150442477876,0.18584070796460178,9.0,0.0
5,45,dcn,192x96,0.4,6,96,0,0.001,1e-05,1.3,0.08,384,threshold,5,0.76,0.4782856385058282,0.21552856266498566,0.9952516619183286,0.9903752765143167,0.998303647158609,,0.9913700107874865,0.9913700107874865,0.006933636371122431,0.4373219373219373,0.44017094017094016,0.5626780626780626,0.5598290598290598,0.0,0.0,0.11965811965811968,0.12535612535612534,0.0028490028490028574,1179.0,1185.0,0.5598290598290598,0.5626780626780626,1177.0,2.0,927.0,921.0,0.44017094017094016,0.4373219373219373,8.0,919.0,0.5055432372505543,0.009568566499490267,0.51440329218107,,0.4951923076923077,0.4951923076923077,0.01921098448876224,0.49002217294900224,0.4611973392461197,0.5099778270509978,0.5388026607538803,0.0,0.0,0.07760532150776056,0.019955654101995568,0.028824833702882524,243.0,230.0,0.5388026607538803,0.5099778270509978,125.0,118.0,208.0,221.0,0.4611973392461197,0.49002217294900224,105.0,103.0,0.7964601769911505,-0.06759977566685163,0.8126410835214447,,0.0,0.0,0.8126410835214447,0.1836283185840708,0.01991150442477876,0.8163716814159292,0.9800884955752213,0.0,0.0,0.9601769911504425,0.6327433628318584,0.16371681415929204,443.0,369.0,0.9800884955752213,0.8163716814159292,360.0,83.0,9.0,83.0,0.01991150442477876,0.1836283185840708,9.0,0.0
9,45,dcn,320x160,0.4,6,48,0,0.0008,5e-05,1.4,0.02,768,threshold,1,0.9,0.38279289665468524,0.09634306281805038,0.8713200379867047,0.7549048976178893,0.991518235793045,,0.7184466019417476,0.7184466019417476,0.2730716338512974,0.32098765432098764,0.44017094017094016,0.6790123456790124,0.5598290598290598,0.0,0.0,0.11965811965811968,0.3580246913580247,0.11918328584995252,1179.0,1430.0,0.5598290598290598,0.6790123456790124,1169.0,10.0,927.0,676.0,0.44017094017094016,0.32098765432098764,261.0,666.0,0.3991130820399113,-0.20054531545702303,0.3950617283950617,,0.40384615384615385,0.3950617283950617,0.008784425451092148,0.5121951219512195,0.4611973392461197,0.4878048780487805,0.5388026607538803,0.0,0.0,0.07760532150776056,0.024390243902439046,0.0509977827050998,243.0,220.0,0.5388026607538803,0.4878048780487805,96.0,147.0,208.0,231.0,0.4611973392461197,0.5121951219512195,124.0,84.0,0.8053097345132744,-0.06559617583412367,0.8216704288939052,,0.0,0.0,0.8216704288939052,0.1747787610619469,0.01991150442477876,0.8252212389380531,0.9800884955752213,0.0,0.0,0.9601769911504425,0.6504424778761062,0.15486725663716813,443.0,373.0,0.9800884955752213,0.8252212389380531,364.0,79.0,9.0,79.0,0.01991150442477876,0.1747787610619469,9.0,0.0
39,45,dcn,384x192x96,0.4,3,96,0,0.0008,0.0001,1.4,0.02,384,threshold,2,0.54,0.39368535697465235,0.08077903836965561,0.9795821462488129,0.9585843457319941,0.9872773536895675,,0.9697950377562028,0.9697950377562028,0.01748231593336469,0.43399810066476735,0.44017094017094016,0.5660018993352327,0.5598290598290598,0.0,0.0,0.11965811965811968,0.13200379867046536,0.006172839506172811,1179.0,1192.0,0.5598290598290598,0.5660018993352327,1164.0,15.0,927.0,914.0,0.44017094017094016,0.43399810066476735,28.0,899.0,0.4057649667405765,-0.1875241743869175,0.40329218106995884,,0.40865384615384615,0.40329218106995884,0.0053616650838873015,0.5099778270509978,0.4611973392461197,0.49002217294900224,0.5388026607538803,0.0,0.0,0.07760532150776056,0.019955654101995568,0.04878048780487809,243.0,221.0,0.5388026607538803,0.49002217294900224,98.0,145.0,208.0,230.0,0.4611973392461197,0.5099778270509978,123.0,85.0,0.8053097345132744,-0.06559617583412367,0.8216704288939052,,0.0,0.0,0.8216704288939052,0.1747787610619469,0.01991150442477876,0.8252212389380531,0.9800884955752213,0.0,0.0,0.9601769911504425,0.6504424778761062,0.15486725663716813,443.0,373.0,0.9800884955752213,0.8252212389380531,364.0,79.0,9.0,79.0,0.01991150442477876,0.1747787610619469,9.0,0.0
69,45,dcn,256x128,0.5,6,64,0,0.0008,5e-05,1.3,0.05,768,threshold,2,0.86,0.3537488953884618,0.17700637876987457,0.9368471035137702,0.8761918983123738,0.9949109414758269,,0.8629989212513485,0.8629989212513485,0.13191202022447845,0.38271604938271603,0.44017094017094016,0.6172839506172839,0.5598290598290598,0.0,0.0,0.11965811965811968,0.2345679012345679,0.05745489078822413,1179.0,1300.0,0.5598290598290598,0.6172839506172839,1173.0,6.0,927.0,806.0,0.44017094017094016,0.38271604938271603,127.0,800.0,0.36363636363636365,-0.27173456163657234,0.36213991769547327,,0.36538461538461536,0.36213991769547327,0.0032446976891420953,0.5121951219512195,0.4611973392461197,0.4878048780487805,0.5388026607538803,0.0,0.0,0.07760532150776056,0.024390243902439046,0.0509977827050998,243.0,220.0,0.5388026607538803,0.4878048780487805,88.0,155.0,208.0,231.0,0.4611973392461197,0.5121951219512195,132.0,76.0,0.8053097345132744,-0.06559617583412367,0.8216704288939052,,0.0,0.0,0.8216704288939052,0.1747787610619469,0.01991150442477876,0.8252212389380531,0.9800884955752213,0.0,0.0,0.9601769911504425,0.6504424778761062,0.15486725663716813,443.0,373.0,0.9800884955752213,0.8252212389380531,364.0,79.0,9.0,79.0,0.01991150442477876,0.1747787610619469,9.0,0.0
46,45,dcn,256x128,0.6,6,96,0,0.0003,1e-05,1.4,0.08,768,threshold,2,0.76,0.5470870788350464,0.2896233598391215,0.9021842355175689,0.8080354649898427,0.981340118744699,,0.8015102481121898,0.8015102481121898,0.1798298706325091,0.36324786324786323,0.44017094017094016,0.6367521367521367,0.5598290598290598,0.0,0.0,0.11965811965811968,0.2735042735042735,0.07692307692307693,1179.0,1341.0,0.5598290598290598,0.6367521367521367,1157.0,22.0,927.0,765.0,0.44017094017094016,0.36324786324786323,184.0,743.0,0.5631929046563193,0.12523971162631797,0.5679012345679012,,0.5576923076923077,0.5576923076923077,0.010208926875593494,0.49002217294900224,0.4611973392461197,0.5099778270509978,0.5388026607538803,0.0,0.0,0.07760532150776056,0.019955654101995568,0.028824833702882524,243.0,230.0,0.5388026607538803,0.5099778270509978,138.0,105.0,208.0,221.0,0.4611973392461197,0.49002217294900224,92.0,116.0,0.8075221238938053,-0.06509249102119562,0.8239277652370203,,0.0,0.0,0.8239277652370203,0.17256637168141592,0.01991150442477876,0.827433628318584,0.9800884955752213,0.0,0.0,0.9601769911504425,0.654867256637168,0.15265486725663716,443.0,374.0,0.9800884955752213,0.827433628318584,365.0,78.0,9.0,78.0,0.01991150442477876,0.17256637168141592,9.0,0.0
70,45,dcn,384x192x96,0.5,3,32,0,0.0003,0.0001,1.3,0.08,768,threshold,8,0.63,0.3642140052810785,0.3012275695800781,0.9748338081671415,0.9491002349868322,0.9889737065309584,,0.9568500539374326,0.9568500539374326,0.03212365259352579,0.42735042735042733,0.44017094017094016,0.5726495726495726,0.5598290598290598,0.0,0.0,0.11965811965811968,0.14529914529914528,0.01282051282051283,1179.0,1206.0,0.5598290598290598,0.5726495726495726,1166.0,13.0,927.0,900.0,0.44017094017094016,0.42735042735042733,40.0,887.0,0.37028824833702884,-0.2587064175418884,0.37037037037037035,,0.3701923076923077,0.3701923076923077,0.00017806267806264042,0.5099778270509978,0.4611973392461197,0.49002217294900224,0.5388026607538803,0.0,0.0,0.07760532150776056,0.019955654101995568,0.04878048780487809,243.0,221.0,0.5388026607538803,0.49002217294900224,90.0,153.0,208.0,230.0,0.4611973392461197,0.5099778270509978,131.0,77.0,0.8075221238938053,-0.06509249102119562,0.8239277652370203,,0.0,0.0,0.8239277652370203,0.17256637168141592,0.01991150442477876,0.827433628318584,0.9800884955752213,0.0,0.0,0.9601769911504425,0.654867256637168,0.15265486725663716,443.0,374.0,0.9800884955752213,0.827433628318584,365.0,78.0,9.0,78.0,0.01991150442477876,0.17256637168141592,9.0,0.0
40,45,dcn,256x128,0.4,5,64,0,0.0005,1e-05,1.6,0.05,512,threshold,5,0.57,0.47025213218980155,0.16139006614685059,0.99667616334283,0.9932570005686687,0.996607294317218,,0.9967637540453075,0.996607294317218,0.0001564597280895308,0.4406457739791073,0.44017094017094016,0.5593542260208927,0.5598290598290598,0.0,0.0,0.11965811965811968,0.11870845204178537,0.00047483380816715215,1179.0,1178.0,0.5598290598290598,0.5593542260208927,1175.0,4.0,927.0,928.0,0.44017094017094016,0.4406457739791073,3.0,924.0,0.48558758314855877,-0.0294304620932195,0.4897119341563786,,0.4807692307692308,0.4807692307692308,0.00894270338714781,0.49667405764966743,0.4611973392461197,0.5033259423503326,0.5388026607538803,0.0,0.0,0.07760532150776056,0.006651884700665134,0.03547671840354771,243.0,227.0,0.5388026607538803,0.5033259423503326,119.0,124.0,208.0,224.0,0.4611973392461197,0.49667405764966743,108.0,100.0,0.8119469026548672,-0.06408144042666516,0.8284424379232506,,0.0,0.0,0.8284424379232506,0.168141592920354,0.01991150442477876,0.831858407079646,0.9800884955752213,0.0,0.0,0.9601769911504425,0.663716814159292,0.14823008849557523,443.0,376.0,0.9800884955752213,0.831858407079646,367.0,76.0,9.0,76.0,0.01991150442477876,0.168141592920354,9.0,0.0
25,45,dcn,384x192x96,0.6,2,48,0,0.0005,0.0001,1.5,0.05,512,threshold,6,0.83,0.4463413704131861,0.21731413900852203,0.9420702754036088,0.8869249452004518,0.9991518235793045,,0.8694714131607335,0.8694714131607335,0.12968041041857103,0.3831908831908832,0.44017094017094016,0.6168091168091168,0.5598290598290598,0.0,0.0,0.11965811965811968,0.23361823361823358,0.05698005698005698,1179.0,1299.0,0.5598290598290598,0.6168091168091168,1178.0,1.0,927.0,807.0,0.44017094017094016,0.3831908831908832,121.0,806.0,0.4523281596452328,-0.0951164130117322,0.45267489711934156,,0.4519230769230769,0.4519230769230769,0.0007518201962646298,0.5033259423503326,0.4611973392461197,0.49667405764966743,0.5388026607538803,0.0,0.0,0.07760532150776056,0.006651884700665134,0.04212860310421285,243.0,224.0,0.5388026607538803,0.49667405764966743,110.0,133.0,208.0,227.0,0.4611973392461197,0.5033259423503326,114.0,94.0,0.8185840707964602,-0.06255488307801442,0.835214446952596,,0.0,0.0,0.835214446952596,0.16150442477876106,0.01991150442477876,0.838495575221239,0.9800884955752213,0.0,0.0,0.9601769911504425,0.6769911504424779,0.1415929203539823,443.0,379.0,0.9800884955752213,0.838495575221239,370.0,73.0,9.0,73.0,0.01991150442477876,0.16150442477876106,9.0,0.0
2,45,dcn,320x160,0.4,2,64,0,0.0008,1e-05,1.6,0.02,384,threshold,3,0.68,0.4299922782476983,0.08102307468652725,0.9824311490978158,0.9643911985595128,0.9906700593723494,,0.9719525350593312,0.9719525350593312,0.018717524313018208,0.43304843304843305,0.44017094017094016,0.5669515669515669,0.5598290598290598,0.0,0.0,0.11965811965811968,0.13390313390313385,0.007122507122507116,1179.0,1194.0,0.5598290598290598,0.5669515669515669,1168.0,11.0,927.0,912.0,0.44017094017094016,0.43304843304843305,26.0,901.0,0.43680709534368073,-0.125912887967378,0.43621399176954734,,0.4375,0.43621399176954734,0.001286008230452662,0.5055432372505543,0.4611973392461197,0.49445676274944567,0.5388026607538803,0.0,0.0,0.07760532150776056,0.011086474501108612,0.04434589800443456,243.0,223.0,0.5388026607538803,0.49445676274944567,106.0,137.0,208.0,228.0,0.4611973392461197,0.5055432372505543,117.0,91.0,0.8252212389380531,-0.06101501609363995,0.8419864559819413,,0.0,0.0,0.8419864559819413,0.15486725663716813,0.01991150442477876,0.8451327433628318,0.9800884955752213,0.0,0.0,0.9601769911504425,0.6902654867256637,0.13495575221238937,443.0,382.0,0.9800884955752213,0.8451327433628318,373.0,70.0,9.0,70.0,0.01991150442477876,0.15486725663716813,9.0,0.0
3,45,dcn,192x96,0.45,2,32,0,0.0005,1e-05,1.6,0.08,384,threshold,6,0.48,0.37916335634154064,0.22885319342215857,0.9890788224121557,0.9779803987477624,0.9838846480067854,,0.9956850053937433,0.9838846480067854,0.011800357386957838,0.4472934472934473,0.44017094017094016,0.5527065527065527,0.5598290598290598,0.0,0.0,0.11965811965811968,0.10541310541310539,0.007122507122507116,1179.0,1164.0,0.5598290598290598,0.5527065527065527,1160.0,19.0,927.0,942.0,0.44017094017094016,0.4472934472934473,4.0,923.0,0.38802660753880264,-0.22311529596440297,0.3868312757201646,,0.3894230769230769,0.3868312757201646,0.0025918012029123028,0.5099778270509978,0.4611973392461197,0.49002217294900224,0.5388026607538803,0.0,0.0,0.07760532150776056,0.019955654101995568,0.04878048780487809,243.0,221.0,0.5388026607538803,0.49002217294900224,94.0,149.0,208.0,230.0,0.4611973392461197,0.5099778270509978,127.0,81.0,0.827433628318584,-0.06049849207439336,0.8442437923250564,,0.0,0.0,0.8442437923250564,0.15265486725663716,0.01991150442477876,0.8473451327433629,0.9800884955752213,0.0,0.0,0.9601769911504425,0.6946902654867257,0.1327433628318584,443.0,383.0,0.9800884955752213,0.8473451327433629,374.0,69.0,9.0,69.0,0.01991150442477876,0.15265486725663716,9.0,0.0
42,45,dcn,256x128,0.55,5,64,0,0.0003,5e-05,1.6,0.05,512,threshold,5,0.61,0.4993288076723036,0.19165489375591277,0.9881291547958214,0.9760909742441863,0.9821882951653944,,0.9956850053937433,0.9821882951653944,0.013496710228348863,0.4482431149097816,0.44017094017094016,0.5517568850902185,0.5598290598290598,0.0,0.0,0.11965811965811968,0.10351377018043689,0.00807217473884142,1179.0,1162.0,0.5598290598290598,0.5517568850902185,1158.0,21.0,927.0,944.0,0.44017094017094016,0.4482431149097816,4.0,923.0,0.5055432372505543,0.010947443191116223,0.5061728395061729,,0.5048076923076923,0.5048076923076923,0.0013651471984805763,0.49889135254988914,0.4611973392461197,0.5011086474501109,0.5388026607538803,0.0,0.0,0.07760532150776056,0.0022172949002217113,0.037694013303769425,243.0,226.0,0.5388026607538803,0.5011086474501109,123.0,120.0,208.0,225.0,0.4611973392461197,0.49889135254988914,103.0,105.0,0.8296460176991151,-0.059980245054848925,0.8465011286681715,,0.0,0.0,0.8465011286681715,0.1504424778761062,0.01991150442477876,0.8495575221238938,0.9800884955752213,0.0,0.0,0.9601769911504425,0.6991150442477876,0.13053097345132744,443.0,384.0,0.9800884955752213,0.8495575221238938,375.0,68.0,9.0,68.0,0.01991150442477876,0.1504424778761062,9.0,0.0
33,45,dcn,192x96,0.4,3,96,0,0.0008,5e-05,1.4,0.02,384,threshold,2,0.84,0.41909981792773116,0.08219444627563159,0.9639126305792972,0.928024870594978,0.9949109414758269,,0.924487594390507,0.924487594390507,0.07042334708531994,0.4097815764482431,0.44017094017094016,0.5902184235517569,0.5598290598290598,0.0,0.0,0.11965811965811968,0.18043684710351382,0.03038936372269707,1179.0,1243.0,0.5598290598290598,0.5902184235517569,1173.0,6.0,927.0,863.0,0.44017094017094016,0.4097815764482431,70.0,857.0,0.43015521064301554,-0.13892070801967984,0.4279835390946502,,0.4326923076923077,0.4279835390946502,0.004708768597657509,0.5077605321507761,0.4611973392461197,0.49223946784922396,0.5388026607538803,0.0,0.0,0.07760532150776056,0.015521064301552145,0.04656319290465638,243.0,222.0,0.5388026607538803,0.49223946784922396,104.0,139.0,208.0,229.0,0.4611973392461197,0.5077605321507761,118.0,90.0,0.831858407079646,-0.059460208562815836,0.8487584650112867,,0.0,0.0,0.8487584650112867,0.14823008849557523,0.01991150442477876,0.8517699115044248,0.9800884955752213,0.0,0.0,0.9601769911504425,0.7035398230088497,0.12831858407079647,443.0,385.0,0.9800884955752213,0.8517699115044248,376.0,67.0,9.0,67.0,0.01991150442477876,0.14823008849557523,9.0,0.0
38,45,dcn,384x192x96,0.4,3,32,0,0.0003,1e-05,1.3,0.02,384,threshold,8,0.7,0.35904809157519185,0.12306604410211246,0.9924026590693258,0.9846292357917074,0.998303647158609,,0.9848975188781014,0.9848975188781014,0.013406128280507579,0.43447293447293445,0.44017094017094016,0.5655270655270656,0.5598290598290598,0.0,0.0,0.11965811965811968,0.1310541310541311,0.005698005698005715,1179.0,1191.0,0.5598290598290598,0.5655270655270656,1177.0,2.0,927.0,915.0,0.44017094017094016,0.43447293447293445,14.0,913.0,0.3835920177383592,-0.233348203515144,0.39094650205761317,,0.375,0.375,0.015946502057613166,0.5011086474501109,0.4611973392461197,0.49889135254988914,0.5388026607538803,0.0,0.0,0.07760532150776056,0.0022172949002217113,0.039911308203991136,243.0,225.0,0.5388026607538803,0.49889135254988914,95.0,148.0,208.0,226.0,0.4611973392461197,0.5011086474501109,130.0,78.0,0.834070796460177,-0.058938313844960004,0.8510158013544018,,0.0,0.0,0.8510158013544018,0.14601769911504425,0.01991150442477876,0.8539823008849557,0.9800884955752213,0.0,0.0,0.9601769911504425,0.7079646017699115,0.1261061946902655,443.0,386.0,0.9800884955752213,0.8539823008849557,377.0,66.0,9.0,66.0,0.01991150442477876,0.14601769911504425,9.0,0.0
65,45,dcn,192x96,0.5,5,96,0,0.001,5e-05,1.5,0.05,512,threshold,1,0.53,0.47355923999216676,0.19393331110477446,0.9406457739791073,0.8817874036756232,0.9219677692960135,,0.9644012944983819,0.9219677692960135,0.042433525202368316,0.4681861348528015,0.44017094017094016,0.5318138651471985,0.5598290598290598,0.0,0.0,0.11965811965811968,0.063627730294397,0.028015194681861366,1179.0,1120.0,0.5598290598290598,0.5318138651471985,1087.0,92.0,927.0,986.0,0.44017094017094016,0.4681861348528015,33.0,894.0,0.48337028824833705,-0.032842975459256345,0.48148148148148145,,0.4855769230769231,0.48148148148148145,0.004095441595441618,0.5033259423503326,0.4611973392461197,0.49667405764966743,0.5388026607538803,0.0,0.0,0.07760532150776056,0.006651884700665134,0.04212860310421285,243.0,224.0,0.5388026607538803,0.49667405764966743,117.0,126.0,208.0,227.0,0.4611973392461197,0.5033259423503326,107.0,101.0,0.8362831858407079,-0.05841448974086526,0.8532731376975169,,0.0,0.0,0.8532731376975169,0.14380530973451328,0.01991150442477876,0.8561946902654868,0.9800884955752213,0.0,0.0,0.9601769911504425,0.7123893805309736,0.12389380530973451,443.0,387.0,0.9800884955752213,0.8561946902654868,378.0,65.0,9.0,65.0,0.01991150442477876,0.14380530973451328,9.0,0.0
16,45,dcn,384x192x96,0.4,5,48,0,0.001,5e-05,1.3,0.02,768,threshold,8,0.83,0.3589215867942155,0.08450528234243393,0.99667616334283,0.9932729413759747,1.0,,0.9924487594390508,0.9924487594390508,0.007551240560949246,0.4368471035137702,0.44017094017094016,0.5631528964862298,0.5598290598290598,0.0,0.0,0.11965811965811968,0.12630579297245959,0.003323836657169954,1179.0,1186.0,0.5598290598290598,0.5631528964862298,1179.0,0.0,927.0,920.0,0.44017094017094016,0.4368471035137702,7.0,920.0,0.36585365853658536,-0.2676041979362598,0.3662551440329218,,0.36538461538461536,0.36538461538461536,0.0008705286483064456,0.5099778270509978,0.4611973392461197,0.49002217294900224,0.5388026607538803,0.0,0.0,0.07760532150776056,0.019955654101995568,0.04878048780487809,243.0,221.0,0.5388026607538803,0.49002217294900224,89.0,154.0,208.0,230.0,0.4611973392461197,0.5099778270509978,132.0,76.0,0.838495575221239,-0.05788866254833345,0.8555304740406321,,0.0,0.0,0.8555304740406321,0.1415929203539823,0.01991150442477876,0.8584070796460177,0.9800884955752213,0.0,0.0,0.9601769911504425,0.7168141592920354,0.12168141592920353,443.0,388.0,0.9800884955752213,0.8584070796460177,379.0,64.0,9.0,64.0,0.01991150442477876,0.1415929203539823,9.0,0.0
19,44,dcn,192x96,0.4,5,96,0,0.0008,5e-05,1.4,0.02,384,threshold,3,0.9,0.41546835792431996,0.08601396655042966,0.9772079772079773,0.9542550353384087,0.996607294317218,,0.9525350593311759,0.9525350593311759,0.04407223498604207,0.4211775878442545,0.44017094017094016,0.5788224121557455,0.5598290598290598,0.0,0.0,0.11965811965811968,0.15764482431149096,0.018993352326685642,1179.0,1219.0,0.5598290598290598,0.5788224121557455,1175.0,4.0,927.0,887.0,0.44017094017094016,0.4211775878442545,44.0,883.0,0.43237250554323725,-0.13413749202068934,0.4279835390946502,,0.4375,0.4279835390946502,0.0095164609053498,0.5099778270509978,0.4611973392461197,0.49002217294900224,0.5388026607538803,0.0,0.0,0.07760532150776056,0.019955654101995568,0.04878048780487809,243.0,221.0,0.5388026607538803,0.49002217294900224,104.0,139.0,208.0,230.0,0.4611973392461197,0.5099778270509978,117.0,91.0,0.8451327433628318,-0.056298384189316535,0.8623024830699775,,0.0,0.0,0.8623024830699775,0.13495575221238937,0.01991150442477876,0.8650442477876106,0.9800884955752213,0.0,0.0,0.9601769911504425,0.7300884955752212,0.1150442477876106,443.0,391.0,0.9800884955752213,0.8650442477876106,382.0,61.0,9.0,61.0,0.01991150442477876,0.13495575221238937,9.0,0.0
49,45,dcn,320x160,0.55,6,96,0,0.0003,0.0003,1.3,0.02,512,threshold,1,0.3,0.48808220047041184,0.12814248204231263,0.862298195631529,0.7465149236828119,0.7769296013570822,,0.970873786407767,0.7769296013570822,0.19394418505068478,0.5522317188983855,0.44017094017094016,0.44776828110161443,0.5598290598290598,0.0,0.0,0.11965811965811968,0.10446343779677109,0.11206077872744535,1179.0,943.0,0.5598290598290598,0.44776828110161443,916.0,263.0,927.0,1163.0,0.44017094017094016,0.5522317188983855,27.0,900.0,0.49445676274944567,-0.010947443191116223,0.49382716049382713,,0.4951923076923077,0.49382716049382713,0.0013651471984805763,0.5011086474501109,0.4611973392461197,0.49889135254988914,0.5388026607538803,0.0,0.0,0.07760532150776056,0.0022172949002217113,0.039911308203991136,243.0,225.0,0.5388026607538803,0.49889135254988914,120.0,123.0,208.0,226.0,0.4611973392461197,0.5011086474501109,105.0,103.0,0.8517699115044248,-0.054687148313151294,0.8690744920993227,,0.0,0.0,0.8690744920993227,0.12831858407079647,0.01991150442477876,0.8716814159292036,0.9800884955752213,0.0,0.0,0.9601769911504425,0.7433628318584071,0.1084070796460177,443.0,394.0,0.9800884955752213,0.8716814159292036,385.0,58.0,9.0,58.0,0.01991150442477876,0.12831858407079647,9.0,0.0
19,45,dcn,192x96,0.4,5,96,0,0.0008,5e-05,1.4,0.02,384,threshold,1,0.62,0.4887439706985778,0.09410361076394717,0.946343779677113,0.893169814873031,0.9279050042408821,,0.9697950377562028,0.9279050042408821,0.041890033515320724,0.4672364672364672,0.44017094017094016,0.5327635327635327,0.5598290598290598,0.0,0.0,0.11965811965811968,0.0655270655270655,0.027065527065527062,1179.0,1122.0,0.5598290598290598,0.5327635327635327,1094.0,85.0,927.0,984.0,0.44017094017094016,0.4672364672364672,28.0,899.0,0.49667405764966743,-0.0068446176348059985,0.49794238683127573,,0.4951923076923077,0.4951923076923077,0.00275007913896802,0.49889135254988914,0.4611973392461197,0.5011086474501109,0.5388026607538803,0.0,0.0,0.07760532150776056,0.0022172949002217113,0.037694013303769425,243.0,226.0,0.5388026607538803,0.5011086474501109,121.0,122.0,208.0,225.0,0.4611973392461197,0.49889135254988914,105.0,103.0,0.8539823008849557,-0.054144989225906826,0.871331828442438,,0.0,0.0,0.871331828442438,0.1261061946902655,0.01991150442477876,0.8738938053097345,0.9800884955752213,0.0,0.0,0.9601769911504425,0.747787610619469,0.10619469026548672,443.0,395.0,0.9800884955752213,0.8738938053097345,386.0,57.0,9.0,57.0,0.01991150442477876,0.1261061946902655,9.0,0.0
32,45,dcn,320x160,0.4,6,96,0,0.0005,0.0001,1.5,0.05,384,threshold,1,0.27,0.47815913372485186,0.16935806721448898,0.9154795821462488,0.8298031746684964,0.9083969465648855,,0.924487594390507,0.9083969465648855,0.01609064782562153,0.45821462488129155,0.44017094017094016,0.5417853751187085,0.5598290598290598,0.0,0.0,0.11965811965811968,0.08357075023741695,0.018043684710351393,1179.0,1141.0,0.5598290598290598,0.5417853751187085,1071.0,108.0,927.0,965.0,0.44017094017094016,0.45821462488129155,70.0,857.0,0.4878048780487805,-0.024636678460728218,0.4897119341563786,,0.4855769230769231,0.4855769230769231,0.0041350110794555195,0.49889135254988914,0.4611973392461197,0.5011086474501109,0.5388026607538803,0.0,0.0,0.07760532150776056,0.0022172949002217113,0.037694013303769425,243.0,226.0,0.5388026607538803,0.5011086474501109,119.0,124.0,208.0,225.0,0.4611973392461197,0.49889135254988914,107.0,101.0,0.8539823008849557,-0.054144989225906826,0.871331828442438,,0.0,0.0,0.871331828442438,0.1261061946902655,0.01991150442477876,0.8738938053097345,0.9800884955752213,0.0,0.0,0.9601769911504425,0.747787610619469,0.10619469026548672,443.0,395.0,0.9800884955752213,0.8738938053097345,386.0,57.0,9.0,57.0,0.01991150442477876,0.1261061946902655,9.0,0.0
50,44,dcn,256x128,0.55,4,64,0,0.001,0.0003,1.3,0.02,768,threshold,2,0.67,0.4917127006286898,0.10856435944636662,0.9434947768281101,0.8877542204365767,0.9889737065309584,,0.8856526429341963,0.8856526429341963,0.10332106359676207,0.396011396011396,0.44017094017094016,0.603988603988604,0.5598290598290598,0.0,0.0,0.11965811965811968,0.20797720797720798,0.04415954415954415,1179.0,1272.0,0.5598290598290598,0.603988603988604,1166.0,13.0,927.0,834.0,0.44017094017094016,0.396011396011396,106.0,821.0,0.49889135254988914,-0.002051412778155112,0.49794238683127573,,0.5,0.49794238683127573,0.0020576131687242705,0.5011086474501109,0.4611973392461197,0.49889135254988914,0.5388026607538803,0.0,0.0,0.07760532150776056,0.0022172949002217113,0.039911308203991136,243.0,225.0,0.5388026607538803,0.49889135254988914,121.0,122.0,208.0,226.0,0.4611973392461197,0.5011086474501109,104.0,104.0,0.8584070796460177,-0.053052454671817545,0.8758465011286681,,0.0,0.0,0.8758465011286681,0.12168141592920353,0.01991150442477876,0.8783185840707964,0.9800884955752213,0.0,0.0,0.9601769911504425,0.7566371681415929,0.10176991150442477,443.0,397.0,0.9800884955752213,0.8783185840707964,388.0,55.0,9.0,55.0,0.01991150442477876,0.12168141592920353,9.0,0.0
2,44,dcn,320x160,0.4,2,64,0,0.0008,1e-05,1.6,0.02,384,threshold,3,0.64,0.4372532785642541,0.0775107890367508,0.9886039886039886,0.9768846249934745,0.993214588634436,,0.982740021574973,0.982740021574973,0.010474567059463036,0.43637226970560306,0.44017094017094016,0.563627730294397,0.5598290598290598,0.0,0.0,0.11965811965811968,0.1272554605887939,0.003798670465337106,1179.0,1187.0,0.5598290598290598,0.563627730294397,1171.0,8.0,927.0,919.0,0.44017094017094016,0.43637226970560306,16.0,911.0,0.44567627494456763,-0.10811977736944993,0.4444444444444444,,0.44711538461538464,0.4444444444444444,0.002670940170940217,0.5055432372505543,0.4611973392461197,0.49445676274944567,0.5388026607538803,0.0,0.0,0.07760532150776056,0.011086474501108612,0.04434589800443456,243.0,223.0,0.5388026607538803,0.49445676274944567,108.0,135.0,208.0,228.0,0.4611973392461197,0.5055432372505543,115.0,93.0,0.8628318584070797,-0.05194824481648605,0.8803611738148984,,0.0,0.0,0.8803611738148984,0.1172566371681416,0.01991150442477876,0.8827433628318584,0.9800884955752213,0.0,0.0,0.9601769911504425,0.7654867256637168,0.09734513274336283,443.0,399.0,0.9800884955752213,0.8827433628318584,390.0,53.0,9.0,53.0,0.01991150442477876,0.1172566371681416,9.0,0.0
22,45,dcn,192x96,0.55,6,96,0,0.0008,0.0001,1.3,0.02,384,threshold,3,0.78,0.3646394360181623,0.10623856758077939,0.98338081671415,0.9665455781112251,0.9974554707379135,,0.9654800431499461,0.9654800431499461,0.03197542758796745,0.4264007597340931,0.44017094017094016,0.5735992402659069,0.5598290598290598,0.0,0.0,0.11965811965811968,0.14719848053181384,0.01377018043684708,1179.0,1208.0,0.5598290598290598,0.5735992402659069,1176.0,3.0,927.0,898.0,0.44017094017094016,0.4264007597340931,32.0,895.0,0.3835920177383592,-0.23137263747447198,0.3786008230452675,,0.3894230769230769,0.3786008230452675,0.01082225387780944,0.5144124168514412,0.4611973392461197,0.48558758314855877,0.5388026607538803,0.0,0.0,0.07760532150776056,0.02882483370288247,0.053215077605321515,243.0,219.0,0.5388026607538803,0.48558758314855877,92.0,151.0,208.0,232.0,0.4611973392461197,0.5144124168514412,127.0,81.0,0.8672566371681416,-0.05083142599860813,0.8848758465011287,,0.0,0.0,0.8848758465011287,0.11283185840707964,0.01991150442477876,0.8871681415929203,0.9800884955752213,0.0,0.0,0.9601769911504425,0.7743362831858407,0.09292035398230088,443.0,401.0,0.9800884955752213,0.8871681415929203,392.0,51.0,9.0,51.0,0.01991150442477876,0.11283185840707964,9.0,0.0
51,45,dcn,384x192x96,0.5,2,64,0,0.001,0.0001,1.5,0.02,512,threshold,5,0.81,0.44814477903908795,0.08709662556648254,0.9824311490978158,0.964760598475001,0.9991518235793045,,0.9611650485436893,0.9611650485436893,0.037986775035615206,0.4235517568850902,0.44017094017094016,0.5764482431149098,0.5598290598290598,0.0,0.0,0.11965811965811968,0.1528964862298196,0.016619183285849937,1179.0,1214.0,0.5598290598290598,0.5764482431149098,1178.0,1.0,927.0,892.0,0.44017094017094016,0.4235517568850902,36.0,891.0,0.458980044345898,-0.0814301114725578,0.4567901234567901,,0.46153846153846156,0.4567901234567901,0.004748338081671466,0.5055432372505543,0.4611973392461197,0.49445676274944567,0.5388026607538803,0.0,0.0,0.07760532150776056,0.011086474501108612,0.04434589800443456,243.0,223.0,0.5388026607538803,0.49445676274944567,111.0,132.0,208.0,228.0,0.4611973392461197,0.5055432372505543,112.0,96.0,0.8672566371681416,-0.05083142599860813,0.8848758465011287,,0.0,0.0,0.8848758465011287,0.11283185840707964,0.01991150442477876,0.8871681415929203,0.9800884955752213,0.0,0.0,0.9601769911504425,0.7743362831858407,0.09292035398230088,443.0,401.0,0.9800884955752213,0.8871681415929203,392.0,51.0,9.0,51.0,0.01991150442477876,0.11283185840707964,9.0,0.0
44,45,dcn,320x160,0.4,2,96,0,0.0008,0.0003,1.3,0.08,768,threshold,8,0.67,0.42636177808942033,0.2097405195236206,0.9981006647673314,0.9961461498554807,0.998303647158609,,0.9978425026968716,0.9978425026968716,0.000461144461737395,0.44017094017094016,0.44017094017094016,0.5598290598290598,0.5598290598290598,0.0,0.0,0.11965811965811968,0.11965811965811968,0.0,1179.0,1179.0,0.5598290598290598,0.5598290598290598,1177.0,2.0,927.0,927.0,0.44017094017094016,0.44017094017094016,2.0,925.0,0.43237250554323725,-0.13480944326634206,0.43209876543209874,,0.4326923076923077,0.43209876543209874,0.0005935422602089679,0.5055432372505543,0.4611973392461197,0.49445676274944567,0.5388026607538803,0.0,0.0,0.07760532150776056,0.011086474501108612,0.04434589800443456,243.0,223.0,0.5388026607538803,0.49445676274944567,105.0,138.0,208.0,228.0,0.4611973392461197,0.5055432372505543,118.0,90.0,0.8694690265486725,-0.05026797231638165,0.8871331828442438,,0.0,0.0,0.8871331828442438,0.11061946902654868,0.01991150442477876,0.8893805309734514,0.9800884955752213,0.0,0.0,0.9601769911504425,0.7787610619469028,0.09070796460176991,443.0,402.0,0.9800884955752213,0.8893805309734514,393.0,50.0,9.0,50.0,0.01991150442477876,0.11061946902654868,9.0,0.0
65,44,dcn,192x96,0.5,5,96,0,0.001,5e-05,1.5,0.05,512,threshold,2,0.84,0.4224938610270588,0.1788391649723053,0.9439696106362773,0.8886661434499636,0.9889737065309584,,0.8867313915857605,0.8867313915857605,0.10224231494519787,0.39648622981956316,0.44017094017094016,0.6035137701804368,0.5598290598290598,0.0,0.0,0.11965811965811968,0.20702754036087367,0.043684710351377,1179.0,1271.0,0.5598290598290598,0.6035137701804368,1166.0,13.0,927.0,835.0,0.44017094017094016,0.39648622981956316,105.0,822.0,0.4279379157427938,-0.1437059985653061,0.4279835390946502,,0.42788461538461536,0.42788461538461536,9.892371003483724e-05,0.5055432372505543,0.4611973392461197,0.49445676274944567,0.5388026607538803,0.0,0.0,0.07760532150776056,0.011086474501108612,0.04434589800443456,243.0,223.0,0.5388026607538803,0.49445676274944567,104.0,139.0,208.0,228.0,0.4611973392461197,0.5055432372505543,119.0,89.0,0.8805309734513275,-0.04739455434153269,0.8984198645598194,,0.0,0.0,0.8984198645598194,0.09955752212389381,0.01991150442477876,0.9004424778761062,0.9800884955752213,0.0,0.0,0.9601769911504425,0.8008849557522124,0.07964601769911504,443.0,407.0,0.9800884955752213,0.9004424778761062,398.0,45.0,9.0,45.0,0.01991150442477876,0.09955752212389381,9.0,0.0
16,44,dcn,384x192x96,0.4,5,48,0,0.001,5e-05,1.3,0.02,768,threshold,4,0.88,0.38279385649981856,0.08670815328756969,0.9776828110161444,0.955320043644181,0.998303647158609,,0.9514563106796117,0.9514563106796117,0.0468473364789973,0.41975308641975306,0.44017094017094016,0.5802469135802469,0.5598290598290598,0.0,0.0,0.11965811965811968,0.16049382716049387,0.0204178537511871,1179.0,1222.0,0.5598290598290598,0.5802469135802469,1177.0,2.0,927.0,884.0,0.44017094017094016,0.41975308641975306,45.0,882.0,0.3924611973392461,-0.2142175155700316,0.39094650205761317,,0.3942307692307692,0.39094650205761317,0.0032842671731560524,0.5099778270509978,0.4611973392461197,0.49002217294900224,0.5388026607538803,0.0,0.0,0.07760532150776056,0.019955654101995568,0.04878048780487809,243.0,221.0,0.5388026607538803,0.49002217294900224,95.0,148.0,208.0,230.0,0.4611973392461197,0.5099778270509978,126.0,82.0,0.8827433628318584,-0.046807521807177364,0.9006772009029346,,0.0,0.0,0.9006772009029346,0.09734513274336283,0.01991150442477876,0.9026548672566371,0.9800884955752213,0.0,0.0,0.9601769911504425,0.8053097345132743,0.07743362831858407,443.0,408.0,0.9800884955752213,0.9026548672566371,399.0,44.0,9.0,44.0,0.01991150442477876,0.09734513274336283,9.0,0.0
21,44,dcn,384x192x96,0.4,3,48,0,0.0008,1e-05,1.4,0.02,512,threshold,3,0.85,0.4045778172946195,0.08482955694198609,0.966286799620133,0.9328389732873307,0.996607294317218,,0.9277238403451996,0.9277238403451996,0.06888345397201834,0.41025641025641024,0.44017094017094016,0.5897435897435898,0.5598290598290598,0.0,0.0,0.11965811965811968,0.17948717948717952,0.02991452991452992,1179.0,1242.0,0.5598290598290598,0.5897435897435898,1175.0,4.0,927.0,864.0,0.44017094017094016,0.41025641025641024,67.0,860.0,0.4124168514412417,-0.1745090291312252,0.411522633744856,,0.41346153846153844,0.411522633744856,0.0019389047166824547,0.5077605321507761,0.4611973392461197,0.49223946784922396,0.5388026607538803,0.0,0.0,0.07760532150776056,0.015521064301552145,0.04656319290465638,243.0,222.0,0.5388026607538803,0.49223946784922396,100.0,143.0,208.0,229.0,0.4611973392461197,0.5077605321507761,122.0,86.0,0.8982300884955752,-0.04255946944187985,0.9164785553047404,,0.0,0.0,0.9164785553047404,0.08185840707964602,0.01991150442477876,0.918141592920354,0.9800884955752213,0.0,0.0,0.9601769911504425,0.836283185840708,0.061946902654867256,443.0,415.0,0.9800884955752213,0.918141592920354,406.0,37.0,9.0,37.0,0.01991150442477876,0.08185840707964602,9.0,0.0
30,45,dcn,320x160,0.5,4,64,0,0.0003,1e-05,1.3,0.05,768,threshold,6,0.77,0.3719023560249848,0.21300248801708221,0.9686609686609686,0.9375583395682104,0.9974554707379135,,0.9320388349514563,0.9320388349514563,0.06541663578645718,0.4116809116809117,0.44017094017094016,0.5883190883190883,0.5598290598290598,0.0,0.0,0.11965811965811968,0.1766381766381766,0.028490028490028463,1179.0,1239.0,0.5598290598290598,0.5883190883190883,1176.0,3.0,927.0,867.0,0.44017094017094016,0.4116809116809117,63.0,864.0,0.37915742793791574,-0.2409108567531457,0.3786008230452675,,0.3798076923076923,0.3786008230452675,0.0012068692624248034,0.5099778270509978,0.4611973392461197,0.49002217294900224,0.5388026607538803,0.0,0.0,0.07760532150776056,0.019955654101995568,0.04878048780487809,243.0,221.0,0.5388026607538803,0.49002217294900224,92.0,151.0,208.0,230.0,0.4611973392461197,0.5099778270509978,129.0,79.0,0.9004424778761062,-0.04192991448563133,0.9187358916478555,,0.0,0.0,0.9187358916478555,0.07964601769911504,0.01991150442477876,0.9203539823008849,0.9800884955752213,0.0,0.0,0.9601769911504425,0.8407079646017699,0.05973451327433628,443.0,416.0,0.9800884955752213,0.9203539823008849,407.0,36.0,9.0,36.0,0.01991150442477876,0.07964601769911504,9.0,0.0
3,44,dcn,192x96,0.45,2,32,0,0.0005,1e-05,1.6,0.08,384,threshold,2,0.68,0.4701888797993134,0.23811036348342896,0.922602089268756,0.8448420212255227,0.9711620016963528,,0.86084142394822,0.86084142394822,0.11032057774813275,0.3950617283950617,0.44017094017094016,0.6049382716049383,0.5598290598290598,0.0,0.0,0.11965811965811968,0.2098765432098766,0.045109211775878455,1179.0,1274.0,0.5598290598290598,0.6049382716049383,1145.0,34.0,927.0,832.0,0.44017094017094016,0.3950617283950617,129.0,798.0,0.47671840354767187,-0.046531564842960664,0.4773662551440329,,0.47596153846153844,0.47596153846153844,0.001404716682494478,0.5011086474501109,0.4611973392461197,0.49889135254988914,0.5388026607538803,0.0,0.0,0.07760532150776056,0.0022172949002217113,0.039911308203991136,243.0,225.0,0.5388026607538803,0.49889135254988914,116.0,127.0,208.0,226.0,0.4611973392461197,0.5011086474501109,109.0,99.0,0.9070796460176991,-0.040000861980724056,0.9255079006772009,,0.0,0.0,0.9255079006772009,0.07300884955752213,0.01991150442477876,0.9269911504424779,0.9800884955752213,0.0,0.0,0.9601769911504425,0.8539823008849559,0.05309734513274336,443.0,419.0,0.9800884955752213,0.9269911504424779,410.0,33.0,9.0,33.0,0.01991150442477876,0.07300884955752213,9.0,0.0
10,45,dcn,192x96,0.55,6,32,0,0.0003,0.0001,1.4,0.02,512,threshold,6,0.82,0.3464869352267726,0.14425719976425172,0.9629629629629629,0.9264903449176219,0.9974554707379135,,0.919093851132686,0.919093851132686,0.07836161960522747,0.405982905982906,0.44017094017094016,0.594017094017094,0.5598290598290598,0.0,0.0,0.11965811965811968,0.18803418803418803,0.03418803418803418,1179.0,1251.0,0.5598290598290598,0.594017094017094,1176.0,3.0,927.0,855.0,0.44017094017094016,0.405982905982906,75.0,852.0,0.3614190687361419,-0.27587117031071373,0.35802469135802467,,0.36538461538461536,0.35802469135802467,0.007359924026590692,0.5144124168514412,0.4611973392461197,0.48558758314855877,0.5388026607538803,0.0,0.0,0.07760532150776056,0.02882483370288247,0.053215077605321515,243.0,219.0,0.5388026607538803,0.48558758314855877,87.0,156.0,208.0,232.0,0.4611973392461197,0.5144124168514412,132.0,76.0,0.9446902654867256,-0.027304620093677207,0.963882618510158,,0.0,0.0,0.963882618510158,0.035398230088495575,0.01991150442477876,0.9646017699115044,0.9800884955752213,0.0,0.0,0.9601769911504425,0.9292035398230087,0.015486725663716814,443.0,436.0,0.9800884955752213,0.9646017699115044,427.0,16.0,9.0,16.0,0.01991150442477876,0.035398230088495575,9.0,0.0
29,44,dcn,384x192x96,0.55,3,64,0,0.0003,1e-05,1.4,0.05,768,threshold,1,0.61,0.6053036821905386,0.3011481761932373,0.7877492877492878,0.5723824823767274,0.7896522476675149,,0.785329018338727,0.785329018338727,0.004323229328787814,0.4634377967711301,0.44017094017094016,0.5365622032288699,0.5598290598290598,0.0,0.0,0.11965811965811968,0.07312440645773982,0.023266856600189956,1179.0,1130.0,0.5598290598290598,0.5365622032288699,931.0,248.0,927.0,976.0,0.44017094017094016,0.4634377967711301,199.0,728.0,0.6119733924611973,0.22311529596440297,0.6131687242798354,,0.6105769230769231,0.6105769230769231,0.0025918012029122472,0.49002217294900224,0.4611973392461197,0.5099778270509978,0.5388026607538803,0.0,0.0,0.07760532150776056,0.019955654101995568,0.028824833702882524,243.0,230.0,0.5388026607538803,0.5099778270509978,149.0,94.0,208.0,221.0,0.4611973392461197,0.49002217294900224,81.0,127.0,0.9535398230088495,-0.02353876517656244,0.9729119638826185,,0.0,0.0,0.9729119638826185,0.02654867256637168,0.01991150442477876,0.9734513274336283,0.9800884955752213,0.0,0.0,0.9601769911504425,0.9469026548672566,0.00663716814159292,443.0,440.0,0.9800884955752213,0.9734513274336283,431.0,12.0,9.0,12.0,0.01991150442477876,0.02654867256637168,9.0,0.0
35,44,dcn,256x128,0.5,3,64,0,0.0003,0.0001,1.6,0.08,512,threshold,4,0.77,0.5337611540321567,0.24241787195205688,0.936372269705603,0.8754777919317497,0.9957591178965225,,0.86084142394822,0.86084142394822,0.13491769394830244,0.3812915479582146,0.44017094017094016,0.6187084520417854,0.5598290598290598,0.0,0.0,0.11965811965811968,0.23741690408357075,0.058879392212725534,1179.0,1303.0,0.5598290598290598,0.6187084520417854,1174.0,5.0,927.0,803.0,0.44017094017094016,0.3812915479582146,129.0,798.0,0.5388026607538803,0.07732400228245338,0.5390946502057613,,0.5384615384615384,0.5384615384615384,0.0006331117442228695,0.49667405764966743,0.4611973392461197,0.5033259423503326,0.5388026607538803,0.0,0.0,0.07760532150776056,0.006651884700665134,0.03547671840354771,243.0,227.0,0.5388026607538803,0.5033259423503326,131.0,112.0,208.0,224.0,0.4611973392461197,0.49667405764966743,96.0,112.0,0.9646017699115044,-0.017876743388934867,0.9841986455981941,,0.0,0.0,0.9841986455981941,0.015486725663716814,0.01991150442477876,0.9845132743362832,0.9800884955752213,0.0,0.0,0.9601769911504425,0.9690265486725664,0.004424778761061947,443.0,445.0,0.9800884955752213,0.9845132743362832,436.0,7.0,9.0,7.0,0.01991150442477876,0.015486725663716814,9.0,0.0
68,44,dcn,192x96,0.4,6,48,0,0.0003,1e-05,1.3,0.08,512,threshold,2,0.75,0.38279385649981856,0.22391216456890106,0.9278252611585945,0.8564748624496196,0.981340118744699,,0.8597626752966558,0.8597626752966558,0.12157744344804311,0.3888888888888889,0.44017094017094016,0.6111111111111112,0.5598290598290598,0.0,0.0,0.11965811965811968,0.22222222222222227,0.051282051282051266,1179.0,1287.0,0.5598290598290598,0.6111111111111112,1157.0,22.0,927.0,819.0,0.44017094017094016,0.3888888888888889,130.0,797.0,0.3924611973392461,-0.2142175155700316,0.39094650205761317,,0.3942307692307692,0.39094650205761317,0.0032842671731560524,0.5099778270509978,0.4611973392461197,0.49002217294900224,0.5388026607538803,0.0,0.0,0.07760532150776056,0.019955654101995568,0.04878048780487809,243.0,221.0,0.5388026607538803,0.49002217294900224,95.0,148.0,208.0,230.0,0.4611973392461197,0.5099778270509978,126.0,82.0,0.9668141592920354,-0.016532083397243092,0.9864559819413092,,0.0,0.0,0.9864559819413092,0.01327433628318584,0.01991150442477876,0.9867256637168141,0.9800884955752213,0.0,0.0,0.9601769911504425,0.9734513274336283,0.00663716814159292,443.0,446.0,0.9800884955752213,0.9867256637168141,437.0,6.0,9.0,6.0,0.01991150442477876,0.01327433628318584,9.0,0.0
48,44,dcn,192x96,0.5,6,48,0,0.0005,0.0003,1.4,0.05,384,threshold,1,0.68,0.38276909618034277,0.17923369258642197,0.9055080721747388,0.8085510552159371,0.9448685326547922,,0.8554476806903991,0.8554476806903991,0.08942085196439309,0.4074074074074074,0.44017094017094016,0.5925925925925926,0.5598290598290598,0.0,0.0,0.11965811965811968,0.18518518518518517,0.03276353276353278,1179.0,1248.0,0.5598290598290598,0.5925925925925926,1114.0,65.0,927.0,858.0,0.44017094017094016,0.4074074074074074,134.0,793.0,0.3902439024390244,-0.2189944305206569,0.39094650205761317,,0.3894230769230769,0.3894230769230769,0.0015234251345362382,0.5077605321507761,0.4611973392461197,0.49223946784922396,0.5388026607538803,0.0,0.0,0.07760532150776056,0.015521064301552145,0.04656319290465638,243.0,222.0,0.5388026607538803,0.49223946784922396,95.0,148.0,208.0,229.0,0.4611973392461197,0.5077605321507761,127.0,81.0,0.9690265486725663,-0.01507476783057762,0.9887133182844243,,0.0,0.0,0.9887133182844243,0.011061946902654867,0.01991150442477876,0.9889380530973452,0.9800884955752213,0.0,0.0,0.9601769911504425,0.9778761061946903,0.008849557522123894,443.0,447.0,0.9800884955752213,0.9889380530973452,438.0,5.0,9.0,5.0,0.01991150442477876,0.011061946902654867,9.0,0.0
52,44,dcn,384x192x96,0.55,3,48,0,0.0003,0.0001,1.5,0.02,512,threshold,5,0.86,0.39073935010588134,0.15634630620479584,0.9216524216524217,0.8482237319742791,0.996607294317218,,0.8263214670981661,0.8263214670981661,0.17028582721905183,0.36562203228869894,0.44017094017094016,0.6343779677113011,0.5598290598290598,0.0,0.0,0.11965811965811968,0.2687559354226021,0.07454890788224122,1179.0,1336.0,0.5598290598290598,0.6343779677113011,1175.0,4.0,927.0,770.0,0.44017094017094016,0.36562203228869894,161.0,766.0,0.401330376940133,-0.19708533035909034,0.40329218106995884,,0.39903846153846156,0.39903846153846156,0.00425371953149728,0.5055432372505543,0.4611973392461197,0.49445676274944567,0.5388026607538803,0.0,0.0,0.07760532150776056,0.011086474501108612,0.04434589800443456,243.0,223.0,0.5388026607538803,0.49445676274944567,98.0,145.0,208.0,228.0,0.4611973392461197,0.5055432372505543,125.0,83.0,0.9690265486725663,-0.01507476783057762,0.9887133182844243,,0.0,0.0,0.9887133182844243,0.011061946902654867,0.01991150442477876,0.9889380530973452,0.9800884955752213,0.0,0.0,0.9601769911504425,0.9778761061946903,0.008849557522123894,443.0,447.0,0.9800884955752213,0.9889380530973452,438.0,5.0,9.0,5.0,0.01991150442477876,0.011061946902654867,9.0,0.0
54,44,dcn,256x128,0.6,3,64,0,0.0003,0.0001,1.4,0.05,768,threshold,7,0.81,0.507299061597842,0.24899146954218546,0.9415954415954416,0.8858514643918801,0.998303647158609,,0.8694714131607335,0.8694714131607335,0.12883223399787547,0.38366571699905033,0.44017094017094016,0.6163342830009497,0.5598290598290598,0.0,0.0,0.11965811965811968,0.2326685660018994,0.05650522317188983,1179.0,1298.0,0.5598290598290598,0.6163342830009497,1177.0,2.0,927.0,808.0,0.44017094017094016,0.38366571699905033,121.0,806.0,0.516629711751663,0.032842975459256345,0.5185185185185185,,0.5144230769230769,0.5144230769230769,0.004095441595441618,0.49667405764966743,0.4611973392461197,0.5033259423503326,0.5388026607538803,0.0,0.0,0.07760532150776056,0.006651884700665134,0.03547671840354771,243.0,227.0,0.5388026607538803,0.5033259423503326,126.0,117.0,208.0,224.0,0.4611973392461197,0.49667405764966743,101.0,107.0,0.9690265486725663,-0.01507476783057762,0.9887133182844243,,0.0,0.0,0.9887133182844243,0.011061946902654867,0.01991150442477876,0.9889380530973452,0.9800884955752213,0.0,0.0,0.9601769911504425,0.9778761061946903,0.008849557522123894,443.0,447.0,0.9800884955752213,0.9889380530973452,438.0,5.0,9.0,5.0,0.01991150442477876,0.011061946902654867,9.0,0.0
51,44,dcn,384x192x96,0.5,2,64,0,0.001,0.0001,1.5,0.02,512,threshold,2,0.77,0.4993288076723036,0.10775118172168732,0.959639126305793,0.9180600297532866,0.9703138252756573,,0.9460625674217907,0.9460625674217907,0.024251257853866615,0.43304843304843305,0.44017094017094016,0.5669515669515669,0.5598290598290598,0.0,0.0,0.11965811965811968,0.13390313390313385,0.007122507122507116,1179.0,1194.0,0.5598290598290598,0.5669515669515669,1144.0,35.0,927.0,912.0,0.44017094017094016,0.43304843304843305,50.0,877.0,0.5055432372505543,0.010947443191116223,0.5061728395061729,,0.5048076923076923,0.5048076923076923,0.0013651471984805763,0.49889135254988914,0.4611973392461197,0.5011086474501109,0.5388026607538803,0.0,0.0,0.07760532150776056,0.0022172949002217113,0.037694013303769425,243.0,226.0,0.5388026607538803,0.5011086474501109,123.0,120.0,208.0,225.0,0.4611973392461197,0.49889135254988914,103.0,105.0,0.9756637168141593,-0.009502286762911597,0.9954853273137697,,0.0,0.0,0.9954853273137697,0.004424778761061947,0.01991150442477876,0.995575221238938,0.9800884955752213,0.0,0.0,0.9601769911504425,0.9911504424778761,0.015486725663716814,443.0,450.0,0.9800884955752213,0.995575221238938,441.0,2.0,9.0,2.0,0.01991150442477876,0.004424778761061947,9.0,0.0
47,45,dcn,384x192x96,0.55,6,96,0,0.0003,1e-05,1.3,0.02,512,threshold,5,0.82,0.34285739491362804,0.1103296309709549,0.9895536562203229,0.9789374384970991,0.9991518235793045,,0.9773462783171522,0.9773462783171522,0.021805545262152393,0.43067426400759734,0.44017094017094016,0.5693257359924027,0.5598290598290598,0.0,0.0,0.11965811965811968,0.13865147198480532,0.009496676163342821,1179.0,1199.0,0.5598290598290598,0.5693257359924027,1178.0,1.0,927.0,907.0,0.44017094017094016,0.43067426400759734,21.0,906.0,0.35033259423503327,-0.2984305289539033,0.3497942386831276,,0.35096153846153844,0.3497942386831276,0.0011672997784108463,0.5121951219512195,0.4611973392461197,0.4878048780487805,0.5388026607538803,0.0,0.0,0.07760532150776056,0.024390243902439046,0.0509977827050998,243.0,220.0,0.5388026607538803,0.4878048780487805,85.0,158.0,208.0,231.0,0.4611973392461197,0.5121951219512195,135.0,73.0,0.9800884955752213,0.0,1.0,,0.0,0.0,1.0,0.0,0.01991150442477876,1.0,0.9800884955752213,0.0,0.0,0.9601769911504425,1.0,0.01991150442477876,443.0,452.0,0.9800884955752213,1.0,443.0,0.0,9.0,0.0,0.01991150442477876,0.0,9.0,0.0
