model,model_type,seed,epochs,batch_size,lr,weight_decay,dropout,cross_layers,cross_rank,embed_dim,hidden_dims,cutoff_kind,best_epoch,best_margin,best_val_score,train_loss_last,train_acc,train_mcc,train_recall_down,train_recall_sideways,train_recall_up,train_recall_min,train_recall_gap,train_pred_up_share,train_true_up_share,train_pred_down_share,train_true_down_share,train_pred_sideways_share,train_true_sideways_share,train_true_balance_gap_ud,train_pred_balance_gap_ud,train_pred_target_gap,train_support_true_0,train_support_pred_0,train_share_true_0,train_share_pred_0,train_cm_00,train_cm_01,train_support_true_1,train_support_pred_1,train_share_true_1,train_share_pred_1,train_cm_10,train_cm_11,val_acc,val_mcc,val_recall_down,val_recall_sideways,val_recall_up,val_recall_min,val_recall_gap,val_pred_up_share,val_true_up_share,val_pred_down_share,val_true_down_share,val_pred_sideways_share,val_true_sideways_share,val_true_balance_gap_ud,val_pred_balance_gap_ud,val_pred_target_gap,val_support_true_0,val_support_pred_0,val_share_true_0,val_share_pred_0,val_cm_00,val_cm_01,val_support_true_1,val_support_pred_1,val_share_true_1,val_share_pred_1,val_cm_10,val_cm_11,test_acc,test_mcc,test_recall_down,test_recall_sideways,test_recall_up,test_recall_min,test_recall_gap,test_pred_up_share,test_true_up_share,test_pred_down_share,test_true_down_share,test_pred_sideways_share,test_true_sideways_share,test_true_balance_gap_ud,test_pred_balance_gap_ud,test_pred_target_gap,test_support_true_0,test_support_pred_0,test_share_true_0,test_share_pred_0,test_cm_00,test_cm_01,test_support_true_1,test_support_pred_1,test_share_true_1,test_share_pred_1,test_cm_10,test_cm_11
dcn_dropout_high,dcn,45,6,512,0.001,0.0001,0.4,3,64,32,384x192x96,threshold,6,0.59,0.4045778172946195,0.0941100537776947,0.9990503323836656,0.9980753712152772,0.998303647158609,,1.0,0.998303647158609,0.001696352841391,0.4411206077872744,0.4401709401709401,0.5588793922127255,0.5598290598290598,0.0,0.0,0.1196581196581196,0.117758784425451,0.0009496676163343,1179.0,1177.0,0.5598290598290598,0.5588793922127255,1177.0,2.0,927.0,929.0,0.4401709401709401,0.4411206077872744,0.0,927.0,0.4124168514412417,-0.1745090291312252,0.411522633744856,,0.4134615384615384,0.411522633744856,0.0019389047166824,0.5077605321507761,0.4611973392461197,0.4922394678492239,0.5388026607538803,0.0,0.0,0.0776053215077605,0.0155210643015521,0.0465631929046563,243.0,222.0,0.5388026607538803,0.4922394678492239,100.0,143.0,208.0,229.0,0.4611973392461197,0.5077605321507761,122.0,86.0,0.6703539823008849,0.1314438122328391,0.6681715575620768,,0.7777777777777778,0.6681715575620768,0.1096062202157009,0.3407079646017699,0.0199115044247787,0.6592920353982301,0.9800884955752212,0.0,0.0,0.9601769911504424,0.3185840707964602,0.3207964601769911,443.0,298.0,0.9800884955752212,0.6592920353982301,296.0,147.0,9.0,154.0,0.0199115044247787,0.3407079646017699,2.0,7.0
dcn_cross_heavy,dcn,44,6,512,0.001,0.0001,0.15,6,128,32,384x192x96,threshold,4,0.48,0.4699287398338888,0.1059387996792793,0.9971509971509972,0.9942197382317152,0.998303647158609,,0.9956850053937432,0.9956850053937432,0.0026186417648657,0.4392212725546059,0.4401709401709401,0.5607787274453941,0.5598290598290598,0.0,0.0,0.1196581196581196,0.1215574548907882,0.0009496676163342,1179.0,1181.0,0.5598290598290598,0.5607787274453941,1177.0,2.0,927.0,925.0,0.4401709401709401,0.4392212725546059,4.0,923.0,0.4789356984478936,-0.0417391808238957,0.4773662551440329,,0.4807692307692308,0.4773662551440329,0.0034029756251978,0.5033259423503326,0.4611973392461197,0.4966740576496674,0.5388026607538803,0.0,0.0,0.0776053215077605,0.0066518847006651,0.0421286031042128,243.0,224.0,0.5388026607538803,0.4966740576496674,116.0,127.0,208.0,227.0,0.4611973392461197,0.5033259423503326,108.0,100.0,0.8893805309734514,0.2434052980395101,0.8939051918735892,,0.6666666666666666,0.6666666666666666,0.2272385252069225,0.1172566371681416,0.0199115044247787,0.8827433628318584,0.9800884955752212,0.0,0.0,0.9601769911504424,0.7654867256637168,0.0973451327433628,443.0,399.0,0.9800884955752212,0.8827433628318584,396.0,47.0,9.0,53.0,0.0199115044247787,0.1172566371681416,3.0,6.0
deepfm_embed128,deepfm,45,6,512,0.001,0.0001,0.15,3,64,128,384x192x96,threshold,3,0.9,0.0305575936910625,1.6257523536682128,0.6538461538461539,0.2859095262451366,0.8303647158608991,,0.4293419633225458,0.4293419633225458,0.4010227525383532,0.2839506172839506,0.4401709401709401,0.7160493827160493,0.5598290598290598,0.0,0.0,0.1196581196581196,0.4320987654320987,0.1562203228869895,1179.0,1508.0,0.5598290598290598,0.7160493827160493,979.0,200.0,927.0,598.0,0.4401709401709401,0.2839506172839506,529.0,398.0,0.5011086474501109,0.0342986500776033,0.3251028806584362,,0.7067307692307693,0.3251028806584362,0.381627888572333,0.6895787139689579,0.4611973392461197,0.3104212860310421,0.5388026607538803,0.0,0.0,0.0776053215077605,0.3791574279379157,0.2283813747228381,243.0,140.0,0.5388026607538803,0.3104212860310421,79.0,164.0,208.0,311.0,0.4611973392461197,0.6895787139689579,61.0,147.0,0.5929203539823009,0.1039231810742359,0.5891647855530474,,0.7777777777777778,0.5891647855530474,0.1886129922247303,0.4181415929203539,0.0199115044247787,0.581858407079646,0.9800884955752212,0.0,0.0,0.9601769911504424,0.163716814159292,0.3982300884955752,443.0,263.0,0.9800884955752212,0.581858407079646,261.0,182.0,9.0,189.0,0.0199115044247787,0.4181415929203539,2.0,7.0
deepfm_narrow,deepfm,43,6,512,0.001,0.0001,0.15,3,64,32,256x128,threshold,1,0.8,0.462667739517333,0.2679934352636337,0.6747388414055081,0.3338141943670165,0.8600508905852418,,0.4390507011866235,0.4390507011866235,0.4210001893986182,0.2716049382716049,0.4401709401709401,0.7283950617283951,0.5598290598290598,0.0,0.0,0.1196581196581196,0.4567901234567901,0.1685660018993352,1179.0,1534.0,0.5598290598290598,0.7283950617283951,1014.0,165.0,927.0,572.0,0.4401709401709401,0.2716049382716049,520.0,407.0,0.4700665188470067,-0.0595315915531745,0.4691358024691358,,0.4711538461538461,0.4691358024691358,0.0020180436847103,0.5033259423503326,0.4611973392461197,0.4966740576496674,0.5388026607538803,0.0,0.0,0.0776053215077605,0.0066518847006651,0.0421286031042128,243.0,224.0,0.5388026607538803,0.4966740576496674,114.0,129.0,208.0,227.0,0.4611973392461197,0.5033259423503326,110.0,98.0,0.9446902654867256,0.30487713151619,0.9525959367945824,,0.5555555555555556,0.5555555555555556,0.3970403812390268,0.0575221238938053,0.0199115044247787,0.9424778761061948,0.9800884955752212,0.0,0.0,0.9601769911504424,0.8849557522123894,0.0376106194690265,443.0,426.0,0.9800884955752212,0.9424778761061948,422.0,21.0,9.0,26.0,0.0199115044247787,0.0575221238938053,4.0,5.0
deepfm_narrow,deepfm,45,6,512,0.001,0.0001,0.15,3,64,32,256x128,threshold,3,0.54,0.366891840719754,0.2022794485092163,0.8513770180436847,0.697523311194143,0.8931297709923665,,0.7982740021574973,0.7982740021574973,0.0948557688348691,0.4112060778727445,0.4401709401709401,0.5887939221272555,0.5598290598290598,0.0,0.0,0.1196581196581196,0.1775878442545109,0.0289648622981956,1179.0,1240.0,0.5598290598290598,0.5887939221272555,1053.0,126.0,927.0,866.0,0.4401709401709401,0.4112060778727445,187.0,740.0,0.376940133037694,-0.2456856713543159,0.3786008230452675,,0.375,0.375,0.0036008230452674,0.5077605321507761,0.4611973392461197,0.4922394678492239,0.5388026607538803,0.0,0.0,0.0776053215077605,0.0155210643015521,0.0465631929046563,243.0,222.0,0.5388026607538803,0.4922394678492239,92.0,151.0,208.0,229.0,0.4611973392461197,0.5077605321507761,130.0,78.0,0.7123893805309734,0.0501978419133752,0.7178329571106095,,0.4444444444444444,0.4444444444444444,0.273388512666165,0.2853982300884956,0.0199115044247787,0.7146017699115044,0.9800884955752212,0.0,0.0,0.9601769911504424,0.4292035398230088,0.2654867256637168,443.0,323.0,0.9800884955752212,0.7146017699115044,318.0,125.0,9.0,129.0,0.0199115044247787,0.2853982300884956,5.0,4.0
dcn_high_dropout,dcn,45,6,512,0.001,0.0001,0.3,3,64,32,384x192x96,threshold,6,0.61,0.459037239359055,0.089480385184288,0.9990503323836656,0.9980730749277404,0.9991518235793044,,0.9989212513484358,0.9989212513484358,0.0002305722308687,0.4401709401709401,0.4401709401709401,0.5598290598290598,0.5598290598290598,0.0,0.0,0.1196581196581196,0.1196581196581196,0.0,1179.0,1179.0,0.5598290598290598,0.5598290598290598,1178.0,1.0,927.0,927.0,0.4401709401709401,0.4401709401709401,1.0,926.0,0.4656319290465632,-0.0684277969178139,0.4650205761316872,,0.4663461538461538,0.4650205761316872,0.0013255777144666,0.5033259423503326,0.4611973392461197,0.4966740576496674,0.5388026607538803,0.0,0.0,0.0776053215077605,0.0066518847006651,0.0421286031042128,243.0,224.0,0.5388026607538803,0.4966740576496674,113.0,130.0,208.0,227.0,0.4611973392461197,0.5033259423503326,111.0,97.0,0.7323008849557522,0.0577628478146192,0.7381489841986456,,0.4444444444444444,0.4444444444444444,0.2937045397542012,0.2654867256637168,0.0199115044247787,0.7345132743362832,0.9800884955752212,0.0,0.0,0.9601769911504424,0.4690265486725664,0.245575221238938,443.0,332.0,0.9800884955752212,0.7345132743362832,327.0,116.0,9.0,120.0,0.0199115044247787,0.2654867256637168,5.0,4.0
deepfm_embed96,deepfm,43,6,512,0.001,0.0001,0.15,3,64,96,384x192x96,threshold,6,0.69,0.4596040428255876,1.1434812664985656,0.835707502374169,0.6727331357888138,0.8142493638676844,,0.8629989212513485,0.8142493638676844,0.048749557383664,0.4838556505223172,0.4401709401709401,0.5161443494776828,0.5598290598290598,0.0,0.0,0.1196581196581196,0.0322886989553656,0.043684710351377,1179.0,1087.0,0.5598290598290598,0.5161443494776828,960.0,219.0,927.0,1019.0,0.4401709401709401,0.4838556505223172,127.0,800.0,0.4678492239467849,-0.0643236256688828,0.4691358024691358,,0.4663461538461538,0.4663461538461538,0.0027896486229819,0.5011086474501109,0.4611973392461197,0.4988913525498891,0.5388026607538803,0.0,0.0,0.0776053215077605,0.0022172949002217,0.0399113082039911,243.0,225.0,0.5388026607538803,0.4988913525498891,114.0,129.0,208.0,226.0,0.4611973392461197,0.5011086474501109,111.0,97.0,0.7676991150442478,0.0725917181128106,0.7742663656884876,,0.4444444444444444,0.4444444444444444,0.3298219212440432,0.2300884955752212,0.0199115044247787,0.7699115044247787,0.9800884955752212,0.0,0.0,0.9601769911504424,0.5398230088495575,0.2101769911504424,443.0,348.0,0.9800884955752212,0.7699115044247787,343.0,100.0,9.0,104.0,0.0199115044247787,0.2300884955752212,5.0,4.0
dcn_cross_heavy,dcn,43,6,512,0.001,0.0001,0.15,6,128,32,384x192x96,threshold,2,0.85,0.3218746573861749,0.1046893209218979,0.9515669515669516,0.9043097026925874,0.9957591178965224,,0.895361380798274,0.895361380798274,0.1003977370982485,0.3964862298195631,0.4401709401709401,0.6035137701804368,0.5598290598290598,0.0,0.0,0.1196581196581196,0.2070275403608736,0.043684710351377,1179.0,1271.0,0.5598290598290598,0.6035137701804368,1174.0,5.0,927.0,835.0,0.4401709401709401,0.3964862298195631,97.0,830.0,0.3348115299334812,-0.3298886606968593,0.3374485596707819,,0.3317307692307692,0.3317307692307692,0.0057177904400126,0.5099778270509978,0.4611973392461197,0.4900221729490022,0.5388026607538803,0.0,0.0,0.0776053215077605,0.0199556541019955,0.048780487804878,243.0,221.0,0.5388026607538803,0.4900221729490022,82.0,161.0,208.0,230.0,0.4611973392461197,0.5099778270509978,139.0,69.0,0.4601769911504424,-0.057097576995435,0.4627539503386004,,0.3333333333333333,0.3333333333333333,0.1294206170052671,0.5331858407079646,0.0199115044247787,0.4668141592920354,0.9800884955752212,0.0,0.0,0.9601769911504424,0.0663716814159292,0.5132743362831859,443.0,211.0,0.9800884955752212,0.4668141592920354,205.0,238.0,9.0,241.0,0.0199115044247787,0.5331858407079646,6.0,3.0
deepfm_embed64,deepfm,43,6,512,0.001,0.0001,0.15,3,64,64,384x192x96,threshold,5,0.62,0.5098661612652128,0.3735798954963684,0.8736942070275404,0.7489297570898443,0.9584393553859204,,0.7659115426105717,0.7659115426105717,0.1925278127753485,0.3603988603988604,0.4401709401709401,0.6396011396011396,0.5598290598290598,0.0,0.0,0.1196581196581196,0.2792022792022792,0.0797720797720797,1179.0,1347.0,0.5598290598290598,0.6396011396011396,1130.0,49.0,927.0,759.0,0.4401709401709401,0.3603988603988604,217.0,710.0,0.5144124168514412,0.0287395040170384,0.51440329218107,,0.5144230769230769,0.51440329218107,1.978474200692304e-05,0.4988913525498891,0.4611973392461197,0.5011086474501109,0.5388026607538803,0.0,0.0,0.0776053215077605,0.0022172949002217,0.0376940133037694,243.0,226.0,0.5388026607538803,0.5011086474501109,125.0,118.0,208.0,225.0,0.4611973392461197,0.4988913525498891,101.0,107.0,0.5265486725663717,-0.0381352820523016,0.5304740406320542,,0.3333333333333333,0.3333333333333333,0.1971407072987208,0.4668141592920354,0.0199115044247787,0.5331858407079646,0.9800884955752212,0.0,0.0,0.9601769911504424,0.0663716814159292,0.4469026548672566,443.0,241.0,0.9800884955752212,0.5331858407079646,235.0,208.0,9.0,211.0,0.0199115044247787,0.4668141592920354,6.0,3.0
deepfm_base,deepfm,43,6,512,0.001,0.0001,0.15,3,64,32,384x192x96,threshold,2,0.38,0.557608663418284,0.2805899798870087,0.6685660018993352,0.323231167354348,0.8778625954198473,,0.4023732470334412,0.4023732470334412,0.4754893483864061,0.2454890788224121,0.4401709401709401,0.7545109211775879,0.5598290598290598,0.0,0.0,0.1196581196581196,0.5090218423551758,0.194681861348528,1179.0,1589.0,0.5598290598290598,0.7545109211775879,1035.0,144.0,927.0,517.0,0.4401709401709401,0.2454890788224121,554.0,373.0,0.5631929046563193,0.125912887967378,0.5637860082304527,,0.5625,0.5625,0.0012860082304526,0.4944567627494456,0.4611973392461197,0.5055432372505543,0.5388026607538803,0.0,0.0,0.0776053215077605,0.0110864745011086,0.0332594235033259,243.0,228.0,0.5388026607538803,0.5055432372505543,137.0,106.0,208.0,223.0,0.4611973392461197,0.4944567627494456,91.0,117.0,0.7035398230088495,0.013669794458931,0.7110609480812641,,0.3333333333333333,0.3333333333333333,0.3777276147479307,0.2898230088495575,0.0199115044247787,0.7101769911504425,0.9800884955752212,0.0,0.0,0.9601769911504424,0.420353982300885,0.2699115044247788,443.0,321.0,0.9800884955752212,0.7101769911504425,315.0,128.0,9.0,131.0,0.0199115044247787,0.2898230088495575,6.0,3.0
dcn_cross_light,dcn,44,6,512,0.001,0.0001,0.15,2,32,32,384x192x96,threshold,6,0.86,0.377539930083968,0.0930550083518028,0.99335232668566,0.9865797619996708,1.0,,0.9848975188781014,0.9848975188781014,0.0151024811218986,0.4335232668566002,0.4401709401709401,0.5664767331433999,0.5598290598290598,0.0,0.0,0.1196581196581196,0.1329534662867996,0.0066476733143399,1179.0,1193.0,0.5598290598290598,0.5664767331433999,1179.0,0.0,927.0,913.0,0.4401709401709401,0.4335232668566002,14.0,913.0,0.3946784922394678,-0.2107670827520444,0.3991769547325103,,0.3894230769230769,0.3894230769230769,0.0097538778094333,0.5033259423503326,0.4611973392461197,0.4966740576496674,0.5388026607538803,0.0,0.0,0.0776053215077605,0.0066518847006651,0.0421286031042128,243.0,224.0,0.5388026607538803,0.4966740576496674,97.0,146.0,208.0,227.0,0.4611973392461197,0.5033259423503326,127.0,81.0,0.7477876106194691,0.0290607233016792,0.7562076749435666,,0.3333333333333333,0.3333333333333333,0.4228743416102332,0.245575221238938,0.0199115044247787,0.754424778761062,0.9800884955752212,0.0,0.0,0.9601769911504424,0.5088495575221239,0.2256637168141592,443.0,341.0,0.9800884955752212,0.754424778761062,335.0,108.0,9.0,111.0,0.0199115044247787,0.245575221238938,6.0,3.0
dcn_dropout_low,dcn,45,6,512,0.001,0.0001,0.08,3,64,32,384x192x96,threshold,5,0.68,0.4336227784059762,0.0789430558681488,0.9971509971509972,0.9942239478095214,0.9991518235793044,,0.9946062567421792,0.9946062567421792,0.0045455668371254,0.4382716049382716,0.4401709401709401,0.5617283950617284,0.5598290598290598,0.0,0.0,0.1196581196581196,0.1234567901234568,0.0018993352326685,1179.0,1183.0,0.5598290598290598,0.5617283950617284,1178.0,1.0,927.0,923.0,0.4401709401709401,0.4382716049382716,5.0,922.0,0.4412416851441241,-0.1170163326684139,0.4403292181069959,,0.4423076923076923,0.4403292181069959,0.0019784742006964,0.5055432372505543,0.4611973392461197,0.4944567627494456,0.5388026607538803,0.0,0.0,0.0776053215077605,0.0110864745011086,0.0443458980044345,243.0,223.0,0.5388026607538803,0.4944567627494456,107.0,136.0,208.0,228.0,0.4611973392461197,0.5055432372505543,116.0,92.0,0.7522123893805309,0.0307148105488805,0.7607223476297968,,0.3333333333333333,0.3333333333333333,0.4273890142964635,0.2411504424778761,0.0199115044247787,0.7588495575221239,0.9800884955752212,0.0,0.0,0.9601769911504424,0.5176991150442478,0.2212389380530973,443.0,343.0,0.9800884955752212,0.7588495575221239,337.0,106.0,9.0,109.0,0.0199115044247787,0.2411504424778761,6.0,3.0
dcn_cross_light,dcn,42,6,512,0.001,0.0001,0.15,2,32,32,384x192x96,threshold,4,0.73,0.4357565334394602,0.0869791284203529,0.9819563152896488,0.9637656635159568,0.998303647158609,,0.9611650485436892,0.9611650485436892,0.0371385986149196,0.4240265906932574,0.4401709401709401,0.5759734093067427,0.5598290598290598,0.0,0.0,0.1196581196581196,0.1519468186134853,0.0161443494776827,1179.0,1213.0,0.5598290598290598,0.5759734093067427,1177.0,2.0,927.0,893.0,0.4401709401709401,0.4240265906932574,36.0,891.0,0.4434589800443459,-0.112908823741011,0.4444444444444444,,0.4423076923076923,0.4423076923076923,0.0021367521367521,0.5033259423503326,0.4611973392461197,0.4966740576496674,0.5388026607538803,0.0,0.0,0.0776053215077605,0.0066518847006651,0.0421286031042128,243.0,224.0,0.5388026607538803,0.4966740576496674,108.0,135.0,208.0,227.0,0.4611973392461197,0.5033259423503326,116.0,92.0,0.8097345132743363,0.0551114636962686,0.8194130925507901,,0.3333333333333333,0.3333333333333333,0.4860797592174568,0.1836283185840708,0.0199115044247787,0.8163716814159292,0.9800884955752212,0.0,0.0,0.9601769911504424,0.6327433628318584,0.163716814159292,443.0,369.0,0.9800884955752212,0.8163716814159292,363.0,80.0,9.0,83.0,0.0199115044247787,0.1836283185840708,6.0,3.0
deepfm_wider_mlp,deepfm,43,6,512,0.001,0.0001,0.15,3,64,32,512x256x128,threshold,2,0.5,0.4596672952160757,0.2737930178642273,0.5916429249762583,0.1454946998912771,0.7871077184054284,,0.343042071197411,0.343042071197411,0.4440656472080174,0.2701804368471035,0.4401709401709401,0.7298195631528965,0.5598290598290598,0.0,0.0,0.1196581196581196,0.459639126305793,0.1699905033238366,1179.0,1537.0,0.5598290598290598,0.7298195631528965,928.0,251.0,927.0,569.0,0.4401709401709401,0.2701804368471035,609.0,318.0,0.4767184035476718,-0.0472228728224983,0.4814814814814814,,0.4711538461538461,0.4711538461538461,0.0103276353276353,0.4966740576496674,0.4611973392461197,0.5033259423503326,0.5388026607538803,0.0,0.0,0.0776053215077605,0.0066518847006651,0.0354767184035477,243.0,227.0,0.5388026607538803,0.5033259423503326,117.0,126.0,208.0,224.0,0.4611973392461197,0.4966740576496674,110.0,98.0,0.834070796460177,0.0677878864542332,0.8442437923250564,,0.3333333333333333,0.3333333333333333,0.510910458991723,0.1592920353982301,0.0199115044247787,0.8407079646017699,0.9800884955752212,0.0,0.0,0.9601769911504424,0.6814159292035398,0.1393805309734513,443.0,380.0,0.9800884955752212,0.8407079646017699,374.0,69.0,9.0,72.0,0.0199115044247787,0.1592920353982301,6.0,3.0
dcn_cross_light,dcn,45,6,512,0.001,0.0001,0.15,2,32,32,384x192x96,threshold,4,0.89,0.40661660556647,0.0844925835728645,0.9719848053181388,0.9443143203300516,1.0,,0.9363538295577132,0.9363538295577132,0.0636461704422869,0.4121557454890788,0.4401709401709401,0.5878442545109211,0.5598290598290598,0.0,0.0,0.1196581196581196,0.1756885090218423,0.0280151946818613,1179.0,1238.0,0.5598290598290598,0.5878442545109211,1179.0,0.0,927.0,868.0,0.4401709401709401,0.4121557454890788,59.0,868.0,0.4146341463414634,-0.1703956644621982,0.4156378600823045,,0.4134615384615384,0.4134615384615384,0.002176321620766,0.5055432372505543,0.4611973392461197,0.4944567627494456,0.5388026607538803,0.0,0.0,0.0776053215077605,0.0110864745011086,0.0443458980044345,243.0,223.0,0.5388026607538803,0.4944567627494456,101.0,142.0,208.0,228.0,0.4611973392461197,0.5055432372505543,122.0,86.0,0.8495575221238938,0.0769873018636019,0.8600451467268623,,0.3333333333333333,0.3333333333333333,0.5267118133935289,0.1438053097345132,0.0199115044247787,0.8561946902654868,0.9800884955752212,0.0,0.0,0.9601769911504424,0.7123893805309736,0.1238938053097345,443.0,387.0,0.9800884955752212,0.8561946902654868,381.0,62.0,9.0,65.0,0.0199115044247787,0.1438053097345132,6.0,3.0
deepfm_embed96,deepfm,42,6,512,0.001,0.0001,0.15,3,64,96,384x192x96,threshold,5,0.89,0.3246943358257722,1.3300443887710571,0.7891737891737892,0.569985020547884,0.8566581849024597,,0.703344120819849,0.703344120819849,0.1533140640826107,0.3898385565052232,0.4401709401709401,0.6101614434947769,0.5598290598290598,0.0,0.0,0.1196581196581196,0.2203228869895536,0.0503323836657169,1179.0,1285.0,0.5598290598290598,0.6101614434947769,1010.0,169.0,927.0,821.0,0.4401709401709401,0.3898385565052232,275.0,652.0,0.401330376940133,-0.1927572743989949,0.3744855967078189,,0.4326923076923077,0.3744855967078189,0.0582067109844887,0.5365853658536586,0.4611973392461197,0.4634146341463415,0.5388026607538803,0.0,0.0,0.0776053215077605,0.073170731707317,0.0753880266075388,243.0,209.0,0.5388026607538803,0.4634146341463415,91.0,152.0,208.0,242.0,0.4611973392461197,0.5365853658536586,118.0,90.0,0.2920353982300885,-0.0151291795565814,0.2844243792325056,,0.6666666666666666,0.2844243792325056,0.382242287434161,0.7146017699115044,0.0199115044247787,0.2853982300884956,0.9800884955752212,0.0,0.0,0.9601769911504424,0.4292035398230088,0.6946902654867256,443.0,129.0,0.9800884955752212,0.2853982300884956,126.0,317.0,9.0,323.0,0.0199115044247787,0.7146017699115044,3.0,6.0
deepfm_narrow,deepfm,44,6,512,0.001,0.0001,0.15,3,64,32,256x128,threshold,1,0.79,0.57106109300215,0.3234947741031647,0.6847103513770181,0.3718658961761392,0.6658184902459712,,0.7087378640776699,0.6658184902459712,0.0429193738316987,0.4990503323836657,0.4401709401709401,0.5009496676163343,0.5598290598290598,0.0,0.0,0.1196581196581196,0.0018993352326686,0.0588793922127255,1179.0,1055.0,0.5598290598290598,0.5009496676163343,785.0,394.0,927.0,1051.0,0.4401709401709401,0.4990503323836657,270.0,657.0,0.6053215077605322,0.2081857373892458,0.6172839506172839,,0.5913461538461539,0.5913461538461539,0.02593779677113,0.4789356984478936,0.4611973392461197,0.5210643015521065,0.5388026607538803,0.0,0.0,0.0776053215077605,0.0421286031042129,0.0177383592017738,243.0,235.0,0.5388026607538803,0.5210643015521065,150.0,93.0,208.0,216.0,0.4611973392461197,0.4789356984478936,85.0,123.0,0.2787610619469026,-0.1203351666269629,0.2776523702031602,,0.3333333333333333,0.2776523702031602,0.055680963130173,0.7146017699115044,0.0199115044247787,0.2853982300884956,0.9800884955752212,0.0,0.0,0.9601769911504424,0.4292035398230088,0.6946902654867256,443.0,129.0,0.9800884955752212,0.2853982300884956,123.0,320.0,9.0,323.0,0.0199115044247787,0.7146017699115044,6.0,3.0
deepfm_xwide,deepfm,44,6,512,0.001,0.0001,0.15,3,64,32,640x320x160,threshold,2,0.36,0.411837857766042,0.2167864173650741,0.7169990503323836,0.50182986110371,0.5513146734520781,,0.9277238403451996,0.5513146734520781,0.3764091668931215,0.6595441595441596,0.4401709401709401,0.3404558404558404,0.5598290598290598,0.0,0.0,0.1196581196581196,0.3190883190883191,0.2193732193732194,1179.0,717.0,0.5598290598290598,0.3404558404558404,650.0,529.0,927.0,1389.0,0.4401709401709401,0.6595441595441596,67.0,860.0,0.4279379157427938,-0.1430352724150607,0.4238683127572016,,0.4326923076923077,0.4238683127572016,0.008823994935106,0.5099778270509978,0.4611973392461197,0.4900221729490022,0.5388026607538803,0.0,0.0,0.0776053215077605,0.0199556541019955,0.048780487804878,243.0,221.0,0.5388026607538803,0.4900221729490022,103.0,140.0,208.0,230.0,0.4611973392461197,0.5099778270509978,118.0,90.0,0.245575221238938,0.0769458949611382,0.2302483069977426,,1.0,0.2302483069977426,0.7697516930022573,0.7743362831858407,0.0199115044247787,0.2256637168141592,0.9800884955752212,0.0,0.0,0.9601769911504424,0.5486725663716814,0.754424778761062,443.0,102.0,0.9800884955752212,0.2256637168141592,102.0,341.0,9.0,350.0,0.0199115044247787,0.7743362831858407,0.0,9.0
deepfm_base,deepfm,45,6,512,0.001,0.0001,0.15,3,64,32,384x192x96,threshold,2,0.3,0.4702521321898015,0.2729480445384979,0.7084520417853751,0.4196929928592307,0.6870229007633588,,0.7357065803667745,0.6870229007633588,0.0486836796034156,0.4990503323836657,0.4401709401709401,0.5009496676163343,0.5598290598290598,0.0,0.0,0.1196581196581196,0.0018993352326686,0.0588793922127255,1179.0,1055.0,0.5598290598290598,0.5009496676163343,810.0,369.0,927.0,1051.0,0.4401709401709401,0.4990503323836657,245.0,682.0,0.4855875831485587,-0.0294304620932195,0.4897119341563786,,0.4807692307692308,0.4807692307692308,0.0089427033871478,0.4966740576496674,0.4611973392461197,0.5033259423503326,0.5388026607538803,0.0,0.0,0.0776053215077605,0.0066518847006651,0.0354767184035477,243.0,227.0,0.5388026607538803,0.5033259423503326,119.0,124.0,208.0,224.0,0.4611973392461197,0.4966740576496674,108.0,100.0,0.4336283185840708,-0.095539131263317,0.437923250564334,,0.2222222222222222,0.2222222222222222,0.2157010283421118,0.5553097345132744,0.0199115044247787,0.4446902654867257,0.9800884955752212,0.0,0.0,0.9601769911504424,0.1106194690265486,0.5353982300884956,443.0,201.0,0.9800884955752212,0.4446902654867257,194.0,249.0,9.0,251.0,0.0199115044247787,0.5553097345132744,7.0,2.0
dcn_base,dcn,45,6,512,0.001,0.0001,0.15,3,64,32,384x192x96,threshold,4,0.89,0.4224938610270588,0.0837342500686645,0.9886039886039886,0.97703872644819,0.9991518235793044,,0.9751887810140236,0.9751887810140236,0.0239630425652808,0.429724596391263,0.4401709401709401,0.570275403608737,0.5598290598290598,0.0,0.0,0.1196581196581196,0.1405508072174739,0.0104463437796771,1179.0,1201.0,0.5598290598290598,0.570275403608737,1178.0,1.0,927.0,905.0,0.4401709401709401,0.429724596391263,23.0,904.0,0.4279379157427938,-0.1437059985653061,0.4279835390946502,,0.4278846153846153,0.4278846153846153,9.892371003483724e-05,0.5055432372505543,0.4611973392461197,0.4944567627494456,0.5388026607538803,0.0,0.0,0.0776053215077605,0.0110864745011086,0.0443458980044345,243.0,223.0,0.5388026607538803,0.4944567627494456,104.0,139.0,208.0,228.0,0.4611973392461197,0.5055432372505543,119.0,89.0,0.8650442477876106,0.0425397826906031,0.8781038374717833,,0.2222222222222222,0.2222222222222222,0.6558816152495611,0.1238938053097345,0.0199115044247787,0.8761061946902655,0.9800884955752212,0.0,0.0,0.9601769911504424,0.752212389380531,0.1039823008849557,443.0,396.0,0.9800884955752212,0.8761061946902655,389.0,54.0,9.0,56.0,0.0199115044247787,0.1238938053097345,7.0,2.0
deepfm_embed64,deepfm,44,6,512,0.001,0.0001,0.15,3,64,64,384x192x96,threshold,2,0.13,0.5026042011035237,0.4519328951835632,0.6628679962013295,0.3227862914067972,0.9219677692960137,,0.3333333333333333,0.3333333333333333,0.5886344359626803,0.1904083570750237,0.4401709401709401,0.8095916429249762,0.5598290598290598,0.0,0.0,0.1196581196581196,0.6191832858499524,0.2497625830959164,1179.0,1705.0,0.5598290598290598,0.8095916429249762,1087.0,92.0,927.0,401.0,0.4401709401709401,0.1904083570750237,618.0,309.0,0.5121951219512195,0.0246366784607282,0.5102880658436214,,0.5144230769230769,0.5102880658436214,0.0041350110794554,0.5011086474501109,0.4611973392461197,0.4988913525498891,0.5388026607538803,0.0,0.0,0.0776053215077605,0.0022172949002217,0.0399113082039911,243.0,225.0,0.5388026607538803,0.4988913525498891,124.0,119.0,208.0,226.0,0.4611973392461197,0.5011086474501109,101.0,107.0,0.2035398230088495,0.0675997756668516,0.1873589164785553,,1.0,0.1873589164785553,0.8126410835214447,0.8163716814159292,0.0199115044247787,0.1836283185840708,0.9800884955752212,0.0,0.0,0.9601769911504424,0.6327433628318584,0.7964601769911505,443.0,83.0,0.9800884955752212,0.1836283185840708,83.0,360.0,9.0,369.0,0.0199115044247787,0.8163716814159292,0.0,9.0
deepfm_embed64,deepfm,42,6,512,0.001,0.0001,0.15,3,64,64,384x192x96,threshold,5,0.88,0.568256752782498,0.64585862159729,0.8399810066476733,0.6892696662414235,0.7888040712468194,,0.9050701186623517,0.7888040712468194,0.1162660474155322,0.51661918328585,0.4401709401709401,0.48338081671415,0.5598290598290598,0.0,0.0,0.1196581196581196,0.0332383665716999,0.0764482431149098,1179.0,1018.0,0.5598290598290598,0.48338081671415,930.0,249.0,927.0,1088.0,0.4401709401709401,0.51661918328585,88.0,839.0,0.5809312638580931,0.1608308332038034,0.5843621399176955,,0.5769230769230769,0.5769230769230769,0.0074390629946186,0.4900221729490022,0.4611973392461197,0.5099778270509978,0.5388026607538803,0.0,0.0,0.0776053215077605,0.0199556541019955,0.0288248337028825,243.0,230.0,0.5388026607538803,0.5099778270509978,142.0,101.0,208.0,221.0,0.4611973392461197,0.4900221729490022,88.0,120.0,0.1725663716814159,-0.142909249461403,0.1670428893905192,,0.4444444444444444,0.1670428893905192,0.2774015550539252,0.8252212389380531,0.0199115044247787,0.1747787610619469,0.9800884955752212,0.0,0.0,0.9601769911504424,0.6504424778761062,0.8053097345132744,443.0,79.0,0.9800884955752212,0.1747787610619469,74.0,369.0,9.0,373.0,0.0199115044247787,0.8252212389380531,5.0,4.0
dcn_wider_mlp,dcn,44,6,512,0.001,0.0001,0.15,3,64,32,512x256x128,threshold,1,0.1,0.4953432007869678,0.0923316687345504,0.8903133903133903,0.78782404336596,0.8430873621713316,,0.9503775620280476,0.8430873621713316,0.1072901998567158,0.5061728395061729,0.4401709401709401,0.4938271604938271,0.5598290598290598,0.0,0.0,0.1196581196581196,0.0123456790123457,0.0660018993352327,1179.0,1040.0,0.5598290598290598,0.4938271604938271,994.0,185.0,927.0,1066.0,0.4401709401709401,0.5061728395061729,46.0,881.0,0.5033259423503326,0.0068446176348059,0.5020576131687243,,0.5048076923076923,0.5020576131687243,0.0027500791389679,0.5011086474501109,0.4611973392461197,0.4988913525498891,0.5388026607538803,0.0,0.0,0.0776053215077605,0.0022172949002217,0.0399113082039911,243.0,225.0,0.5388026607538803,0.4988913525498891,122.0,121.0,208.0,226.0,0.4611973392461197,0.5011086474501109,103.0,105.0,0.2345132743362832,-0.2103023331185544,0.237020316027088,,0.1111111111111111,0.1111111111111111,0.1259092049159769,0.75,0.0199115044247787,0.25,0.9800884955752212,0.0,0.0,0.9601769911504424,0.5,0.7300884955752213,443.0,113.0,0.9800884955752212,0.25,105.0,338.0,9.0,339.0,0.0199115044247787,0.75,8.0,1.0
deepfm_embed96,deepfm,44,6,512,0.001,0.0001,0.15,3,64,96,384x192x96,threshold,4,0.12,0.5570617034776926,0.4999309837818145,0.8214624881291548,0.671595335004376,0.7234944868532655,,0.9460625674217908,0.7234944868532655,0.2225680805685252,0.5712250712250713,0.4401709401709401,0.4287749287749288,0.5598290598290598,0.0,0.0,0.1196581196581196,0.1424501424501424,0.1310541310541311,1179.0,903.0,0.5598290598290598,0.4287749287749288,853.0,326.0,927.0,1203.0,0.4401709401709401,0.5712250712250713,50.0,877.0,0.5787139689578714,0.1580771346551448,0.5720164609053497,,0.5865384615384616,0.5720164609053497,0.0145220006331118,0.5011086474501109,0.4611973392461197,0.4988913525498891,0.5388026607538803,0.0,0.0,0.0776053215077605,0.0022172949002217,0.0399113082039911,243.0,225.0,0.5388026607538803,0.4988913525498891,139.0,104.0,208.0,226.0,0.4611973392461197,0.5011086474501109,86.0,122.0,0.25,-0.20121783249708,0.2528216704288939,,0.1111111111111111,0.1111111111111111,0.1417105593177828,0.7345132743362832,0.0199115044247787,0.2654867256637168,0.9800884955752212,0.0,0.0,0.9601769911504424,0.4690265486725664,0.7146017699115045,443.0,120.0,0.9800884955752212,0.2654867256637168,112.0,331.0,9.0,332.0,0.0199115044247787,0.7345132743362832,8.0,1.0
dcn_xwide,dcn,43,6,512,0.001,0.0001,0.15,3,64,32,640x320x160,threshold,2,0.24,0.4490192058518616,0.0766644641757011,0.9729344729344728,0.9464345657699744,0.9550466497031382,,0.9956850053937432,0.9550466497031382,0.040638355690605,0.4634377967711301,0.4401709401709401,0.5365622032288699,0.5598290598290598,0.0,0.0,0.1196581196581196,0.0731244064577398,0.0232668566001899,1179.0,1130.0,0.5598290598290598,0.5365622032288699,1126.0,53.0,927.0,976.0,0.4401709401709401,0.4634377967711301,4.0,923.0,0.458980044345898,-0.0821156864948051,0.4609053497942387,,0.4567307692307692,0.4567307692307692,0.0041745805634694,0.5011086474501109,0.4611973392461197,0.4988913525498891,0.5388026607538803,0.0,0.0,0.0776053215077605,0.0022172949002217,0.0399113082039911,243.0,225.0,0.5388026607538803,0.4988913525498891,112.0,131.0,208.0,226.0,0.4611973392461197,0.5011086474501109,113.0,95.0,0.2632743362831858,-0.19394767901636,0.2663656884875846,,0.1111111111111111,0.1111111111111111,0.1552545773764735,0.7212389380530974,0.0199115044247787,0.2787610619469026,0.9800884955752212,0.0,0.0,0.9601769911504424,0.4424778761061947,0.7013274336283186,443.0,126.0,0.9800884955752212,0.2787610619469026,118.0,325.0,9.0,326.0,0.0199115044247787,0.7212389380530974,8.0,1.0
dcn_deep_cross,dcn,44,6,512,0.001,0.0001,0.15,5,64,32,384x192x96,threshold,2,0.55,0.4263617780894203,0.076724898815155,0.9681861348528016,0.9372654351020536,0.9474130619168788,,0.9946062567421792,0.9474130619168788,0.0471931948253003,0.4672364672364672,0.4401709401709401,0.5327635327635327,0.5598290598290598,0.0,0.0,0.1196581196581196,0.0655270655270655,0.027065527065527,1179.0,1122.0,0.5598290598290598,0.5327635327635327,1117.0,62.0,927.0,984.0,0.4401709401709401,0.4672364672364672,5.0,922.0,0.4323725055432372,-0.134809443266342,0.4320987654320987,,0.4326923076923077,0.4320987654320987,0.0005935422602089,0.5055432372505543,0.4611973392461197,0.4944567627494456,0.5388026607538803,0.0,0.0,0.0776053215077605,0.0110864745011086,0.0443458980044345,243.0,223.0,0.5388026607538803,0.4944567627494456,105.0,138.0,208.0,228.0,0.4611973392461197,0.5055432372505543,118.0,90.0,0.2920353982300885,-0.1795677985442409,0.2957110609480812,,0.1111111111111111,0.1111111111111111,0.1845999498369701,0.6924778761061947,0.0199115044247787,0.3075221238938053,0.9800884955752212,0.0,0.0,0.9601769911504424,0.3849557522123894,0.672566371681416,443.0,139.0,0.9800884955752212,0.3075221238938053,131.0,312.0,9.0,313.0,0.0199115044247787,0.6924778761061947,8.0,1.0
deepfm_high_dropout,deepfm,45,6,512,0.001,0.0001,0.3,3,64,32,384x192x96,threshold,2,0.87,0.6450284470372547,0.3759783565998077,0.6875593542260209,0.358903043226129,0.8363019508057676,,0.4983818770226537,0.4983818770226537,0.3379200737831139,0.3110161443494776,0.4401709401709401,0.6889838556505223,0.5598290598290598,0.0,0.0,0.1196581196581196,0.3779677113010447,0.1291547958214625,1179.0,1451.0,0.5598290598290598,0.6889838556505223,986.0,193.0,927.0,655.0,0.4401709401709401,0.3110161443494776,465.0,462.0,0.6496674057649667,0.2984305289539033,0.6502057613168725,,0.6490384615384616,0.6490384615384616,0.0011672997784109,0.4878048780487805,0.4611973392461197,0.5121951219512195,0.5388026607538803,0.0,0.0,0.0776053215077605,0.024390243902439,0.0266075388026607,243.0,231.0,0.5388026607538803,0.5121951219512195,158.0,85.0,208.0,220.0,0.4611973392461197,0.4878048780487805,73.0,135.0,0.7123893805309734,-0.051566502630623,0.7246049661399548,,0.1111111111111111,0.1111111111111111,0.6134938550288438,0.2721238938053097,0.0199115044247787,0.7278761061946902,0.9800884955752212,0.0,0.0,0.9601769911504424,0.4557522123893805,0.252212389380531,443.0,329.0,0.9800884955752212,0.7278761061946902,321.0,122.0,9.0,123.0,0.0199115044247787,0.2721238938053097,8.0,1.0
dcn_narrow,dcn,43,6,512,0.001,0.0001,0.15,3,64,32,256x128,threshold,3,0.6,0.4648964613124505,0.076486413180828,0.9919278252611586,0.9836419730879656,0.9906700593723494,,0.9935275080906149,0.9906700593723494,0.0028574487182654,0.4425451092117758,0.4401709401709401,0.5574548907882241,0.5598290598290598,0.0,0.0,0.1196581196581196,0.1149097815764482,0.0023741690408357,1179.0,1174.0,0.5598290598290598,0.5574548907882241,1168.0,11.0,927.0,932.0,0.4401709401709401,0.4425451092117758,6.0,921.0,0.4722838137472284,-0.0554275952559217,0.4732510288065844,,0.4711538461538461,0.4711538461538461,0.0020971826527382,0.5011086474501109,0.4611973392461197,0.4988913525498891,0.5388026607538803,0.0,0.0,0.0776053215077605,0.0022172949002217,0.0399113082039911,243.0,225.0,0.5388026607538803,0.4988913525498891,115.0,128.0,208.0,226.0,0.4611973392461197,0.5011086474501109,110.0,98.0,0.7168141592920354,-0.0504091799510149,0.7291196388261851,,0.1111111111111111,0.1111111111111111,0.618008527715074,0.2676991150442478,0.0199115044247787,0.7323008849557522,0.9800884955752212,0.0,0.0,0.9601769911504424,0.4646017699115043,0.247787610619469,443.0,331.0,0.9800884955752212,0.7323008849557522,323.0,120.0,9.0,121.0,0.0199115044247787,0.2676991150442478,8.0,1.0
dcn_high_dropout,dcn,43,6,512,0.001,0.0001,0.3,3,64,32,384x192x96,threshold,6,0.58,0.411909024053333,0.0829426079988479,0.9981006647673314,0.996147111281714,0.9991518235793044,,0.9967637540453076,0.9967637540453076,0.002388069533997,0.4392212725546059,0.4401709401709401,0.5607787274453941,0.5598290598290598,0.0,0.0,0.1196581196581196,0.1215574548907882,0.0009496676163342,1179.0,1181.0,0.5598290598290598,0.5607787274453941,1178.0,1.0,927.0,925.0,0.4401709401709401,0.4392212725546059,3.0,924.0,0.4190687361419069,-0.1614991091632341,0.419753086419753,,0.4182692307692308,0.4182692307692308,0.0014838556505222,0.5055432372505543,0.4611973392461197,0.4944567627494456,0.5388026607538803,0.0,0.0,0.0776053215077605,0.0110864745011086,0.0443458980044345,243.0,223.0,0.5388026607538803,0.4944567627494456,102.0,141.0,208.0,228.0,0.4611973392461197,0.5055432372505543,121.0,87.0,0.7367256637168141,-0.0451235442204231,0.7494356659142212,,0.1111111111111111,0.1111111111111111,0.63832455480311,0.247787610619469,0.0199115044247787,0.7522123893805309,0.9800884955752212,0.0,0.0,0.9601769911504424,0.5044247787610618,0.2278761061946902,443.0,340.0,0.9800884955752212,0.7522123893805309,332.0,111.0,9.0,112.0,0.0199115044247787,0.247787610619469,8.0,1.0
deepfm_wider_mlp,deepfm,42,6,512,0.001,0.0001,0.15,3,64,32,512x256x128,threshold,4,0.29,0.3973168169780635,0.2058008760213852,0.8684710351377019,0.741490381019189,0.8320610687022901,,0.9147788565264292,0.8320610687022901,0.0827177878241391,0.49667616334283,0.4401709401709401,0.50332383665717,0.5598290598290598,0.0,0.0,0.1196581196581196,0.0066476733143399,0.0565052231718898,1179.0,1060.0,0.5598290598290598,0.50332383665717,981.0,198.0,927.0,1046.0,0.4401709401709401,0.49667616334283,79.0,848.0,0.4035476718403548,-0.1923031896869979,0.4032921810699588,,0.4038461538461538,0.4032921810699588,0.000553972776195,0.5077605321507761,0.4611973392461197,0.4922394678492239,0.5388026607538803,0.0,0.0,0.0776053215077605,0.0155210643015521,0.0465631929046563,243.0,222.0,0.5388026607538803,0.4922394678492239,98.0,145.0,208.0,229.0,0.4611973392461197,0.5077605321507761,124.0,84.0,0.7522123893805309,-0.0409038714186523,0.7652370203160271,,0.1111111111111111,0.1111111111111111,0.6541259092049161,0.2323008849557522,0.0199115044247787,0.7676991150442478,0.9800884955752212,0.0,0.0,0.9601769911504424,0.5353982300884956,0.2123893805309734,443.0,347.0,0.9800884955752212,0.7676991150442478,339.0,104.0,9.0,105.0,0.0199115044247787,0.2323008849557522,8.0,1.0
deepfm_embed128,deepfm,43,6,512,0.001,0.0001,0.15,3,64,128,384x192x96,threshold,6,0.57,0.4437267873649988,1.1288760781288147,0.7597340930674265,0.5441714269899812,0.9728583545377438,,0.4886731391585761,0.4886731391585761,0.4841852153791677,0.2302943969610636,0.4401709401709401,0.7697056030389364,0.5598290598290598,0.0,0.0,0.1196581196581196,0.5394112060778729,0.2098765432098765,1179.0,1621.0,0.5598290598290598,0.7697056030389364,1147.0,32.0,927.0,485.0,0.4401709401709401,0.2302943969610636,474.0,453.0,0.4545454545454545,-0.0910117169077662,0.4567901234567901,,0.4519230769230769,0.4519230769230769,0.0048670465337131,0.5011086474501109,0.4611973392461197,0.4988913525498891,0.5388026607538803,0.0,0.0,0.0776053215077605,0.0022172949002217,0.0399113082039911,243.0,225.0,0.5388026607538803,0.4988913525498891,111.0,132.0,208.0,226.0,0.4611973392461197,0.5011086474501109,114.0,94.0,0.8761061946902655,0.001239706859526,0.891647855530474,,0.1111111111111111,0.1111111111111111,0.7805367444193629,0.1084070796460177,0.0199115044247787,0.8915929203539823,0.9800884955752212,0.0,0.0,0.9601769911504424,0.7831858407079646,0.0884955752212389,443.0,403.0,0.9800884955752212,0.8915929203539823,395.0,48.0,9.0,49.0,0.0199115044247787,0.1084070796460177,8.0,1.0
dcn_dropout_low,dcn,44,6,512,0.001,0.0001,0.08,3,64,32,384x192x96,threshold,6,0.5,0.4917127006286898,0.0767973870038986,0.9995251661918328,0.9990371121012572,0.9991518235793044,,1.0,0.9991518235793044,0.0008481764206954,0.4406457739791073,0.4401709401709401,0.5593542260208927,0.5598290598290598,0.0,0.0,0.1196581196581196,0.1187084520417853,0.0004748338081671,1179.0,1178.0,0.5598290598290598,0.5593542260208927,1178.0,1.0,927.0,928.0,0.4401709401709401,0.4406457739791073,0.0,927.0,0.4988913525498891,-0.0020514127781551,0.4979423868312757,,0.5,0.4979423868312757,0.0020576131687242,0.5011086474501109,0.4611973392461197,0.4988913525498891,0.5388026607538803,0.0,0.0,0.0776053215077605,0.0022172949002217,0.0399113082039911,243.0,225.0,0.5388026607538803,0.4988913525498891,121.0,122.0,208.0,226.0,0.4611973392461197,0.5011086474501109,104.0,104.0,0.8827433628318584,0.0044037083244244,0.8984198645598194,,0.1111111111111111,0.1111111111111111,0.7873087534487082,0.1017699115044247,0.0199115044247787,0.8982300884955752,0.9800884955752212,0.0,0.0,0.9601769911504424,0.7964601769911503,0.081858407079646,443.0,406.0,0.9800884955752212,0.8982300884955752,398.0,45.0,9.0,46.0,0.0199115044247787,0.1017699115044247,8.0,1.0
dcn_base,dcn,44,6,512,0.001,0.0001,0.15,3,64,32,384x192x96,threshold,3,0.47,0.4953432007869678,0.0798414200544357,0.9919278252611586,0.9836231166241608,0.9949109414758268,,0.988133764832794,0.988133764832794,0.006777176643033,0.4377967711301044,0.4401709401709401,0.5622032288698955,0.5598290598290598,0.0,0.0,0.1196581196581196,0.124406457739791,0.0023741690408357,1179.0,1184.0,0.5598290598290598,0.5622032288698955,1173.0,6.0,927.0,922.0,0.4401709401709401,0.4377967711301044,11.0,916.0,0.5033259423503326,0.0068446176348059,0.5020576131687243,,0.5048076923076923,0.5020576131687243,0.0027500791389679,0.5011086474501109,0.4611973392461197,0.4988913525498891,0.5388026607538803,0.0,0.0,0.0776053215077605,0.0022172949002217,0.0399113082039911,243.0,225.0,0.5388026607538803,0.4988913525498891,122.0,121.0,208.0,226.0,0.4611973392461197,0.5011086474501109,103.0,105.0,0.8893805309734514,0.0077623703056939,0.9051918735891648,,0.1111111111111111,0.1111111111111111,0.7940807624780537,0.0951327433628318,0.0199115044247787,0.9048672566371682,0.9800884955752212,0.0,0.0,0.9601769911504424,0.8097345132743363,0.075221238938053,443.0,409.0,0.9800884955752212,0.9048672566371682,401.0,42.0,9.0,43.0,0.0199115044247787,0.0951327433628318,8.0,1.0
dcn_high_dropout,dcn,44,6,512,0.001,0.0001,0.3,3,64,32,384x192x96,threshold,5,0.69,0.507299061597842,0.0861041128635406,0.9971509971509972,0.9942224023069224,0.996607294317218,,0.9978425026968716,0.996607294317218,0.0012352083796536,0.4411206077872744,0.4401709401709401,0.5588793922127255,0.5598290598290598,0.0,0.0,0.1196581196581196,0.117758784425451,0.0009496676163343,1179.0,1177.0,0.5598290598290598,0.5588793922127255,1175.0,4.0,927.0,929.0,0.4401709401709401,0.4411206077872744,2.0,925.0,0.516629711751663,0.0328429754592563,0.5185185185185185,,0.5144230769230769,0.5144230769230769,0.0040954415954416,0.4966740576496674,0.4611973392461197,0.5033259423503326,0.5388026607538803,0.0,0.0,0.0776053215077605,0.0066518847006651,0.0354767184035477,243.0,227.0,0.5388026607538803,0.5033259423503326,126.0,117.0,208.0,224.0,0.4611973392461197,0.4966740576496674,101.0,107.0,0.9004424778761062,0.0138892117307235,0.9164785553047404,,0.1111111111111111,0.1111111111111111,0.8053674441936294,0.084070796460177,0.0199115044247787,0.915929203539823,0.9800884955752212,0.0,0.0,0.9601769911504424,0.831858407079646,0.0641592920353982,443.0,414.0,0.9800884955752212,0.915929203539823,406.0,37.0,9.0,38.0,0.0199115044247787,0.084070796460177,8.0,1.0
dcn_dropout_high,dcn,44,6,512,0.001,0.0001,0.4,3,64,32,384x192x96,threshold,6,0.58,0.5134966614234906,0.098796409368515,0.9947768281101614,0.989407293171516,0.9974554707379136,,0.9913700107874864,0.9913700107874864,0.0060854599504269,0.4377967711301044,0.4401709401709401,0.5622032288698955,0.5598290598290598,0.0,0.0,0.1196581196581196,0.124406457739791,0.0023741690408357,1179.0,1184.0,0.5598290598290598,0.5622032288698955,1176.0,3.0,927.0,922.0,0.4401709401709401,0.4377967711301044,8.0,919.0,0.5188470066518847,0.0376355344299995,0.5185185185185185,,0.5192307692307693,0.5185185185185185,0.0007122507122507,0.4988913525498891,0.4611973392461197,0.5011086474501109,0.5388026607538803,0.0,0.0,0.0776053215077605,0.0022172949002217,0.0376940133037694,243.0,226.0,0.5388026607538803,0.5011086474501109,126.0,117.0,208.0,225.0,0.4611973392461197,0.4988913525498891,100.0,108.0,0.9070796460176992,0.0179595478914521,0.9232505643340858,,0.1111111111111111,0.1111111111111111,0.8121394532229746,0.077433628318584,0.0199115044247787,0.922566371681416,0.9800884955752212,0.0,0.0,0.9601769911504424,0.845132743362832,0.0575221238938053,443.0,417.0,0.9800884955752212,0.922566371681416,409.0,34.0,9.0,35.0,0.0199115044247787,0.077433628318584,8.0,1.0
deepfm_embed128,deepfm,42,6,512,0.001,0.0001,0.15,3,64,128,384x192x96,threshold,6,0.42,0.4781591337248518,2.275500464439392,0.6837606837606838,0.4657091819925282,0.4741306191687871,,0.9503775620280476,0.4741306191687871,0.4762469428592603,0.7127255460588794,0.4401709401709401,0.2872744539411206,0.5598290598290598,0.0,0.0,0.1196581196581196,0.4254510921177588,0.2725546058879392,1179.0,605.0,0.5598290598290598,0.2872744539411206,559.0,620.0,927.0,1501.0,0.4401709401709401,0.7127255460588794,46.0,881.0,0.4878048780487805,-0.0246366784607282,0.4897119341563786,,0.4855769230769231,0.4855769230769231,0.0041350110794555,0.4988913525498891,0.4611973392461197,0.5011086474501109,0.5388026607538803,0.0,0.0,0.0776053215077605,0.0022172949002217,0.0376940133037694,243.0,226.0,0.5388026607538803,0.5011086474501109,119.0,124.0,208.0,225.0,0.4611973392461197,0.4988913525498891,107.0,101.0,0.1017699115044247,-0.3829422637220285,0.1038374717832957,,0.0,0.0,0.1038374717832957,0.8783185840707964,0.0199115044247787,0.1216814159292035,0.9800884955752212,0.0,0.0,0.9601769911504424,0.7566371681415929,0.8584070796460177,443.0,55.0,0.9800884955752212,0.1216814159292035,46.0,397.0,9.0,397.0,0.0199115044247787,0.8783185840707964,9.0,0.0
deepfm_embed64,deepfm,45,6,512,0.001,0.0001,0.15,3,64,64,384x192x96,threshold,4,0.72,0.507299061597842,0.5087987303733825,0.7587844254510921,0.538557879014716,0.6802374893977947,,0.8586839266450917,0.6802374893977947,0.178446437247297,0.5569800569800569,0.4401709401709401,0.443019943019943,0.5598290598290598,0.0,0.0,0.1196581196581196,0.1139601139601139,0.1168091168091167,1179.0,933.0,0.5598290598290598,0.443019943019943,802.0,377.0,927.0,1173.0,0.4401709401709401,0.5569800569800569,131.0,796.0,0.516629711751663,0.0328429754592563,0.5185185185185185,,0.5144230769230769,0.5144230769230769,0.0040954415954416,0.4966740576496674,0.4611973392461197,0.5033259423503326,0.5388026607538803,0.0,0.0,0.0776053215077605,0.0066518847006651,0.0354767184035477,243.0,227.0,0.5388026607538803,0.5033259423503326,126.0,117.0,208.0,224.0,0.4611973392461197,0.4966740576496674,101.0,107.0,0.1261061946902655,-0.3446998355174934,0.128668171557562,,0.0,0.0,0.128668171557562,0.8539823008849557,0.0199115044247787,0.1460176991150442,0.9800884955752212,0.0,0.0,0.9601769911504424,0.7079646017699115,0.834070796460177,443.0,66.0,0.9800884955752212,0.1460176991150442,57.0,386.0,9.0,386.0,0.0199115044247787,0.8539823008849557,9.0,0.0
dcn_wider_mlp,dcn,45,6,512,0.001,0.0001,0.15,3,64,32,512x256x128,threshold,4,0.53,0.4808202403087226,0.0788980454206466,0.9928774928774928,0.9855701811711872,0.9974554707379136,,0.9870550161812298,0.9870550161812298,0.0104004545566837,0.4358974358974359,0.4401709401709401,0.5641025641025641,0.5598290598290598,0.0,0.0,0.1196581196581196,0.1282051282051282,0.0042735042735042,1179.0,1188.0,0.5598290598290598,0.5641025641025641,1176.0,3.0,927.0,918.0,0.4401709401709401,0.4358974358974359,12.0,915.0,0.4922394678492239,-0.0150505647299775,0.4897119341563786,,0.4951923076923077,0.4897119341563786,0.0054803735359291,0.5033259423503326,0.4611973392461197,0.4966740576496674,0.5388026607538803,0.0,0.0,0.0776053215077605,0.0066518847006651,0.0421286031042128,243.0,224.0,0.5388026607538803,0.4966740576496674,119.0,124.0,208.0,227.0,0.4611973392461197,0.5033259423503326,105.0,103.0,0.1703539823008849,-0.2940429076864664,0.1738148984198645,,0.0,0.0,0.1738148984198645,0.8097345132743363,0.0199115044247787,0.1902654867256637,0.9800884955752212,0.0,0.0,0.9601769911504424,0.6194690265486726,0.7898230088495576,443.0,86.0,0.9800884955752212,0.1902654867256637,77.0,366.0,9.0,366.0,0.0199115044247787,0.8097345132743363,9.0,0.0
dcn_narrow,dcn,45,6,512,0.001,0.0001,0.15,3,64,32,256x128,threshold,3,0.62,0.4754812982861764,0.0940804198384284,0.9881291547958214,0.9759739907610692,0.9957591178965224,,0.9784250269687162,0.9784250269687162,0.0173340909278062,0.433048433048433,0.4401709401709401,0.5669515669515669,0.5598290598290598,0.0,0.0,0.1196581196581196,0.1339031339031338,0.0071225071225071,1179.0,1194.0,0.5598290598290598,0.5669515669515669,1174.0,5.0,927.0,912.0,0.4401709401709401,0.433048433048433,20.0,907.0,0.4811529933481153,-0.0376355344299995,0.4814814814814814,,0.4807692307692308,0.4807692307692308,0.0007122507122506,0.5011086474501109,0.4611973392461197,0.4988913525498891,0.5388026607538803,0.0,0.0,0.0776053215077605,0.0022172949002217,0.0399113082039911,243.0,225.0,0.5388026607538803,0.4988913525498891,117.0,126.0,208.0,226.0,0.4611973392461197,0.5011086474501109,108.0,100.0,0.1858407079646017,-0.2800432709384442,0.1896162528216704,,0.0,0.0,0.1896162528216704,0.7942477876106194,0.0199115044247787,0.2057522123893805,0.9800884955752212,0.0,0.0,0.9601769911504424,0.5884955752212389,0.7743362831858407,443.0,93.0,0.9800884955752212,0.2057522123893805,84.0,359.0,9.0,359.0,0.0199115044247787,0.7942477876106194,9.0,0.0
dcn_narrow,dcn,42,6,512,0.001,0.0001,0.15,3,64,32,256x128,threshold,3,0.64,0.411909024053333,0.086339858174324,0.9919278252611586,0.9836566788924972,0.989821882951654,,0.9946062567421792,0.989821882951654,0.004784373790525,0.4434947768281101,0.4401709401709401,0.5565052231718899,0.5598290598290598,0.0,0.0,0.1196581196581196,0.1130104463437797,0.00332383665717,1179.0,1172.0,0.5598290598290598,0.5565052231718899,1167.0,12.0,927.0,934.0,0.4401709401709401,0.4434947768281101,5.0,922.0,0.4190687361419069,-0.1614991091632341,0.419753086419753,,0.4182692307692308,0.4182692307692308,0.0014838556505222,0.5055432372505543,0.4611973392461197,0.4944567627494456,0.5388026607538803,0.0,0.0,0.0776053215077605,0.0110864745011086,0.0443458980044345,243.0,223.0,0.5388026607538803,0.4944567627494456,102.0,141.0,208.0,228.0,0.4611973392461197,0.5055432372505543,121.0,87.0,0.2190265486725663,-0.2543822094853206,0.2234762979683973,,0.0,0.0,0.2234762979683973,0.7610619469026548,0.0199115044247787,0.2389380530973451,0.9800884955752212,0.0,0.0,0.9601769911504424,0.5221238938053097,0.7411504424778761,443.0,108.0,0.9800884955752212,0.2389380530973451,99.0,344.0,9.0,344.0,0.0199115044247787,0.7610619469026548,9.0,0.0
deepfm_dropout_low,deepfm,43,6,512,0.001,0.0001,0.08,3,64,32,384x192x96,threshold,3,0.46,0.4198792779788714,0.2313338309526443,0.8266856600189934,0.6489131802292011,0.8396946564885496,,0.8101402373247033,0.8101402373247033,0.0295544191638462,0.446343779677113,0.4401709401709401,0.553656220322887,0.5598290598290598,0.0,0.0,0.1196581196581196,0.1073124406457739,0.0061728395061728,1179.0,1166.0,0.5598290598290598,0.553656220322887,990.0,189.0,927.0,940.0,0.4401709401709401,0.446343779677113,176.0,751.0,0.4301552106430155,-0.1395974398349292,0.4320987654320987,,0.4278846153846153,0.4278846153846153,0.0042141500474833,0.5033259423503326,0.4611973392461197,0.4966740576496674,0.5388026607538803,0.0,0.0,0.0776053215077605,0.0066518847006651,0.0421286031042128,243.0,224.0,0.5388026607538803,0.4966740576496674,105.0,138.0,208.0,227.0,0.4611973392461197,0.5033259423503326,119.0,89.0,0.2809734513274336,-0.2172668554318867,0.2866817155756208,,0.0,0.0,0.2866817155756208,0.6991150442477876,0.0199115044247787,0.3008849557522124,0.9800884955752212,0.0,0.0,0.9601769911504424,0.3982300884955752,0.6792035398230089,443.0,136.0,0.9800884955752212,0.3008849557522124,127.0,316.0,9.0,316.0,0.0199115044247787,0.6991150442477876,9.0,0.0
deepfm_embed96,deepfm,45,6,512,0.001,0.0001,0.15,3,64,96,384x192x96,threshold,6,0.59,0.4626658198270664,0.7294386148452758,0.8418803418803419,0.68691366775384,0.9508057675996608,,0.703344120819849,0.703344120819849,0.2474616467798117,0.3371320037986705,0.4401709401709401,0.6628679962013295,0.5598290598290598,0.0,0.0,0.1196581196581196,0.325735992402659,0.1030389363722696,1179.0,1396.0,0.5598290598290598,0.6628679962013295,1121.0,58.0,927.0,710.0,0.4401709401709401,0.3371320037986705,275.0,652.0,0.483370288248337,-0.0321557446850437,0.4773662551440329,,0.4903846153846153,0.4773662551440329,0.0130183602405824,0.5077605321507761,0.4611973392461197,0.4922394678492239,0.5388026607538803,0.0,0.0,0.0776053215077605,0.0155210643015521,0.0465631929046563,243.0,222.0,0.5388026607538803,0.4922394678492239,116.0,127.0,208.0,229.0,0.4611973392461197,0.5077605321507761,106.0,102.0,0.3163716814159292,-0.2002434065937798,0.3227990970654628,,0.0,0.0,0.3227990970654628,0.6637168141592921,0.0199115044247787,0.336283185840708,0.9800884955752212,0.0,0.0,0.9601769911504424,0.3274336283185841,0.6438053097345133,443.0,152.0,0.9800884955752212,0.336283185840708,143.0,300.0,9.0,300.0,0.0199115044247787,0.6637168141592921,9.0,0.0
deepfm_xwide,deepfm,43,6,512,0.001,0.0001,0.15,3,64,32,640x320x160,threshold,4,0.76,0.4263588985540205,0.2612470597028732,0.8817663817663818,0.7644457734967275,0.9592875318066156,,0.7831715210355987,0.7831715210355987,0.176116010771017,0.3675213675213675,0.4401709401709401,0.6324786324786325,0.5598290598290598,0.0,0.0,0.1196581196581196,0.2649572649572649,0.0726495726495726,1179.0,1332.0,0.5598290598290598,0.6324786324786325,1131.0,48.0,927.0,774.0,0.4401709401709401,0.3675213675213675,201.0,726.0,0.4523281596452328,-0.093761446187699,0.4444444444444444,,0.4615384615384615,0.4444444444444444,0.0170940170940171,0.5121951219512195,0.4611973392461197,0.4878048780487805,0.5388026607538803,0.0,0.0,0.0776053215077605,0.024390243902439,0.0509977827050998,243.0,220.0,0.5388026607538803,0.4878048780487805,108.0,135.0,208.0,231.0,0.4611973392461197,0.5121951219512195,112.0,96.0,0.3274336283185841,-0.1953802105999494,0.3340857787810384,,0.0,0.0,0.3340857787810384,0.6526548672566371,0.0199115044247787,0.3473451327433628,0.9800884955752212,0.0,0.0,0.9601769911504424,0.3053097345132743,0.6327433628318584,443.0,157.0,0.9800884955752212,0.3473451327433628,148.0,295.0,9.0,295.0,0.0199115044247787,0.6526548672566371,9.0,0.0
dcn_xwide,dcn,45,6,512,0.001,0.0001,0.15,3,64,32,640x320x160,threshold,5,0.74,0.3960317685927442,0.0737097382545471,0.9971509971509972,0.9942239478095214,0.9991518235793044,,0.9946062567421792,0.9946062567421792,0.0045455668371254,0.4382716049382716,0.4401709401709401,0.5617283950617284,0.5598290598290598,0.0,0.0,0.1196581196581196,0.1234567901234568,0.0018993352326685,1179.0,1183.0,0.5598290598290598,0.5617283950617284,1178.0,1.0,927.0,923.0,0.4401709401709401,0.4382716049382716,5.0,922.0,0.4057649667405765,-0.1881887750601263,0.4074074074074074,,0.4038461538461538,0.4038461538461538,0.0035612535612535,0.5055432372505543,0.4611973392461197,0.4944567627494456,0.5388026607538803,0.0,0.0,0.0776053215077605,0.0110864745011086,0.0443458980044345,243.0,223.0,0.5388026607538803,0.4944567627494456,99.0,144.0,208.0,228.0,0.4611973392461197,0.5055432372505543,124.0,84.0,0.411504424778761,-0.1636321540971964,0.4198645598194131,,0.0,0.0,0.4198645598194131,0.5685840707964602,0.0199115044247787,0.4314159292035398,0.9800884955752212,0.0,0.0,0.9601769911504424,0.1371681415929204,0.5486725663716815,443.0,195.0,0.9800884955752212,0.4314159292035398,186.0,257.0,9.0,257.0,0.0199115044247787,0.5685840707964602,9.0,0.0
deepfm_xwide,deepfm,42,6,512,0.001,0.0001,0.15,3,64,32,640x320x160,threshold,6,0.71,0.4463413704131861,0.2186032444238662,0.9696106362773028,0.9385228653588152,0.9669211195928752,,0.9730312837108952,0.9669211195928752,0.00611016411802,0.4468186134852801,0.4401709401709401,0.5531813865147198,0.5598290598290598,0.0,0.0,0.1196581196581196,0.1063627730294397,0.0066476733143399,1179.0,1165.0,0.5598290598290598,0.5531813865147198,1140.0,39.0,927.0,941.0,0.4401709401709401,0.4468186134852801,25.0,902.0,0.4523281596452328,-0.0951164130117322,0.4526748971193415,,0.4519230769230769,0.4519230769230769,0.0007518201962646,0.5033259423503326,0.4611973392461197,0.4966740576496674,0.5388026607538803,0.0,0.0,0.0776053215077605,0.0066518847006651,0.0421286031042128,243.0,224.0,0.5388026607538803,0.4966740576496674,110.0,133.0,208.0,227.0,0.4611973392461197,0.5033259423503326,114.0,94.0,0.4623893805309734,-0.1476723117072262,0.4717832957110609,,0.0,0.0,0.4717832957110609,0.5176991150442478,0.0199115044247787,0.4823008849557522,0.9800884955752212,0.0,0.0,0.9601769911504424,0.0353982300884956,0.4977876106194691,443.0,218.0,0.9800884955752212,0.4823008849557522,209.0,234.0,9.0,234.0,0.0199115044247787,0.5176991150442478,9.0,0.0
deepfm_wider_mlp,deepfm,45,6,512,0.001,0.0001,0.15,3,64,32,512x256x128,threshold,5,0.21,0.3934171855445568,0.3112525045871734,0.8827160493827161,0.7759676586012476,0.825275657336726,,0.9557713052858684,0.825275657336726,0.1304956479491423,0.5185185185185185,0.4401709401709401,0.4814814814814814,0.5598290598290598,0.0,0.0,0.1196581196581196,0.037037037037037,0.0783475783475783,1179.0,1014.0,0.5598290598290598,0.4814814814814814,973.0,206.0,927.0,1092.0,0.4401709401709401,0.5185185185185185,41.0,886.0,0.4079822616407982,-0.1840784666581262,0.411522633744856,,0.4038461538461538,0.4038461538461538,0.0076764798987021,0.5033259423503326,0.4611973392461197,0.4966740576496674,0.5388026607538803,0.0,0.0,0.0776053215077605,0.0066518847006651,0.0421286031042128,243.0,224.0,0.5388026607538803,0.4966740576496674,100.0,143.0,208.0,227.0,0.4611973392461197,0.5033259423503326,124.0,84.0,0.4756637168141593,-0.1438012979289017,0.4853273137697517,,0.0,0.0,0.4853273137697517,0.504424778761062,0.0199115044247787,0.495575221238938,0.9800884955752212,0.0,0.0,0.9601769911504424,0.0088495575221239,0.4845132743362832,443.0,224.0,0.9800884955752212,0.495575221238938,215.0,228.0,9.0,228.0,0.0199115044247787,0.504424778761062,9.0,0.0
dcn_narrow,dcn,44,6,512,0.001,0.0001,0.15,3,64,32,256x128,threshold,2,0.48,0.5425416225348473,0.0818363010883331,0.9691358024691358,0.9373546848537404,0.9779474130619168,,0.9579288025889968,0.9579288025889968,0.0200186104729201,0.4339981006647673,0.4401709401709401,0.5660018993352327,0.5598290598290598,0.0,0.0,0.1196581196581196,0.1320037986704653,0.0061728395061728,1179.0,1192.0,0.5598290598290598,0.5660018993352327,1153.0,26.0,927.0,914.0,0.4401709401709401,0.4339981006647673,39.0,888.0,0.5476718403547672,0.0951164130117322,0.5473251028806584,,0.5480769230769231,0.5473251028806584,0.0007518201962647,0.4966740576496674,0.4611973392461197,0.5033259423503326,0.5388026607538803,0.0,0.0,0.0776053215077605,0.0066518847006651,0.0354767184035477,243.0,227.0,0.5388026607538803,0.5033259423503326,133.0,110.0,208.0,224.0,0.4611973392461197,0.4966740576496674,94.0,114.0,0.4823008849557522,-0.1419050078561759,0.492099322799097,,0.0,0.0,0.492099322799097,0.497787610619469,0.0199115044247787,0.5022123893805309,0.9800884955752212,0.0,0.0,0.9601769911504424,0.0044247787610618,0.4778761061946903,443.0,227.0,0.9800884955752212,0.5022123893805309,218.0,225.0,9.0,225.0,0.0199115044247787,0.497787610619469,9.0,0.0
dcn_deep_cross,dcn,45,6,512,0.001,0.0001,0.15,5,64,32,384x192x96,threshold,3,0.47,0.4596040428255876,0.0934773311018943,0.9871794871794872,0.974008321293608,0.993214588634436,,0.9795037756202803,0.9795037756202803,0.0137108130141555,0.4349477682811016,0.4401709401709401,0.5650522317188984,0.5598290598290598,0.0,0.0,0.1196581196581196,0.1301044634377968,0.0052231718898385,1179.0,1190.0,0.5598290598290598,0.5650522317188984,1171.0,8.0,927.0,916.0,0.4401709401709401,0.4349477682811016,19.0,908.0,0.4678492239467849,-0.0643236256688828,0.4691358024691358,,0.4663461538461538,0.4663461538461538,0.0027896486229819,0.5011086474501109,0.4611973392461197,0.4988913525498891,0.5388026607538803,0.0,0.0,0.0776053215077605,0.0022172949002217,0.0399113082039911,243.0,225.0,0.5388026607538803,0.4988913525498891,114.0,129.0,208.0,226.0,0.4611973392461197,0.5011086474501109,111.0,97.0,0.5243362831858407,-0.1304323888048174,0.5349887133182845,,0.0,0.0,0.5349887133182845,0.4557522123893805,0.0199115044247787,0.5442477876106194,0.9800884955752212,0.0,0.0,0.9601769911504424,0.0884955752212389,0.4358407079646018,443.0,246.0,0.9800884955752212,0.5442477876106194,237.0,206.0,9.0,206.0,0.0199115044247787,0.4557522123893805,9.0,0.0
deepfm_narrow,deepfm,42,6,512,0.001,0.0001,0.15,3,64,32,256x128,threshold,4,0.69,0.4662982396756109,0.2304139703512192,0.9188034188034188,0.8365828816066535,0.9643765903307888,,0.86084142394822,0.86084142394822,0.1035351663825687,0.3988603988603988,0.4401709401709401,0.6011396011396012,0.5598290598290598,0.0,0.0,0.1196581196581196,0.2022792022792023,0.0413105413105412,1179.0,1266.0,0.5598290598290598,0.6011396011396012,1137.0,42.0,927.0,840.0,0.4401709401709401,0.3988603988603988,129.0,798.0,0.4745011086474501,-0.0506353861885351,0.4732510288065844,,0.4759615384615384,0.4732510288065844,0.002710509654954,0.5033259423503326,0.4611973392461197,0.4966740576496674,0.5388026607538803,0.0,0.0,0.0776053215077605,0.0066518847006651,0.0421286031042128,243.0,224.0,0.5388026607538803,0.4966740576496674,115.0,128.0,208.0,227.0,0.4611973392461197,0.5033259423503326,109.0,99.0,0.5442477876106194,-0.1252801932038288,0.5553047404063205,,0.0,0.0,0.5553047404063205,0.4358407079646018,0.0199115044247787,0.5641592920353983,0.9800884955752212,0.0,0.0,0.9601769911504424,0.1283185840707965,0.415929203539823,443.0,255.0,0.9800884955752212,0.5641592920353983,246.0,197.0,9.0,197.0,0.0199115044247787,0.4358407079646018,9.0,0.0
deepfm_high_dropout,deepfm,44,6,512,0.001,0.0001,0.3,3,64,32,384x192x96,threshold,4,0.53,0.3748620946452925,0.3557827472686767,0.8542260208926875,0.7034722149107905,0.8829516539440203,,0.8176914778856527,0.8176914778856527,0.0652601760583676,0.4254510921177588,0.4401709401709401,0.5745489078822412,0.5598290598290598,0.0,0.0,0.1196581196581196,0.1490978157644824,0.0147198480531813,1179.0,1210.0,0.5598290598290598,0.5745489078822412,1041.0,138.0,927.0,896.0,0.4401709401709401,0.4254510921177588,169.0,758.0,0.3880266075388026,-0.2237749962559825,0.3909465020576131,,0.3846153846153846,0.3846153846153846,0.0063311174422285,0.5055432372505543,0.4611973392461197,0.4944567627494456,0.5388026607538803,0.0,0.0,0.0776053215077605,0.0110864745011086,0.0443458980044345,243.0,223.0,0.5388026607538803,0.4944567627494456,95.0,148.0,208.0,228.0,0.4611973392461197,0.5055432372505543,128.0,80.0,0.5995575221238938,-0.11171322755709,0.6117381489841986,,0.0,0.0,0.6117381489841986,0.3805309734513274,0.0199115044247787,0.6194690265486725,0.9800884955752212,0.0,0.0,0.9601769911504424,0.2389380530973451,0.3606194690265487,443.0,280.0,0.9800884955752212,0.6194690265486725,271.0,172.0,9.0,172.0,0.0199115044247787,0.3805309734513274,9.0,0.0
deepfm_dropout_low,deepfm,45,6,512,0.001,0.0001,0.08,3,64,32,384x192x96,threshold,3,0.64,0.5311465709839693,0.2260341823101043,0.8133903133903134,0.6292442805362353,0.7879558948261238,,0.8457389428263214,0.7879558948261238,0.0577830480001976,0.4909781576448243,0.4401709401709401,0.5090218423551757,0.5598290598290598,0.0,0.0,0.1196581196581196,0.0180436847103513,0.0508072174738841,1179.0,1072.0,0.5598290598290598,0.5090218423551757,929.0,250.0,927.0,1034.0,0.4401709401709401,0.4909781576448243,143.0,784.0,0.541019955654102,0.0814301114725578,0.5432098765432098,,0.5384615384615384,0.5384615384615384,0.0047483380816714,0.4944567627494456,0.4611973392461197,0.5055432372505543,0.5388026607538803,0.0,0.0,0.0776053215077605,0.0110864745011086,0.0332594235033259,243.0,228.0,0.5388026607538803,0.5055432372505543,132.0,111.0,208.0,223.0,0.4611973392461197,0.4944567627494456,96.0,112.0,0.6194690265486725,-0.1070444789250651,0.6320541760722348,,0.0,0.0,0.6320541760722348,0.3606194690265487,0.0199115044247787,0.6393805309734514,0.9800884955752212,0.0,0.0,0.9601769911504424,0.2787610619469027,0.3407079646017699,443.0,289.0,0.9800884955752212,0.6393805309734514,280.0,163.0,9.0,163.0,0.0199115044247787,0.3606194690265487,9.0,0.0
deepfm_dropout_high,deepfm,44,6,512,0.001,0.0001,0.4,3,64,32,384x192x96,threshold,1,0.87,0.4844478609316008,0.5750823855400086,0.6381766381766382,0.2790444773772588,0.6208651399491094,,0.6601941747572816,0.6208651399491094,0.0393290348081721,0.5028490028490028,0.4401709401709401,0.4971509971509971,0.5598290598290598,0.0,0.0,0.1196581196581196,0.0056980056980056,0.0626780626780626,1179.0,1047.0,0.5598290598290598,0.4971509971509971,732.0,447.0,927.0,1059.0,0.4401709401709401,0.5028490028490028,315.0,612.0,0.516629711751663,0.0349203354723665,0.5061728395061729,,0.5288461538461539,0.5061728395061729,0.0226733143399809,0.5099778270509978,0.4611973392461197,0.4900221729490022,0.5388026607538803,0.0,0.0,0.0776053215077605,0.0199556541019955,0.048780487804878,243.0,221.0,0.5388026607538803,0.4900221729490022,123.0,120.0,208.0,230.0,0.4611973392461197,0.5099778270509978,98.0,110.0,0.6504424778761062,-0.0999519362400907,0.6636568848758465,,0.0,0.0,0.6636568848758465,0.329646017699115,0.0199115044247787,0.6703539823008849,0.9800884955752212,0.0,0.0,0.9601769911504424,0.3407079646017699,0.3097345132743363,443.0,303.0,0.9800884955752212,0.6703539823008849,294.0,149.0,9.0,149.0,0.0199115044247787,0.329646017699115,9.0,0.0
dcn_wider_mlp,dcn,43,6,512,0.001,0.0001,0.15,3,64,32,512x256x128,threshold,2,0.53,0.3933539331540686,0.0804741889238357,0.9605887939221271,0.9228084637115896,0.9346904156064462,,0.9935275080906149,0.9346904156064462,0.0588370924841686,0.4738841405508072,0.4401709401709401,0.5261158594491928,0.5598290598290598,0.0,0.0,0.1196581196581196,0.0522317188983855,0.033713200379867,1179.0,1108.0,0.5598290598290598,0.5261158594491928,1102.0,77.0,927.0,998.0,0.4401709401709401,0.4738841405508072,6.0,921.0,0.3991130820399113,-0.2012002699648842,0.3991769547325103,,0.3990384615384615,0.3990384615384615,0.0001384931940487,0.5077605321507761,0.4611973392461197,0.4922394678492239,0.5388026607538803,0.0,0.0,0.0776053215077605,0.0155210643015521,0.0465631929046563,243.0,222.0,0.5388026607538803,0.4922394678492239,97.0,146.0,208.0,229.0,0.4611973392461197,0.5077605321507761,125.0,83.0,0.6836283185840708,-0.0925248161475326,0.6975169300225733,,0.0,0.0,0.6975169300225733,0.2964601769911504,0.0199115044247787,0.7035398230088495,0.9800884955752212,0.0,0.0,0.9601769911504424,0.4070796460176991,0.2765486725663717,443.0,318.0,0.9800884955752212,0.7035398230088495,309.0,134.0,9.0,134.0,0.0199115044247787,0.2964601769911504,9.0,0.0
deepfm_embed128,deepfm,44,6,512,0.001,0.0001,0.15,3,64,128,384x192x96,threshold,4,0.26,0.507299061597842,0.7537078380584716,0.8271604938271605,0.6611667804484584,0.9567430025445292,,0.6623516720604099,0.6623516720604099,0.2943913304841193,0.3157644824311491,0.4401709401709401,0.6842355175688509,0.5598290598290598,0.0,0.0,0.1196581196581196,0.3684710351377018,0.124406457739791,1179.0,1441.0,0.5598290598290598,0.6842355175688509,1128.0,51.0,927.0,665.0,0.4401709401709401,0.3157644824311491,313.0,614.0,0.516629711751663,0.0328429754592563,0.5185185185185185,,0.5144230769230769,0.5144230769230769,0.0040954415954416,0.4966740576496674,0.4611973392461197,0.5033259423503326,0.5388026607538803,0.0,0.0,0.0776053215077605,0.0066518847006651,0.0354767184035477,243.0,227.0,0.5388026607538803,0.5033259423503326,126.0,117.0,208.0,224.0,0.4611973392461197,0.4966740576496674,101.0,107.0,0.7190265486725663,-0.0847202369688651,0.7336343115124153,,0.0,0.0,0.7336343115124153,0.2610619469026549,0.0199115044247787,0.7389380530973452,0.9800884955752212,0.0,0.0,0.9601769911504424,0.4778761061946903,0.2411504424778761,443.0,334.0,0.9800884955752212,0.7389380530973452,325.0,118.0,9.0,118.0,0.0199115044247787,0.2610619469026549,9.0,0.0
deepfm_dropout_high,deepfm,42,6,512,0.001,0.0001,0.4,3,64,32,384x192x96,threshold,2,0.29,0.3755328561832626,0.5081801891326905,0.7269705603038936,0.4555555756435053,0.7090754877014419,,0.749730312837109,0.7090754877014419,0.040654825135667,0.4928774928774929,0.4401709401709401,0.5071225071225072,0.5598290598290598,0.0,0.0,0.1196581196581196,0.0142450142450142,0.0527065527065527,1179.0,1068.0,0.5598290598290598,0.5071225071225072,836.0,343.0,927.0,1038.0,0.4401709401709401,0.4928774928774929,232.0,695.0,0.3835920177383592,-0.2320130763587743,0.382716049382716,,0.3846153846153846,0.382716049382716,0.0018993352326686,0.5099778270509978,0.4611973392461197,0.4900221729490022,0.5388026607538803,0.0,0.0,0.0776053215077605,0.0199556541019955,0.048780487804878,243.0,221.0,0.5388026607538803,0.4900221729490022,93.0,150.0,208.0,230.0,0.4611973392461197,0.5099778270509978,128.0,80.0,0.7389380530973452,-0.0803499443958715,0.7539503386004515,,0.0,0.0,0.7539503386004515,0.2411504424778761,0.0199115044247787,0.7588495575221239,0.9800884955752212,0.0,0.0,0.9601769911504424,0.5176991150442478,0.2212389380530973,443.0,343.0,0.9800884955752212,0.7588495575221239,334.0,109.0,9.0,109.0,0.0199115044247787,0.2411504424778761,9.0,0.0
dcn_cross_heavy,dcn,45,6,512,0.001,0.0001,0.15,6,128,32,384x192x96,threshold,4,0.79,0.4994553124532798,0.0987006083130836,0.99002849002849,0.9799197510238284,1.0,,0.9773462783171522,0.9773462783171522,0.0226537216828478,0.4301994301994302,0.4401709401709401,0.5698005698005698,0.5598290598290598,0.0,0.0,0.1196581196581196,0.1396011396011396,0.0099715099715099,1179.0,1200.0,0.5598290598290598,0.5698005698005698,1179.0,0.0,927.0,906.0,0.4401709401709401,0.4301994301994302,21.0,906.0,0.5232815964523282,0.0451596880769757,0.5308641975308642,,0.5144230769230769,0.5144230769230769,0.0164411206077873,0.4900221729490022,0.4611973392461197,0.5099778270509978,0.5388026607538803,0.0,0.0,0.0776053215077605,0.0199556541019955,0.0288248337028825,243.0,230.0,0.5388026607538803,0.5099778270509978,129.0,114.0,208.0,221.0,0.4611973392461197,0.4900221729490022,101.0,107.0,0.7433628318584071,-0.0793782889022123,0.7584650112866818,,0.0,0.0,0.7584650112866818,0.2367256637168141,0.0199115044247787,0.7632743362831859,0.9800884955752212,0.0,0.0,0.9601769911504424,0.5265486725663717,0.2168141592920354,443.0,345.0,0.9800884955752212,0.7632743362831859,336.0,107.0,9.0,107.0,0.0199115044247787,0.2367256637168141,9.0,0.0
dcn_xwide,dcn,44,6,512,0.001,0.0001,0.15,3,64,32,640x320x160,threshold,1,0.49,0.4463413704131861,0.0862501233816146,0.9116809116809116,0.8228849613448053,0.899067005937235,,0.9277238403451996,0.899067005937235,0.0286568344079646,0.4648622981956315,0.4401709401709401,0.5351377018043685,0.5598290598290598,0.0,0.0,0.1196581196581196,0.0702754036087369,0.0246913580246913,1179.0,1127.0,0.5598290598290598,0.5351377018043685,1060.0,119.0,927.0,979.0,0.4401709401709401,0.4648622981956315,67.0,860.0,0.4523281596452328,-0.0951164130117322,0.4526748971193415,,0.4519230769230769,0.4519230769230769,0.0007518201962646,0.5033259423503326,0.4611973392461197,0.4966740576496674,0.5388026607538803,0.0,0.0,0.0776053215077605,0.0066518847006651,0.0421286031042128,243.0,224.0,0.5388026607538803,0.4966740576496674,110.0,133.0,208.0,227.0,0.4611973392461197,0.5033259423503326,114.0,94.0,0.7522123893805309,-0.0774328582451317,0.7674943566591422,,0.0,0.0,0.7674943566591422,0.2278761061946902,0.0199115044247787,0.7721238938053098,0.9800884955752212,0.0,0.0,0.9601769911504424,0.5442477876106195,0.2079646017699115,443.0,349.0,0.9800884955752212,0.7721238938053098,340.0,103.0,9.0,103.0,0.0199115044247787,0.2278761061946902,9.0,0.0
dcn_xwide,dcn,42,6,512,0.001,0.0001,0.15,3,64,32,640x320x160,threshold,2,0.65,0.4154693177694533,0.0781416803598404,0.9653371320037988,0.9301233698149723,0.9872773536895676,,0.9374325782092772,0.9374325782092772,0.0498447754802902,0.419753086419753,0.4401709401709401,0.5802469135802469,0.5598290598290598,0.0,0.0,0.1196581196581196,0.1604938271604938,0.0204178537511871,1179.0,1222.0,0.5598290598290598,0.5802469135802469,1164.0,15.0,927.0,884.0,0.4401709401709401,0.419753086419753,58.0,869.0,0.425720620842572,-0.1478177882975661,0.4238683127572016,,0.4278846153846153,0.4238683127572016,0.0040163026274137,0.5077605321507761,0.4611973392461197,0.4922394678492239,0.5388026607538803,0.0,0.0,0.0776053215077605,0.0155210643015521,0.0465631929046563,243.0,222.0,0.5388026607538803,0.4922394678492239,103.0,140.0,208.0,229.0,0.4611973392461197,0.5077605321507761,119.0,89.0,0.754424778761062,-0.0769458949611382,0.7697516930022573,,0.0,0.0,0.7697516930022573,0.2256637168141592,0.0199115044247787,0.7743362831858407,0.9800884955752212,0.0,0.0,0.9601769911504424,0.5486725663716814,0.2057522123893805,443.0,350.0,0.9800884955752212,0.7743362831858407,341.0,102.0,9.0,102.0,0.0199115044247787,0.2256637168141592,9.0,0.0
deepfm_dropout_low,deepfm,42,6,512,0.001,0.0001,0.08,3,64,32,384x192x96,threshold,4,0.89,0.4190978982374647,0.3445579707622528,0.7801519468186134,0.5887940552604369,0.9847328244274808,,0.5199568500539374,0.5199568500539374,0.4647759743735434,0.2374169040835707,0.4401709401709401,0.7625830959164293,0.5598290598290598,0.0,0.0,0.1196581196581196,0.5251661918328585,0.2027540360873694,1179.0,1606.0,0.5598290598290598,0.7625830959164293,1161.0,18.0,927.0,500.0,0.4401709401709401,0.2374169040835707,445.0,482.0,0.4434589800443459,-0.1115587577325864,0.4362139917695473,,0.4519230769230769,0.4362139917695473,0.0157090851535295,0.5121951219512195,0.4611973392461197,0.4878048780487805,0.5388026607538803,0.0,0.0,0.0776053215077605,0.024390243902439,0.0509977827050998,243.0,220.0,0.5388026607538803,0.4878048780487805,106.0,137.0,208.0,231.0,0.4611973392461197,0.5121951219512195,114.0,94.0,0.7588495575221239,-0.0759710379325945,0.7742663656884876,,0.0,0.0,0.7742663656884876,0.2212389380530973,0.0199115044247787,0.7787610619469026,0.9800884955752212,0.0,0.0,0.9601769911504424,0.5575221238938053,0.2013274336283186,443.0,352.0,0.9800884955752212,0.7787610619469026,343.0,100.0,9.0,100.0,0.0199115044247787,0.2212389380530973,9.0,0.0
deepfm_dropout_high,deepfm,43,6,512,0.001,0.0001,0.4,3,64,32,384x192x96,threshold,1,0.51,0.4771897401504448,0.5977238416671753,0.647673314339981,0.2746013861571142,0.7582697201017812,,0.5070118662351673,0.5070118662351673,0.2512578538666139,0.3584995251661918,0.4401709401709401,0.6415004748338081,0.5598290598290598,0.0,0.0,0.1196581196581196,0.2830009496676163,0.0816714150047483,1179.0,1351.0,0.5598290598290598,0.6415004748338081,894.0,285.0,927.0,755.0,0.4401709401709401,0.3584995251661918,457.0,470.0,0.4878048780487805,-0.0239467700946169,0.48559670781893,,0.4903846153846153,0.48559670781893,0.0047879075656853,0.5033259423503326,0.4611973392461197,0.4966740576496674,0.5388026607538803,0.0,0.0,0.0776053215077605,0.0066518847006651,0.0421286031042128,243.0,224.0,0.5388026607538803,0.4966740576496674,118.0,125.0,208.0,227.0,0.4611973392461197,0.5033259423503326,106.0,102.0,0.7699115044247787,-0.0735270405748516,0.7855530474040632,,0.0,0.0,0.7855530474040632,0.2101769911504424,0.0199115044247787,0.7898230088495575,0.9800884955752212,0.0,0.0,0.9601769911504424,0.579646017699115,0.1902654867256637,443.0,357.0,0.9800884955752212,0.7898230088495575,348.0,95.0,9.0,95.0,0.0199115044247787,0.2101769911504424,9.0,0.0
dcn_cross_heavy,dcn,42,6,512,0.001,0.0001,0.15,6,128,32,384x192x96,threshold,4,0.44,0.4357565334394602,0.1073788583278656,0.9947768281101614,0.9894194849699228,0.993214588634436,,0.9967637540453076,0.993214588634436,0.0035491654108714,0.4425451092117758,0.4401709401709401,0.5574548907882241,0.5598290598290598,0.0,0.0,0.1196581196581196,0.1149097815764482,0.0023741690408357,1179.0,1174.0,0.5598290598290598,0.5574548907882241,1171.0,8.0,927.0,932.0,0.4401709401709401,0.4425451092117758,3.0,924.0,0.4434589800443459,-0.112908823741011,0.4444444444444444,,0.4423076923076923,0.4423076923076923,0.0021367521367521,0.5033259423503326,0.4611973392461197,0.4966740576496674,0.5388026607538803,0.0,0.0,0.0776053215077605,0.0066518847006651,0.0421286031042128,243.0,224.0,0.5388026607538803,0.4966740576496674,108.0,135.0,208.0,227.0,0.4611973392461197,0.5033259423503326,116.0,92.0,0.7831858407079646,-0.0705766568537997,0.7990970654627539,,0.0,0.0,0.7990970654627539,0.1969026548672566,0.0199115044247787,0.8030973451327433,0.9800884955752212,0.0,0.0,0.9601769911504424,0.6061946902654867,0.1769911504424778,443.0,363.0,0.9800884955752212,0.8030973451327433,354.0,89.0,9.0,89.0,0.0199115044247787,0.1969026548672566,9.0,0.0
dcn_deep_cross,dcn,42,6,512,0.001,0.0001,0.15,5,64,32,384x192x96,threshold,4,0.89,0.4118388176111752,0.0827736586332321,0.9919278252611586,0.9836958522287736,0.9991518235793044,,0.982740021574973,0.982740021574973,0.0164118020043315,0.433048433048433,0.4401709401709401,0.5669515669515669,0.5598290598290598,0.0,0.0,0.1196581196581196,0.1339031339031338,0.0071225071225071,1179.0,1194.0,0.5598290598290598,0.5669515669515669,1178.0,1.0,927.0,912.0,0.4401709401709401,0.433048433048433,16.0,911.0,0.4212860310421286,-0.1567148685754525,0.419753086419753,,0.4230769230769231,0.419753086419753,0.00332383665717,0.5077605321507761,0.4611973392461197,0.4922394678492239,0.5388026607538803,0.0,0.0,0.0776053215077605,0.0155210643015521,0.0465631929046563,243.0,222.0,0.5388026607538803,0.4922394678492239,102.0,141.0,208.0,229.0,0.4611973392461197,0.5077605321507761,120.0,88.0,0.7920353982300885,-0.0685955310005752,0.8081264108352144,,0.0,0.0,0.8081264108352144,0.1880530973451327,0.0199115044247787,0.8119469026548672,0.9800884955752212,0.0,0.0,0.9601769911504424,0.6238938053097345,0.1681415929203539,443.0,367.0,0.9800884955752212,0.8119469026548672,358.0,85.0,9.0,85.0,0.0199115044247787,0.1880530973451327,9.0,0.0
deepfm_high_dropout,deepfm,42,6,512,0.001,0.0001,0.3,3,64,32,384x192x96,threshold,5,0.63,0.366891840719754,0.3917216360569,0.8846153846153846,0.7700453999825052,0.9601357082273112,,0.7885652642934197,0.7885652642934197,0.1715704439338916,0.3694207027540361,0.4401709401709401,0.630579297245964,0.5598290598290598,0.0,0.0,0.1196581196581196,0.2611585944919278,0.070750237416904,1179.0,1328.0,0.5598290598290598,0.630579297245964,1132.0,47.0,927.0,778.0,0.4401709401709401,0.3694207027540361,196.0,731.0,0.376940133037694,-0.2456856713543159,0.3786008230452675,,0.375,0.375,0.0036008230452674,0.5077605321507761,0.4611973392461197,0.4922394678492239,0.5388026607538803,0.0,0.0,0.0776053215077605,0.0155210643015521,0.0465631929046563,243.0,222.0,0.5388026607538803,0.4922394678492239,92.0,151.0,208.0,229.0,0.4611973392461197,0.5077605321507761,130.0,78.0,0.7920353982300885,-0.0685955310005752,0.8081264108352144,,0.0,0.0,0.8081264108352144,0.1880530973451327,0.0199115044247787,0.8119469026548672,0.9800884955752212,0.0,0.0,0.9601769911504424,0.6238938053097345,0.1681415929203539,443.0,367.0,0.9800884955752212,0.8119469026548672,358.0,85.0,9.0,85.0,0.0199115044247787,0.1880530973451327,9.0,0.0
deepfm_dropout_high,deepfm,45,6,512,0.001,0.0001,0.4,3,64,32,384x192x96,threshold,6,0.83,0.451633788900049,0.5109963238239288,0.8855650522317189,0.7794041648683353,0.9881255301102628,,0.7551240560949298,0.7551240560949298,0.2330014740153331,0.339031339031339,0.4401709401709401,0.6609686609686609,0.5598290598290598,0.0,0.0,0.1196581196581196,0.3219373219373219,0.1011396011396011,1179.0,1392.0,0.5598290598290598,0.6609686609686609,1165.0,14.0,927.0,714.0,0.4401709401709401,0.339031339031339,227.0,700.0,0.4567627494456763,-0.0862202076470927,0.4567901234567901,,0.4567307692307692,0.4567307692307692,5.935422602088014e-05,0.5033259423503326,0.4611973392461197,0.4966740576496674,0.5388026607538803,0.0,0.0,0.0776053215077605,0.0066518847006651,0.0421286031042128,243.0,224.0,0.5388026607538803,0.4966740576496674,111.0,132.0,208.0,227.0,0.4611973392461197,0.5033259423503326,113.0,95.0,0.7920353982300885,-0.0685955310005752,0.8081264108352144,,0.0,0.0,0.8081264108352144,0.1880530973451327,0.0199115044247787,0.8119469026548672,0.9800884955752212,0.0,0.0,0.9601769911504424,0.6238938053097345,0.1681415929203539,443.0,367.0,0.9800884955752212,0.8119469026548672,358.0,85.0,9.0,85.0,0.0199115044247787,0.1880530973451327,9.0,0.0
deepfm_xwide,deepfm,45,6,512,0.001,0.0001,0.15,3,64,32,640x320x160,threshold,3,0.76,0.3828956009613192,0.2421223104000091,0.7796771130104464,0.5808585260319375,0.9728583545377438,,0.5339805825242718,0.5339805825242718,0.438877772013472,0.2502374169040836,0.4401709401709401,0.7497625830959165,0.5598290598290598,0.0,0.0,0.1196581196581196,0.4995251661918329,0.1899335232668565,1179.0,1579.0,0.5598290598290598,0.7497625830959165,1147.0,32.0,927.0,527.0,0.4401709401709401,0.2502374169040836,432.0,495.0,0.4079822616407982,-0.1847652258940282,0.4156378600823045,,0.3990384615384615,0.3990384615384615,0.0165993985438429,0.4988913525498891,0.4611973392461197,0.5011086474501109,0.5388026607538803,0.0,0.0,0.0776053215077605,0.0022172949002217,0.0376940133037694,243.0,226.0,0.5388026607538803,0.5011086474501109,101.0,142.0,208.0,225.0,0.4611973392461197,0.4988913525498891,125.0,83.0,0.8163716814159292,-0.0630651381680498,0.8329571106094809,,0.0,0.0,0.8329571106094809,0.163716814159292,0.0199115044247787,0.8362831858407079,0.9800884955752212,0.0,0.0,0.9601769911504424,0.6725663716814159,0.1438053097345132,443.0,378.0,0.9800884955752212,0.8362831858407079,369.0,74.0,9.0,74.0,0.0199115044247787,0.163716814159292,9.0,0.0
dcn_base,dcn,42,6,512,0.001,0.0001,0.15,3,64,32,384x192x96,threshold,4,0.64,0.4880812406252786,0.0819591388106346,0.99335232668566,0.9865126341994508,0.9957591178965224,,0.9902912621359224,0.9902912621359224,0.0054678557606001,0.4382716049382716,0.4401709401709401,0.5617283950617284,0.5598290598290598,0.0,0.0,0.1196581196581196,0.1234567901234568,0.0018993352326685,1179.0,1183.0,0.5598290598290598,0.5617283950617284,1174.0,5.0,927.0,923.0,0.4401709401709401,0.4382716049382716,9.0,918.0,0.5011086474501109,0.0027418459993012,0.4979423868312757,,0.5048076923076923,0.4979423868312757,0.0068653054764165,0.5033259423503326,0.4611973392461197,0.4966740576496674,0.5388026607538803,0.0,0.0,0.0776053215077605,0.0066518847006651,0.0421286031042128,243.0,224.0,0.5388026607538803,0.4966740576496674,121.0,122.0,208.0,227.0,0.4611973392461197,0.5033259423503326,103.0,105.0,0.831858407079646,-0.0594602085628158,0.8487584650112867,,0.0,0.0,0.8487584650112867,0.1482300884955752,0.0199115044247787,0.8517699115044248,0.9800884955752212,0.0,0.0,0.9601769911504424,0.7035398230088497,0.1283185840707964,443.0,385.0,0.9800884955752212,0.8517699115044248,376.0,67.0,9.0,67.0,0.0199115044247787,0.1482300884955752,9.0,0.0
dcn_deep_cross,dcn,43,6,512,0.001,0.0001,0.15,5,64,32,384x192x96,threshold,3,0.84,0.451633788900049,0.0853888213634491,0.9876543209876544,0.9749984639900262,0.9949109414758268,,0.9784250269687162,0.9784250269687162,0.0164859145071106,0.4335232668566002,0.4401709401709401,0.5664767331433999,0.5598290598290598,0.0,0.0,0.1196581196581196,0.1329534662867996,0.0066476733143399,1179.0,1193.0,0.5598290598290598,0.5664767331433999,1173.0,6.0,927.0,913.0,0.4401709401709401,0.4335232668566002,20.0,907.0,0.4567627494456763,-0.0862202076470927,0.4567901234567901,,0.4567307692307692,0.4567307692307692,5.935422602088014e-05,0.5033259423503326,0.4611973392461197,0.4966740576496674,0.5388026607538803,0.0,0.0,0.0776053215077605,0.0066518847006651,0.0421286031042128,243.0,224.0,0.5388026607538803,0.4966740576496674,111.0,132.0,208.0,227.0,0.4611973392461197,0.5033259423503326,113.0,95.0,0.834070796460177,-0.05893831384496,0.8510158013544018,,0.0,0.0,0.8510158013544018,0.1460176991150442,0.0199115044247787,0.8539823008849557,0.9800884955752212,0.0,0.0,0.9601769911504424,0.7079646017699115,0.1261061946902655,443.0,386.0,0.9800884955752212,0.8539823008849557,377.0,66.0,9.0,66.0,0.0199115044247787,0.1460176991150442,9.0,0.0
deepfm_base,deepfm,44,6,512,0.001,0.0001,0.15,3,64,32,384x192x96,threshold,4,0.76,0.3973158571329303,0.2185803890228271,0.8684710351377019,0.7446900506187571,0.9779474130619168,,0.7292340884573895,0.7292340884573895,0.2487133246045274,0.3333333333333333,0.4401709401709401,0.6666666666666666,0.5598290598290598,0.0,0.0,0.1196581196581196,0.3333333333333333,0.1068376068376068,1179.0,1404.0,0.5598290598290598,0.6666666666666666,1153.0,26.0,927.0,702.0,0.4401709401709401,0.3333333333333333,251.0,676.0,0.4101995565410199,-0.1786263939925461,0.4074074074074074,,0.4134615384615384,0.4074074074074074,0.006054131054131,0.5099778270509978,0.4611973392461197,0.4900221729490022,0.5388026607538803,0.0,0.0,0.0776053215077605,0.0199556541019955,0.048780487804878,243.0,221.0,0.5388026607538803,0.4900221729490022,99.0,144.0,208.0,230.0,0.4611973392461197,0.5099778270509978,122.0,86.0,0.834070796460177,-0.05893831384496,0.8510158013544018,,0.0,0.0,0.8510158013544018,0.1460176991150442,0.0199115044247787,0.8539823008849557,0.9800884955752212,0.0,0.0,0.9601769911504424,0.7079646017699115,0.1261061946902655,443.0,386.0,0.9800884955752212,0.8539823008849557,377.0,66.0,9.0,66.0,0.0199115044247787,0.1460176991150442,9.0,0.0
dcn_dropout_low,dcn,42,6,512,0.001,0.0001,0.08,3,64,32,384x192x96,threshold,4,0.61,0.4754812982861764,0.0844858303666114,0.9947768281101614,0.989407293171516,0.9974554707379136,,0.9913700107874864,0.9913700107874864,0.0060854599504269,0.4377967711301044,0.4401709401709401,0.5622032288698955,0.5598290598290598,0.0,0.0,0.1196581196581196,0.124406457739791,0.0023741690408357,1179.0,1184.0,0.5598290598290598,0.5622032288698955,1176.0,3.0,927.0,922.0,0.4401709401709401,0.4377967711301044,8.0,919.0,0.4811529933481153,-0.0376355344299995,0.4814814814814814,,0.4807692307692308,0.4807692307692308,0.0007122507122506,0.5011086474501109,0.4611973392461197,0.4988913525498891,0.5388026607538803,0.0,0.0,0.0776053215077605,0.0022172949002217,0.0399113082039911,243.0,225.0,0.5388026607538803,0.4988913525498891,117.0,126.0,208.0,226.0,0.4611973392461197,0.5011086474501109,108.0,100.0,0.8407079646017699,-0.0573607558791634,0.8577878103837472,,0.0,0.0,0.8577878103837472,0.1393805309734513,0.0199115044247787,0.8606194690265486,0.9800884955752212,0.0,0.0,0.9601769911504424,0.7212389380530972,0.1194690265486725,443.0,389.0,0.9800884955752212,0.8606194690265486,380.0,63.0,9.0,63.0,0.0199115044247787,0.1393805309734513,9.0,0.0
dcn_dropout_high,dcn,42,6,512,0.001,0.0001,0.4,3,64,32,384x192x96,threshold,2,0.71,0.4490192058518616,0.0964190810918808,0.9605887939221271,0.9201959966340488,0.9787955894826124,,0.9374325782092772,0.9374325782092772,0.041363011273335,0.4245014245014245,0.4401709401709401,0.5754985754985755,0.5598290598290598,0.0,0.0,0.1196581196581196,0.150997150997151,0.0156695156695156,1179.0,1212.0,0.5598290598290598,0.5754985754985755,1154.0,25.0,927.0,894.0,0.4401709401709401,0.4245014245014245,58.0,869.0,0.458980044345898,-0.0821156864948051,0.4609053497942387,,0.4567307692307692,0.4567307692307692,0.0041745805634694,0.5011086474501109,0.4611973392461197,0.4988913525498891,0.5388026607538803,0.0,0.0,0.0776053215077605,0.0022172949002217,0.0399113082039911,243.0,225.0,0.5388026607538803,0.4988913525498891,112.0,131.0,208.0,226.0,0.4611973392461197,0.5011086474501109,113.0,95.0,0.8407079646017699,-0.0573607558791634,0.8577878103837472,,0.0,0.0,0.8577878103837472,0.1393805309734513,0.0199115044247787,0.8606194690265486,0.9800884955752212,0.0,0.0,0.9601769911504424,0.7212389380530972,0.1194690265486725,443.0,389.0,0.9800884955752212,0.8606194690265486,380.0,63.0,9.0,63.0,0.0199115044247787,0.1393805309734513,9.0,0.0
deepfm_base,deepfm,42,6,512,0.001,0.0001,0.15,3,64,32,384x192x96,threshold,3,0.41,0.3755318963381294,0.3165469706058502,0.8072174738841406,0.6318939981117364,0.9745547073791349,,0.5943905070118662,0.5943905070118662,0.3801642003672686,0.2758784425451092,0.4401709401709401,0.7241215574548908,0.5598290598290598,0.0,0.0,0.1196581196581196,0.4482431149097816,0.1642924976258309,1179.0,1525.0,0.5598290598290598,0.7241215574548908,1149.0,30.0,927.0,581.0,0.4401709401709401,0.2758784425451092,376.0,551.0,0.3902439024390244,-0.2183426270019103,0.3868312757201646,,0.3942307692307692,0.3868312757201646,0.0073994935106045,0.5121951219512195,0.4611973392461197,0.4878048780487805,0.5388026607538803,0.0,0.0,0.0776053215077605,0.024390243902439,0.0509977827050998,243.0,220.0,0.5388026607538803,0.4878048780487805,94.0,149.0,208.0,231.0,0.4611973392461197,0.5121951219512195,126.0,82.0,0.8451327433628318,-0.0562983841893165,0.8623024830699775,,0.0,0.0,0.8623024830699775,0.1349557522123893,0.0199115044247787,0.8650442477876106,0.9800884955752212,0.0,0.0,0.9601769911504424,0.7300884955752212,0.1150442477876106,443.0,391.0,0.9800884955752212,0.8650442477876106,382.0,61.0,9.0,61.0,0.0199115044247787,0.1349557522123893,9.0,0.0
dcn_dropout_low,dcn,43,6,512,0.001,0.0001,0.08,3,64,32,384x192x96,threshold,2,0.68,0.3973168169780635,0.0765379518270492,0.9729344729344728,0.9450619396417934,0.9779474130619168,,0.9665587918015104,0.9665587918015104,0.0113886212604066,0.4377967711301044,0.4401709401709401,0.5622032288698955,0.5598290598290598,0.0,0.0,0.1196581196581196,0.124406457739791,0.0023741690408357,1179.0,1184.0,0.5598290598290598,0.5622032288698955,1153.0,26.0,927.0,922.0,0.4401709401709401,0.4377967711301044,31.0,896.0,0.4035476718403548,-0.1923031896869979,0.4032921810699588,,0.4038461538461538,0.4032921810699588,0.000553972776195,0.5077605321507761,0.4611973392461197,0.4922394678492239,0.5388026607538803,0.0,0.0,0.0776053215077605,0.0155210643015521,0.0465631929046563,243.0,222.0,0.5388026607538803,0.4922394678492239,98.0,145.0,208.0,229.0,0.4611973392461197,0.5077605321507761,124.0,84.0,0.8451327433628318,-0.0562983841893165,0.8623024830699775,,0.0,0.0,0.8623024830699775,0.1349557522123893,0.0199115044247787,0.8650442477876106,0.9800884955752212,0.0,0.0,0.9601769911504424,0.7300884955752212,0.1150442477876106,443.0,391.0,0.9800884955752212,0.8650442477876106,382.0,61.0,9.0,61.0,0.0199115044247787,0.1349557522123893,9.0,0.0
deepfm_high_dropout,deepfm,43,6,512,0.001,0.0001,0.3,3,64,32,384x192x96,threshold,5,0.84,0.4066798579569582,0.3270630478858948,0.8442545109211775,0.7062137203676507,0.9906700593723494,,0.6580366774541532,0.6580366774541532,0.3326333819181962,0.2948717948717949,0.4401709401709401,0.7051282051282052,0.5598290598290598,0.0,0.0,0.1196581196581196,0.4102564102564103,0.1452991452991452,1179.0,1485.0,0.5598290598290598,0.7051282051282052,1168.0,11.0,927.0,621.0,0.4401709401709401,0.2948717948717949,317.0,610.0,0.4235033259423503,-0.1532839297984939,0.4279835390946502,,0.4182692307692308,0.4182692307692308,0.0097143083254194,0.5011086474501109,0.4611973392461197,0.4988913525498891,0.5388026607538803,0.0,0.0,0.0776053215077605,0.0022172949002217,0.0399113082039911,243.0,225.0,0.5388026607538803,0.4988913525498891,104.0,139.0,208.0,226.0,0.4611973392461197,0.5011086474501109,121.0,87.0,0.8473451327433629,-0.0557637515135295,0.8645598194130926,,0.0,0.0,0.8645598194130926,0.1327433628318584,0.0199115044247787,0.8672566371681416,0.9800884955752212,0.0,0.0,0.9601769911504424,0.7345132743362832,0.1128318584070796,443.0,392.0,0.9800884955752212,0.8672566371681416,383.0,60.0,9.0,60.0,0.0199115044247787,0.1327433628318584,9.0,0.0
dcn_base,dcn,43,6,512,0.001,0.0001,0.15,3,64,32,384x192x96,threshold,5,0.87,0.3987096040314197,0.0794195383787155,0.9938271604938272,0.9875146843551272,0.9991518235793044,,0.9870550161812298,0.9870550161812298,0.0120968073980747,0.4349477682811016,0.4401709401709401,0.5650522317188984,0.5598290598290598,0.0,0.0,0.1196581196581196,0.1301044634377968,0.0052231718898385,1179.0,1190.0,0.5598290598290598,0.5650522317188984,1178.0,1.0,927.0,916.0,0.4401709401709401,0.4349477682811016,12.0,915.0,0.4124168514412417,-0.1751822612934868,0.4156378600823045,,0.4086538461538461,0.4086538461538461,0.0069840139284583,0.5033259423503326,0.4611973392461197,0.4966740576496674,0.5388026607538803,0.0,0.0,0.0776053215077605,0.0066518847006651,0.0421286031042128,243.0,224.0,0.5388026607538803,0.4966740576496674,101.0,142.0,208.0,227.0,0.4611973392461197,0.5033259423503326,123.0,85.0,0.8584070796460177,-0.0530524546718175,0.8758465011286681,,0.0,0.0,0.8758465011286681,0.1216814159292035,0.0199115044247787,0.8783185840707964,0.9800884955752212,0.0,0.0,0.9601769911504424,0.7566371681415929,0.1017699115044247,443.0,397.0,0.9800884955752212,0.8783185840707964,388.0,55.0,9.0,55.0,0.0199115044247787,0.1216814159292035,9.0,0.0
dcn_high_dropout,dcn,42,6,512,0.001,0.0001,0.3,3,64,32,384x192x96,threshold,2,0.68,0.4408828188773988,0.090918818116188,0.9605887939221271,0.9200277850469916,0.9737065309584394,,0.9439050701186624,0.9439050701186624,0.029801460839777,0.4301994301994302,0.4401709401709401,0.5698005698005698,0.5598290598290598,0.0,0.0,0.1196581196581196,0.1396011396011396,0.0099715099715099,1179.0,1200.0,0.5598290598290598,0.5698005698005698,1148.0,31.0,927.0,906.0,0.4401709401709401,0.4301994301994302,52.0,875.0,0.4567627494456763,-0.0855382263523618,0.4526748971193415,,0.4615384615384615,0.4526748971193415,0.00886356441912,0.5077605321507761,0.4611973392461197,0.4922394678492239,0.5388026607538803,0.0,0.0,0.0776053215077605,0.0155210643015521,0.0465631929046563,243.0,222.0,0.5388026607538803,0.4922394678492239,110.0,133.0,208.0,229.0,0.4611973392461197,0.5077605321507761,112.0,96.0,0.8694690265486725,-0.0502679723163816,0.8871331828442438,,0.0,0.0,0.8871331828442438,0.1106194690265486,0.0199115044247787,0.8893805309734514,0.9800884955752212,0.0,0.0,0.9601769911504424,0.7787610619469028,0.0907079646017699,443.0,402.0,0.9800884955752212,0.8893805309734514,393.0,50.0,9.0,50.0,0.0199115044247787,0.1106194690265486,9.0,0.0
deepfm_dropout_low,deepfm,44,6,512,0.001,0.0001,0.08,3,64,32,384x192x96,threshold,6,0.87,0.4464046228036742,0.2489141285419464,0.9078822412155746,0.8234528671870716,0.998303647158609,,0.7928802588996764,0.7928802588996764,0.2054233882589325,0.3499525166191833,0.4401709401709401,0.6500474833808167,0.5598290598290598,0.0,0.0,0.1196581196581196,0.3000949667616334,0.0902184235517568,1179.0,1369.0,0.5598290598290598,0.6500474833808167,1177.0,2.0,927.0,737.0,0.4401709401709401,0.3499525166191833,192.0,735.0,0.4611973392461197,-0.0780128609384948,0.4650205761316872,,0.4567307692307692,0.4567307692307692,0.008289806900918,0.4988913525498891,0.4611973392461197,0.5011086474501109,0.5388026607538803,0.0,0.0,0.0776053215077605,0.0022172949002217,0.0376940133037694,243.0,226.0,0.5388026607538803,0.5011086474501109,113.0,130.0,208.0,225.0,0.4611973392461197,0.4988913525498891,113.0,95.0,0.8694690265486725,-0.0502679723163816,0.8871331828442438,,0.0,0.0,0.8871331828442438,0.1106194690265486,0.0199115044247787,0.8893805309734514,0.9800884955752212,0.0,0.0,0.9601769911504424,0.7787610619469028,0.0907079646017699,443.0,402.0,0.9800884955752212,0.8893805309734514,393.0,50.0,9.0,50.0,0.0199115044247787,0.1106194690265486,9.0,0.0
dcn_dropout_high,dcn,43,6,512,0.001,0.0001,0.4,3,64,32,384x192x96,threshold,4,0.75,0.4045778172946195,0.0936605587601661,0.9905033238366572,0.9807421475809256,0.9949109414758268,,0.9848975188781014,0.9848975188781014,0.0100134225977255,0.436372269705603,0.4401709401709401,0.563627730294397,0.5598290598290598,0.0,0.0,0.1196581196581196,0.1272554605887939,0.0037986704653371,1179.0,1187.0,0.5598290598290598,0.563627730294397,1173.0,6.0,927.0,919.0,0.4401709401709401,0.436372269705603,14.0,913.0,0.4124168514412417,-0.1745090291312252,0.411522633744856,,0.4134615384615384,0.411522633744856,0.0019389047166824,0.5077605321507761,0.4611973392461197,0.4922394678492239,0.5388026607538803,0.0,0.0,0.0776053215077605,0.0155210643015521,0.0465631929046563,243.0,222.0,0.5388026607538803,0.4922394678492239,100.0,143.0,208.0,229.0,0.4611973392461197,0.5077605321507761,122.0,86.0,0.8805309734513275,-0.0473945543415326,0.8984198645598194,,0.0,0.0,0.8984198645598194,0.0995575221238938,0.0199115044247787,0.9004424778761062,0.9800884955752212,0.0,0.0,0.9601769911504424,0.8008849557522124,0.079646017699115,443.0,407.0,0.9800884955752212,0.9004424778761062,398.0,45.0,9.0,45.0,0.0199115044247787,0.0995575221238938,9.0,0.0
deepfm_wider_mlp,deepfm,44,6,512,0.001,0.0001,0.15,3,64,32,512x256x128,threshold,2,0.85,0.4880802807801454,0.1618234157562255,0.8660968660968661,0.7358875518529303,0.9635284139100933,,0.7421790722761596,0.7421790722761596,0.2213493416339336,0.3471035137701804,0.4401709401709401,0.6528964862298196,0.5598290598290598,0.0,0.0,0.1196581196581196,0.3057929724596391,0.0930674264007597,1179.0,1375.0,0.5598290598290598,0.6528964862298196,1136.0,43.0,927.0,731.0,0.4401709401709401,0.3471035137701804,239.0,688.0,0.5077605321507761,0.0164319968160466,0.5020576131687243,,0.5144230769230769,0.5020576131687243,0.0123654637543525,0.5055432372505543,0.4611973392461197,0.4944567627494456,0.5388026607538803,0.0,0.0,0.0776053215077605,0.0110864745011086,0.0443458980044345,243.0,223.0,0.5388026607538803,0.4944567627494456,122.0,121.0,208.0,228.0,0.4611973392461197,0.5055432372505543,101.0,107.0,0.913716814159292,-0.038003517317919,0.9322799097065464,,0.0,0.0,0.9322799097065464,0.0663716814159292,0.0199115044247787,0.9336283185840708,0.9800884955752212,0.0,0.0,0.9601769911504424,0.8672566371681416,0.0464601769911504,443.0,422.0,0.9800884955752212,0.9336283185840708,413.0,30.0,9.0,30.0,0.0199115044247787,0.0663716814159292,9.0,0.0
dcn_cross_light,dcn,43,6,512,0.001,0.0001,0.15,2,32,32,384x192x96,threshold,1,0.58,0.451633788900049,0.0966300770640373,0.9107312440645774,0.8208492598264614,0.899067005937235,,0.9255663430420712,0.899067005937235,0.0264993371048362,0.4639126305792972,0.4401709401709401,0.5360873694207028,0.5598290598290598,0.0,0.0,0.1196581196581196,0.0721747388414055,0.0237416904083571,1179.0,1129.0,0.5598290598290598,0.5360873694207028,1060.0,119.0,927.0,977.0,0.4401709401709401,0.4639126305792972,69.0,858.0,0.4567627494456763,-0.0862202076470927,0.4567901234567901,,0.4567307692307692,0.4567307692307692,5.935422602088014e-05,0.5033259423503326,0.4611973392461197,0.4966740576496674,0.5388026607538803,0.0,0.0,0.0776053215077605,0.0066518847006651,0.0421286031042128,243.0,224.0,0.5388026607538803,0.4966740576496674,111.0,132.0,208.0,227.0,0.4611973392461197,0.5033259423503326,113.0,95.0,0.9203539823008848,-0.0359258298484358,0.9390519187358916,,0.0,0.0,0.9390519187358916,0.0597345132743362,0.0199115044247787,0.9402654867256636,0.9800884955752212,0.0,0.0,0.9601769911504424,0.8805309734513274,0.0398230088495575,443.0,425.0,0.9800884955752212,0.9402654867256636,416.0,27.0,9.0,27.0,0.0199115044247787,0.0597345132743362,9.0,0.0
dcn_wider_mlp,dcn,42,6,512,0.001,0.0001,0.15,3,64,32,512x256x128,threshold,4,0.81,0.4410489519263232,0.0873881220817565,0.99335232668566,0.9865589596639592,0.9991518235793044,,0.9859762675296656,0.9859762675296656,0.0131755560496389,0.4344729344729344,0.4401709401709401,0.5655270655270656,0.5598290598290598,0.0,0.0,0.1196581196581196,0.1310541310541311,0.0056980056980057,1179.0,1191.0,0.5598290598290598,0.5655270655270656,1178.0,1.0,927.0,915.0,0.4401709401709401,0.4344729344729344,13.0,914.0,0.4478935698447893,-0.1040126183763716,0.448559670781893,,0.4471153846153846,0.4471153846153846,0.0014442861665083,0.5033259423503326,0.4611973392461197,0.4966740576496674,0.5388026607538803,0.0,0.0,0.0776053215077605,0.0066518847006651,0.0421286031042128,243.0,224.0,0.5388026607538803,0.4966740576496674,109.0,134.0,208.0,227.0,0.4611973392461197,0.5033259423503326,115.0,93.0,0.9756637168141592,-0.0095022867629115,0.9954853273137696,,0.0,0.0,0.9954853273137696,0.0044247787610619,0.0199115044247787,0.995575221238938,0.9800884955752212,0.0,0.0,0.9601769911504424,0.991150442477876,0.0154867256637168,443.0,450.0,0.9800884955752212,0.995575221238938,441.0,2.0,9.0,2.0,0.0199115044247787,0.0044247787610619,9.0,0.0
