run_id,seed,model_type,hidden_dims,dropout,cross_layers,cross_rank,embed_dim,learning_rate,weight_decay,class_weight_power,label_smoothing,batch_size,cutoff_kind,cutoff_objective,best_epoch,best_margin,best_val_score,train_loss_last,train_acc,train_mcc,train_recall_down,train_recall_sideways,train_recall_up,train_recall_min,train_recall_gap,train_pred_up_share,train_true_up_share,train_pred_down_share,train_true_down_share,train_pred_sideways_share,train_true_sideways_share,train_true_balance_gap_ud,train_pred_balance_gap_ud,train_pred_target_gap,train_support_true_0,train_support_pred_0,train_share_true_0,train_share_pred_0,train_cm_00,train_cm_01,train_support_true_1,train_support_pred_1,train_share_true_1,train_share_pred_1,train_cm_10,train_cm_11,train_segment_n_segments,train_segment_n_segment_days,train_segment_weighted_hit_rate,train_segment_unweighted_hit_rate,train_segment_weighted_majority_hit,train_segment_unweighted_majority_hit,train_cutoff_score,val_acc,val_mcc,val_recall_down,val_recall_sideways,val_recall_up,val_recall_min,val_recall_gap,val_pred_up_share,val_true_up_share,val_pred_down_share,val_true_down_share,val_pred_sideways_share,val_true_sideways_share,val_true_balance_gap_ud,val_pred_balance_gap_ud,val_pred_target_gap,val_support_true_0,val_support_pred_0,val_share_true_0,val_share_pred_0,val_cm_00,val_cm_01,val_support_true_1,val_support_pred_1,val_share_true_1,val_share_pred_1,val_cm_10,val_cm_11,val_segment_n_segments,val_segment_n_segment_days,val_segment_weighted_hit_rate,val_segment_unweighted_hit_rate,val_segment_weighted_majority_hit,val_segment_unweighted_majority_hit,val_cutoff_score,test_acc,test_mcc,test_recall_down,test_recall_sideways,test_recall_up,test_recall_min,test_recall_gap,test_pred_up_share,test_true_up_share,test_pred_down_share,test_true_down_share,test_pred_sideways_share,test_true_sideways_share,test_true_balance_gap_ud,test_pred_balance_gap_ud,test_pred_target_gap,test_support_true_0,test_support_pred_0,test_share_true_0,test_share_pred_0,test_cm_00,test_cm_01,test_support_true_1,test_support_pred_1,test_share_true_1,test_share_pred_1,test_cm_10,test_cm_11,test_segment_n_segments,test_segment_n_segment_days,test_segment_weighted_hit_rate,test_segment_unweighted_hit_rate,test_segment_weighted_majority_hit,test_segment_unweighted_majority_hit,test_cutoff_score
26,44,dcn,256x128,0.6,6,96,0,0.0003,1e-05,1.6,0.02,768,threshold,segment_weighted,1,0.8999999999999996,0.39884633209955167,0.19430853426456451,0.7559354226020892,0.5125470565928429,0.9168787107718406,,0.5512405609492989,0.5512405609492989,0.3656381498225417,0.28917378917378916,0.44017094017094016,0.7108262108262108,0.5598290598290598,0.0,0.0,0.11965811965811968,0.4216524216524216,0.150997150997151,1179.0,1497.0,0.5598290598290598,0.7108262108262108,1081.0,98.0,927.0,609.0,0.44017094017094016,0.28917378917378916,416.0,511.0,80.0,2086.0,0.6043309865597805,0.582373847718255,0.5787365399903989,0.5875,0.33026462356434316,0.38137472283813745,-0.23372740143257115,0.36213991769547327,,0.40384615384615385,0.36213991769547327,0.04170623615068059,0.5299334811529933,0.4611973392461197,0.4700665188470067,0.5388026607538803,0.0,0.0,0.07760532150776056,0.05986696230598665,0.0687361419068736,243.0,212.0,0.5388026607538803,0.4700665188470067,88.0,155.0,208.0,239.0,0.4611973392461197,0.5299334811529933,124.0,84.0,12.0,451.0,0.4362890344338529,0.48884410683171103,0.4769835220693246,0.5,0.39884633209955167,0.7809734513274337,0.15037138949921794,0.7832957110609481,,0.6666666666666666,0.6666666666666666,0.11662904439428146,0.22566371681415928,0.01991150442477876,0.7743362831858407,0.9800884955752213,0.0,0.0,0.9601769911504425,0.5486725663716814,0.20575221238938052,443.0,350.0,0.9800884955752213,0.7743362831858407,347.0,96.0,9.0,102.0,0.01991150442477876,0.22566371681415928,3.0,6.0,3.0,452.0,0.9528672162367038,0.784992784992785,1.0,1.0,0.8465366196739811
48,45,dcn,256x128,0.5,5,48,0,0.0005,0.0001,1.5,0.02,768,threshold,segment_weighted,1,0.7699999999999997,0.42773602231974267,0.1446921726067861,0.8433048433048433,0.686464299783411,0.8286683630195081,,0.8619201725997843,0.8286683630195081,0.03325180958027618,0.47530864197530864,0.44017094017094016,0.5246913580246914,0.5598290598290598,0.0,0.0,0.11965811965811968,0.04938271604938271,0.03513770180436848,1179.0,1105.0,0.5598290598290598,0.5246913580246914,977.0,202.0,927.0,1001.0,0.44017094017094016,0.47530864197530864,128.0,799.0,80.0,2086.0,0.7665546643675297,0.6686754262754254,0.8051101257303732,0.6875,0.7390618734448122,0.458980044345898,-0.0814301114725578,0.4567901234567901,,0.46153846153846156,0.4567901234567901,0.004748338081671466,0.5055432372505543,0.4611973392461197,0.49445676274944567,0.5388026607538803,0.0,0.0,0.07760532150776056,0.011086474501108612,0.04434589800443456,243.0,223.0,0.5388026607538803,0.49445676274944567,111.0,132.0,208.0,228.0,0.4611973392461197,0.5055432372505543,112.0,96.0,12.0,451.0,0.4363813667374448,0.5340240815323666,0.5588470345883316,0.5833333333333334,0.42773602231974267,0.9734513274336283,0.5545217032277463,0.9774266365688488,,0.7777777777777778,0.7777777777777778,0.19964885879107097,0.03761061946902655,0.01991150442477876,0.9623893805309734,0.9800884955752213,0.0,0.0,0.9601769911504425,0.9247787610619469,0.01769911504424779,443.0,435.0,0.9800884955752213,0.9623893805309734,433.0,10.0,9.0,17.0,0.01991150442477876,0.03761061946902655,2.0,7.0,3.0,452.0,0.9879435236639051,0.9151034151034151,1.0,1.0,0.8460654287048457
11,44,dcn,384x192x96,0.55,6,96,0,0.0003,1e-05,1.5,0.08,384,threshold,segment_weighted,3,0.7299999999999996,0.539449088306218,0.23678485055764517,0.9805318138651472,0.9607018363547953,0.9940627650551315,,0.9633225458468176,0.9633225458468176,0.030740219208313824,0.42735042735042733,0.44017094017094016,0.5726495726495726,0.5598290598290598,0.0,0.0,0.11965811965811968,0.14529914529914528,0.01282051282051283,1179.0,1206.0,0.5598290598290598,0.5726495726495726,1172.0,7.0,927.0,900.0,0.44017094017094016,0.42735042735042733,34.0,893.0,80.0,2086.0,0.9721445863687087,0.9574461993877978,1.0,1.0,0.9490879713844276,0.49445676274944567,-0.010947443191116223,0.49382716049382713,,0.4951923076923077,0.49382716049382713,0.0013651471984805763,0.5011086474501109,0.4611973392461197,0.49889135254988914,0.5388026607538803,0.0,0.0,0.07760532150776056,0.0022172949002217113,0.039911308203991136,243.0,225.0,0.5388026607538803,0.49889135254988914,120.0,123.0,208.0,226.0,0.4611973392461197,0.5011086474501109,105.0,103.0,12.0,451.0,0.5451940483296333,0.6667541278213521,0.6100534835852509,0.6666666666666666,0.539449088306218,0.8606194690265486,0.2101537857300089,0.8645598194130926,,0.6666666666666666,0.6666666666666666,0.19789315274642594,0.14601769911504425,0.01991150442477876,0.8539823008849557,0.9800884955752213,0.0,0.0,0.9601769911504425,0.7079646017699115,0.1261061946902655,443.0,386.0,0.9800884955752213,0.8539823008849557,383.0,60.0,9.0,66.0,0.01991150442477876,0.14601769911504425,3.0,6.0,3.0,452.0,0.9657774692407722,0.8239538239538239,1.0,1.0,0.8121195189554422
8,44,dcn,384x192x96,0.6,2,48,0,0.0005,0.0003,1.4,0.02,384,threshold,segment_weighted,6,0.8299999999999996,0.3394356394196267,0.13497741023699442,0.9548907882241215,0.9112243918954129,0.9991518235793045,,0.8985976267529665,0.8985976267529665,0.10055419682633804,0.396011396011396,0.44017094017094016,0.603988603988604,0.5598290598290598,0.0,0.0,0.11965811965811968,0.20797720797720798,0.04415954415954415,1179.0,1272.0,0.5598290598290598,0.603988603988604,1178.0,1.0,927.0,834.0,0.44017094017094016,0.396011396011396,94.0,833.0,80.0,2086.0,0.9313819249855525,0.8694448308907333,0.9409049475720658,0.9,0.8556948419079705,0.3303769401330377,-0.33816911628145213,0.3292181069958848,,0.3317307692307692,0.3292181069958848,0.002512662234884444,0.5144124168514412,0.4611973392461197,0.48558758314855877,0.5388026607538803,0.0,0.0,0.07760532150776056,0.02882483370288247,0.053215077605321515,243.0,219.0,0.5388026607538803,0.48558758314855877,80.0,163.0,208.0,232.0,0.4611973392461197,0.5144124168514412,139.0,69.0,12.0,451.0,0.3475803122966844,0.48098657210997287,0.27526444879093315,0.5,0.3394356394196267,0.8827433628318584,0.23481960045212918,0.8871331828442438,,0.6666666666666666,0.6666666666666666,0.22046651617757718,0.12389380530973451,0.01991150442477876,0.8761061946902655,0.9800884955752213,0.0,0.0,0.9601769911504425,0.752212389380531,0.10398230088495575,443.0,396.0,0.9800884955752213,0.8761061946902655,393.0,50.0,9.0,56.0,0.01991150442477876,0.12389380530973451,3.0,6.0,3.0,452.0,0.9693636506307912,0.8347763347763347,1.0,1.0,0.8025592132002926
28,45,dcn,256x128,0.5,5,48,0,0.0005,0.0001,1.3,0.05,384,threshold,segment_weighted,1,0.6699999999999997,0.4010067132878546,0.17945614208777746,0.8784425451092118,0.7530483183534257,0.9202714164546225,,0.8252427184466019,0.8252427184466019,0.0950286980080206,0.40788224121557454,0.44017094017094016,0.5921177587844254,0.5598290598290598,0.0,0.0,0.11965811965811968,0.18423551756885087,0.032288698955365625,1179.0,1247.0,0.5598290598290598,0.5921177587844254,1085.0,94.0,927.0,859.0,0.44017094017094016,0.40788224121557454,162.0,765.0,80.0,2086.0,0.7955331535221078,0.7086041257722503,0.8115326920493402,0.7375,0.7251384210418496,0.41685144124168516,-0.16628605592884743,0.41975308641975306,,0.41346153846153844,0.41346153846153844,0.006291547958214627,0.5033259423503326,0.4611973392461197,0.49667405764966743,0.5388026607538803,0.0,0.0,0.07760532150776056,0.006651884700665134,0.04212860310421285,243.0,224.0,0.5388026607538803,0.49667405764966743,102.0,141.0,208.0,227.0,0.4611973392461197,0.5033259423503326,122.0,86.0,12.0,451.0,0.41046622923111037,0.5143300472485999,0.27526444879093315,0.5,0.4010067132878546,0.9845132743362832,0.5814169937869298,0.9932279909706546,,0.5555555555555556,0.5555555555555556,0.43767243541509904,0.017699115044247787,0.01991150442477876,0.9823008849557522,0.9800884955752213,0.0,0.0,0.9601769911504425,0.9646017699115044,0.0022123893805309734,443.0,444.0,0.9800884955752213,0.9823008849557522,440.0,3.0,9.0,8.0,0.01991150442477876,0.017699115044247787,4.0,5.0,3.0,452.0,0.9819835556908426,0.8486050986050987,1.0,1.0,0.6753473641746095
15,45,dcn,256x128,0.55,5,48,0,0.0005,5e-05,1.6,0.05,512,threshold,segment_weighted,4,0.8799999999999996,0.4198977712725319,0.17747817039489747,0.9382716049382716,0.8797932536722144,0.9991518235793045,,0.86084142394822,0.86084142394822,0.1383103996310845,0.3793922127255461,0.44017094017094016,0.620607787274454,0.5598290598290598,0.0,0.0,0.11965811965811968,0.2412155745489079,0.06077872744539409,1179.0,1307.0,0.5598290598290598,0.620607787274454,1178.0,1.0,927.0,799.0,0.44017094017094016,0.3793922127255461,129.0,798.0,80.0,2086.0,0.9058451933507338,0.8329978137397305,0.9284482323155376,0.8625,0.8017344663155274,0.43458980044345896,-0.1307012344702898,0.43621399176954734,,0.4326923076923077,0.4326923076923077,0.0035216840772396285,0.5033259423503326,0.4611973392461197,0.49667405764966743,0.5388026607538803,0.0,0.0,0.07760532150776056,0.006651884700665134,0.04212860310421285,243.0,224.0,0.5388026607538803,0.49667405764966743,106.0,137.0,208.0,227.0,0.4611973392461197,0.5033259423503326,118.0,90.0,12.0,451.0,0.4274183824991052,0.5060675709653938,0.5229601578203619,0.5,0.4198977712725319,0.9800884955752213,0.46130708464995895,0.9909706546275395,,0.4444444444444444,0.4444444444444444,0.5465262101830951,0.017699115044247787,0.01991150442477876,0.9823008849557522,0.9800884955752213,0.0,0.0,0.9601769911504425,0.9646017699115044,0.0022123893805309734,443.0,444.0,0.9800884955752213,0.9823008849557522,439.0,4.0,9.0,8.0,0.01991150442477876,0.017699115044247787,5.0,4.0,3.0,452.0,0.9773897900788028,0.8104858104858105,0.9618836727426586,0.6666666666666666,0.5945559562249725
36,44,dcn,192x96,0.6,2,48,0,0.0003,0.0003,1.6,0.02,384,threshold,segment_weighted,1,0.7599999999999997,0.37877751675110494,0.24501189589500427,0.7564102564102564,0.5065492877612648,0.8863443596268024,,0.5911542610571737,0.5911542610571737,0.29519009856962863,0.3238366571699905,0.44017094017094016,0.6761633428300095,0.5598290598290598,0.0,0.0,0.11965811965811968,0.35232668566001896,0.11633428300094967,1179.0,1424.0,0.5598290598290598,0.6761633428300095,1045.0,134.0,927.0,682.0,0.44017094017094016,0.3238366571699905,379.0,548.0,80.0,2086.0,0.6139178406720006,0.5718192052961433,0.6281468974887671,0.575,0.3933246577131466,0.4124168514412417,-0.1655057438665155,0.345679012345679,,0.49038461538461536,0.345679012345679,0.14470560303893637,0.5787139689578714,0.4611973392461197,0.4212860310421286,0.5388026607538803,0.0,0.0,0.07760532150776056,0.15742793791574283,0.1175166297117517,243.0,190.0,0.5388026607538803,0.4212860310421286,84.0,159.0,208.0,261.0,0.4611973392461197,0.5787139689578714,106.0,102.0,12.0,451.0,0.4941734344437706,0.5199876626297205,0.5866086294065546,0.5833333333333334,0.37877751675110494,0.7831858407079646,0.07979734638569345,0.7900677200902935,,0.4444444444444444,0.4444444444444444,0.34562327564584905,0.21460176991150443,0.01991150442477876,0.7853982300884956,0.9800884955752213,0.0,0.0,0.9601769911504425,0.5707964601769913,0.19469026548672566,443.0,355.0,0.9800884955752213,0.7853982300884956,350.0,93.0,9.0,97.0,0.01991150442477876,0.21460176991150443,5.0,4.0,3.0,452.0,0.8503005283399517,0.6919753086419753,0.9618836727426586,0.6666666666666666,0.5850014035294504
35,45,dcn,192x96,0.55,6,32,0,0.0003,0.0001,1.4,0.05,768,threshold,segment_weighted,1,0.6499999999999997,0.335338018697425,0.29710660378138226,0.782051282051282,0.5554373936102713,0.8575063613231552,,0.686084142394822,0.686084142394822,0.1714222189283332,0.3817663817663818,0.44017094017094016,0.6182336182336182,0.5598290598290598,0.0,0.0,0.11965811965811968,0.23646723646723644,0.05840455840455838,1179.0,1302.0,0.5598290598290598,0.6182336182336182,1011.0,168.0,927.0,804.0,0.44017094017094016,0.3817663817663818,291.0,636.0,80.0,2086.0,0.6650810107016806,0.6122097118924128,0.6767546970909103,0.6375,0.5380769104433003,0.37472283813747226,-0.24681778977191435,0.35390946502057613,,0.39903846153846156,0.35390946502057613,0.045128996517885434,0.532150776053215,0.4611973392461197,0.4678492239467849,0.5388026607538803,0.0,0.0,0.07760532150776056,0.06430155210643013,0.07095343680709532,243.0,211.0,0.5388026607538803,0.4678492239467849,86.0,157.0,208.0,240.0,0.4611973392461197,0.532150776053215,125.0,83.0,12.0,451.0,0.37544272867679623,0.5835657711165061,0.1722561633097448,0.5,0.335338018697425,0.8761061946902655,0.09572852661151203,0.8871331828442438,,0.3333333333333333,0.3333333333333333,0.5537998495109104,0.1172566371681416,0.01991150442477876,0.8827433628318584,0.9800884955752213,0.0,0.0,0.9601769911504425,0.7654867256637168,0.09734513274336283,443.0,399.0,0.9800884955752213,0.8827433628318584,393.0,50.0,9.0,53.0,0.01991150442477876,0.1172566371681416,6.0,3.0,3.0,452.0,0.9566582082116775,0.7236652236652237,0.9618836727426586,0.6666666666666666,0.5573168976248366
39,44,dcn,320x160,0.4,5,48,0,0.0008,0.0001,1.4,0.05,512,threshold,segment_weighted,5,0.5699999999999997,0.42920963864777945,0.1490883857011795,0.9952516619183286,0.9903653746387016,0.9957591178965225,,0.9946062567421791,0.9946062567421791,0.001152861154343432,0.44017094017094016,0.44017094017094016,0.5598290598290598,0.5598290598290598,0.0,0.0,0.11965811965811968,0.11965811965811968,0.0,1179.0,1179.0,0.5598290598290598,0.5598290598290598,1174.0,5.0,927.0,927.0,0.44017094017094016,0.44017094017094016,5.0,922.0,80.0,2086.0,0.9946177517671463,0.9885044642857143,1.0,1.0,0.9938107489591059,0.43902439024390244,-0.12112654746390716,0.43621399176954734,,0.4423076923076923,0.43621399176954734,0.006093700538144953,0.5077605321507761,0.4611973392461197,0.49223946784922396,0.5388026607538803,0.0,0.0,0.07760532150776056,0.015521064301552145,0.04656319290465638,243.0,222.0,0.5388026607538803,0.49223946784922396,106.0,137.0,208.0,229.0,0.4611973392461197,0.5077605321507761,116.0,92.0,12.0,451.0,0.4390628121730397,0.5937979874836846,0.2924139050039742,0.5833333333333334,0.42920963864777945,0.4469026548672566,-0.061019770864245614,0.4492099322799097,,0.3333333333333333,0.3333333333333333,0.11587659894657637,0.5464601769911505,0.01991150442477876,0.45353982300884954,0.9800884955752213,0.0,0.0,0.9601769911504425,0.09292035398230092,0.5265486725663717,443.0,205.0,0.9800884955752213,0.45353982300884954,199.0,244.0,9.0,247.0,0.01991150442477876,0.5464601769911505,6.0,3.0,3.0,452.0,0.6848452635889846,0.46655443322109985,0.8514292859300734,0.3333333333333333,0.5405458036184165
18,45,dcn,256x128,0.5,4,48,0,0.0008,0.0003,1.4,0.08,512,threshold,segment_weighted,2,0.6199999999999998,0.37932458509796196,0.22307313978672028,0.97340930674264,0.9460245801745677,0.9787955894826124,,0.9665587918015103,0.9665587918015103,0.012236797681102085,0.4373219373219373,0.44017094017094016,0.5626780626780626,0.5598290598290598,0.0,0.0,0.11965811965811968,0.12535612535612534,0.0028490028490028574,1179.0,1185.0,0.5598290598290598,0.5626780626780626,1154.0,25.0,927.0,921.0,0.44017094017094016,0.4373219373219373,31.0,896.0,80.0,2086.0,0.960669410045385,0.9116279013677051,0.9787018748666054,0.95,0.9517617713267332,0.38802660753880264,-0.21845241406813967,0.35390946502057613,,0.42788461538461536,0.35390946502057613,0.07397515036403923,0.5454545454545454,0.4611973392461197,0.45454545454545453,0.5388026607538803,0.0,0.0,0.07760532150776056,0.09090909090909088,0.0842572062084257,243.0,205.0,0.5388026607538803,0.45454545454545453,86.0,157.0,208.0,246.0,0.4611973392461197,0.5454545454545454,119.0,89.0,12.0,451.0,0.44121805509780054,0.5701749610803385,0.2924139050039742,0.5833333333333334,0.37932458509796196,0.7345132743362832,-0.010538633641039567,0.744920993227991,,0.2222222222222222,0.2222222222222222,0.5226987710057688,0.25442477876106195,0.01991150442477876,0.745575221238938,0.9800884955752213,0.0,0.0,0.9601769911504425,0.4911504424778761,0.2345132743362832,443.0,337.0,0.9800884955752213,0.745575221238938,330.0,113.0,9.0,115.0,0.01991150442477876,0.25442477876106195,7.0,2.0,3.0,452.0,0.9298301179815198,0.6184463684463685,0.9618836727426586,0.6666666666666666,0.5357993853571277
20,44,dcn,384x192x96,0.6,4,96,0,0.001,0.0001,1.4,0.08,768,threshold,segment_weighted,2,0.4999999999999998,0.4832830695414241,0.25092074275016785,0.9539411206077872,0.9064772375517302,0.9652247667514843,,0.9395900755124056,0.9395900755124056,0.02563469123907869,0.43304843304843305,0.44017094017094016,0.5669515669515669,0.5598290598290598,0.0,0.0,0.11965811965811968,0.13390313390313385,0.007122507122507116,1179.0,1194.0,0.5598290598290598,0.5669515669515669,1138.0,41.0,927.0,912.0,0.44017094017094016,0.43304843304843305,56.0,871.0,80.0,2086.0,0.950691953944779,0.8876691835646344,0.9822951193819915,0.9375,0.9318929692227231,0.4722838137472284,-0.05542759525592177,0.4732510288065844,,0.47115384615384615,0.47115384615384615,0.0020971826527382276,0.5011086474501109,0.4611973392461197,0.49889135254988914,0.5388026607538803,0.0,0.0,0.07760532150776056,0.0022172949002217113,0.039911308203991136,243.0,225.0,0.5388026607538803,0.49889135254988914,115.0,128.0,208.0,226.0,0.4611973392461197,0.5011086474501109,110.0,98.0,12.0,451.0,0.48954045438281973,0.530073894042538,0.4417832255575592,0.5,0.4832830695414241,0.4911504424778761,-0.13941501137220963,0.5011286681715575,,0.0,0.0,0.5011286681715575,0.4889380530973451,0.01991150442477876,0.5110619469026548,0.9800884955752213,0.0,0.0,0.9601769911504425,0.022123893805309713,0.4690265486725664,443.0,231.0,0.9800884955752213,0.5110619469026548,222.0,221.0,9.0,221.0,0.01991150442477876,0.4889380530973451,9.0,0.0,3.0,452.0,0.8826290640232387,0.42748917748917753,0.8514292859300734,0.3333333333333333,0.4755558104624405
29,44,dcn,384x192x96,0.4,4,96,0,0.0005,1e-05,1.3,0.02,512,threshold,segment_weighted,4,0.7199999999999996,0.4913087147567621,0.08462778180837631,0.99002849002849,0.9797669989259242,0.993214588634436,,0.9859762675296656,0.9859762675296656,0.007238321104770407,0.43779677113010446,0.44017094017094016,0.5622032288698955,0.5598290598290598,0.0,0.0,0.11965811965811968,0.12440645773979103,0.0023741690408357052,1179.0,1184.0,0.5598290598290598,0.5622032288698955,1171.0,8.0,927.0,922.0,0.44017094017094016,0.43779677113010446,13.0,914.0,80.0,2086.0,0.9870755242421879,0.9798231837606839,1.0,1.0,0.9817237991839484,0.49889135254988914,-0.0006707861051189054,0.4897119341563786,,0.5096153846153846,0.4897119341563786,0.01990345045900599,0.5099778270509978,0.4611973392461197,0.49002217294900224,0.5388026607538803,0.0,0.0,0.07760532150776056,0.019955654101995568,0.04878048780487809,243.0,221.0,0.5388026607538803,0.49002217294900224,119.0,124.0,208.0,230.0,0.4611973392461197,0.5099778270509978,102.0,106.0,12.0,451.0,0.5110947886146516,0.6103750918420325,0.5200291829171958,0.5833333333333334,0.4913087147567621,0.7101769911504425,-0.05214314201289753,0.7223476297968398,,0.1111111111111111,0.1111111111111111,0.6112365186857287,0.2743362831858407,0.01991150442477876,0.7256637168141593,0.9800884955752213,0.0,0.0,0.9601769911504425,0.4513274336283186,0.25442477876106195,443.0,328.0,0.9800884955752213,0.7256637168141593,320.0,123.0,9.0,124.0,0.01991150442477876,0.2743362831858407,8.0,1.0,3.0,452.0,0.9220087891184628,0.5705868205868206,0.9618836727426586,0.6666666666666666,0.46361225258712535
30,45,dcn,256x128,0.55,4,64,0,0.001,0.0003,1.4,0.05,512,threshold,segment_weighted,8,0.5899999999999997,0.33416798763571864,0.16824049651622772,0.9962013295346629,0.9922923651817162,0.9974554707379135,,0.9946062567421791,0.9946062567421791,0.0028492139957344564,0.4392212725546059,0.44017094017094016,0.5607787274453941,0.5598290598290598,0.0,0.0,0.11965811965811968,0.12155745489078823,0.0009496676163342488,1179.0,1181.0,0.5598290598290598,0.5607787274453941,1176.0,3.0,927.0,925.0,0.44017094017094016,0.4392212725546059,5.0,922.0,80.0,2086.0,0.9954755160909057,0.9844444444444445,0.996107663386524,0.9875,0.9933671061799314,0.36363636363636365,-0.26993383849178654,0.3497942386831276,,0.3798076923076923,0.3497942386831276,0.0300134536245647,0.5254988913525499,0.4611973392461197,0.4745011086474501,0.5388026607538803,0.0,0.0,0.07760532150776056,0.0509977827050998,0.06430155210643018,243.0,214.0,0.5388026607538803,0.4745011086474501,85.0,158.0,208.0,237.0,0.4611973392461197,0.5254988913525499,129.0,79.0,12.0,451.0,0.36289359142568556,0.5179577826629858,0.24936824415610304,0.5,0.33416798763571864,0.5730088495575221,0.005670607406924174,0.5756207674943566,,0.4444444444444444,0.4444444444444444,0.13117632304991222,0.4247787610619469,0.01991150442477876,0.5752212389380531,0.9800884955752213,0.0,0.0,0.9601769911504425,0.1504424778761062,0.40486725663716816,443.0,260.0,0.9800884955752213,0.5752212389380531,255.0,188.0,9.0,192.0,0.01991150442477876,0.4247787610619469,5.0,4.0,3.0,452.0,0.572352921255086,0.5322991822991823,0.9618836727426586,0.6666666666666666,0.43194542432368727
24,44,dcn,384x192x96,0.5,3,32,0,0.0003,0.0001,1.6,0.02,512,threshold,segment_weighted,3,0.5299999999999998,0.40648994294970414,0.1608511507511139,0.9150047483380817,0.8301595121377352,0.8982188295165394,,0.9363538295577131,0.8982188295165394,0.03813500004117365,0.4691358024691358,0.44017094017094016,0.5308641975308642,0.5598290598290598,0.0,0.0,0.11965811965811968,0.06172839506172845,0.028964862298195615,1179.0,1118.0,0.5598290598290598,0.5308641975308642,1059.0,120.0,927.0,988.0,0.44017094017094016,0.4691358024691358,59.0,868.0,80.0,2086.0,0.8915891736635904,0.7755316895699587,0.930187316336429,0.8125,0.8614188901589853,0.4124168514412417,-0.16150621311675872,0.3045267489711934,,0.5384615384615384,0.3045267489711934,0.23393478949034502,0.623059866962306,0.4611973392461197,0.376940133037694,0.5388026607538803,0.0,0.0,0.07760532150776056,0.24611973392461195,0.16186252771618626,243.0,170.0,0.5388026607538803,0.376940133037694,74.0,169.0,208.0,281.0,0.4611973392461197,0.623059866962306,96.0,112.0,12.0,451.0,0.589667798918888,0.5839711044022146,0.5498583665243387,0.5,0.40648994294970414,0.6526548672566371,-0.0994519853905534,0.6659142212189616,,0.0,0.0,0.6659142212189616,0.3274336283185841,0.01991150442477876,0.672566371681416,0.9800884955752213,0.0,0.0,0.9601769911504425,0.3451327433628319,0.30752212389380534,443.0,304.0,0.9800884955752213,0.672566371681416,295.0,148.0,9.0,148.0,0.01991150442477876,0.3274336283185841,9.0,0.0,3.0,452.0,0.9088081881703775,0.5064935064935064,0.9618836727426586,0.6666666666666666,0.40576557844984773
34,45,dcn,320x160,0.5,5,48,0,0.0003,1e-05,1.5,0.02,768,threshold,segment_weighted,8,0.8099999999999996,0.41631315105841565,0.14259380102157593,0.976258309591643,0.952515977467792,0.998303647158609,,0.948220064724919,0.948220064724919,0.05008358243368993,0.41832858499525166,0.44017094017094016,0.5816714150047484,0.5598290598290598,0.0,0.0,0.11965811965811968,0.16334283000949673,0.0218423551756885,1179.0,1225.0,0.5598290598290598,0.5816714150047484,1177.0,2.0,927.0,881.0,0.44017094017094016,0.41832858499525166,48.0,879.0,80.0,2086.0,0.960653762711616,0.9309508284434495,0.996107663386524,0.9875,0.9229741723869503,0.4501108647450111,-0.09922322207048588,0.448559670781893,,0.4519230769230769,0.448559670781893,0.003363406141183911,0.5055432372505543,0.4611973392461197,0.49445676274944567,0.5388026607538803,0.0,0.0,0.07760532150776056,0.011086474501108612,0.04434589800443456,243.0,223.0,0.5388026607538803,0.49445676274944567,109.0,134.0,208.0,228.0,0.4611973392461197,0.5055432372505543,114.0,94.0,12.0,451.0,0.4239890431177765,0.597310526486527,0.2924139050039742,0.5833333333333334,0.41631315105841565,0.8539823008849557,-0.008216402242568994,0.8690744920993227,,0.1111111111111111,0.1111111111111111,0.7579633809882116,0.13053097345132744,0.01991150442477876,0.8694690265486725,0.9800884955752213,0.0,0.0,0.9601769911504425,0.7389380530973451,0.11061946902654868,443.0,393.0,0.9800884955752213,0.8694690265486725,385.0,58.0,9.0,59.0,0.01991150442477876,0.13053097345132744,8.0,1.0,3.0,452.0,0.9453189681535864,0.6409331409331409,0.9618836727426586,0.6666666666666666,0.4014702651786525
39,45,dcn,320x160,0.4,5,48,0,0.0008,0.0001,1.4,0.05,512,threshold,segment_weighted,7,0.7599999999999997,0.4081413229868319,0.15219825506210327,0.9981006647673314,0.9961471112817141,0.9991518235793045,,0.9967637540453075,0.9967637540453075,0.0023880695339970615,0.4392212725546059,0.44017094017094016,0.5607787274453941,0.5598290598290598,0.0,0.0,0.11965811965811968,0.12155745489078823,0.0009496676163342488,1179.0,1181.0,0.5598290598290598,0.5607787274453941,1178.0,1.0,927.0,925.0,0.44017094017094016,0.4392212725546059,3.0,924.0,80.0,2086.0,0.9981996217979368,0.9942680776014109,1.0,1.0,0.9964140130101786,0.4523281596452328,-0.0958049217644171,0.4567901234567901,,0.44711538461538464,0.44711538461538464,0.009674738841405461,0.49889135254988914,0.4611973392461197,0.5011086474501109,0.5388026607538803,0.0,0.0,0.07760532150776056,0.0022172949002217113,0.037694013303769425,243.0,226.0,0.5388026607538803,0.5011086474501109,111.0,132.0,208.0,225.0,0.4611973392461197,0.49889135254988914,115.0,93.0,12.0,451.0,0.41943692177226805,0.5180019513590766,0.5229601578203619,0.5,0.4081413229868319,0.8694690265486725,-0.00175697344399182,0.8848758465011287,,0.1111111111111111,0.1111111111111111,0.7737647353900177,0.11504424778761062,0.01991150442477876,0.8849557522123894,0.9800884955752213,0.0,0.0,0.9601769911504425,0.7699115044247788,0.09513274336283185,443.0,400.0,0.9800884955752213,0.8849557522123894,392.0,51.0,9.0,52.0,0.01991150442477876,0.11504424778761062,8.0,1.0,3.0,452.0,0.9478292951265997,0.6485088985088985,0.9618836727426586,0.6666666666666666,0.3947780511500476
12,44,dcn,192x96,0.5,5,96,0,0.001,5e-05,1.5,0.08,512,threshold,segment_weighted,6,0.4299999999999998,0.36543360813721787,0.22237496972084045,0.9943019943019943,0.9884975376772415,0.9906700593723494,,0.9989212513484358,0.9906700593723494,0.00825119197608637,0.44491927825261157,0.44017094017094016,0.5550807217473884,0.5598290598290598,0.0,0.0,0.11965811965811968,0.11016144349477686,0.0047483380816714105,1179.0,1169.0,0.5598290598290598,0.5550807217473884,1168.0,11.0,927.0,937.0,0.44017094017094016,0.44491927825261157,1.0,926.0,80.0,2086.0,0.9950581967987676,0.9889733342704655,1.0,1.0,0.9887125618457066,0.4567627494456763,-0.06755015131080504,0.3292181069958848,,0.6057692307692307,0.3292181069958848,0.27655112377334595,0.6407982261640798,0.4611973392461197,0.35920177383592017,0.5388026607538803,0.0,0.0,0.07760532150776056,0.2815964523281596,0.17960088691796006,243.0,162.0,0.5388026607538803,0.35920177383592017,80.0,163.0,208.0,289.0,0.4611973392461197,0.6407982261640798,82.0,126.0,12.0,451.0,0.5805715012087153,0.6230123956827728,0.8472165582576803,0.6666666666666666,0.36543360813721787,0.5707964601769911,-0.08757722802146063,0.5801354401805869,,0.1111111111111111,0.1111111111111111,0.46902432906947583,0.413716814159292,0.01991150442477876,0.5862831858407079,0.9800884955752213,0.0,0.0,0.9601769911504425,0.17256637168141592,0.3938053097345133,443.0,265.0,0.9800884955752213,0.5862831858407079,257.0,186.0,9.0,187.0,0.01991150442477876,0.413716814159292,8.0,1.0,3.0,452.0,0.7626057407703003,0.4705066538399872,0.8514292859300734,0.3333333333333333,0.3870320732535256
21,45,dcn,256x128,0.4,5,64,0,0.0005,5e-05,1.3,0.02,512,threshold,segment_weighted,1,0.23999999999999994,0.4163851142115834,0.10260956585407258,0.896011396011396,0.8033463107985735,0.8354537743850721,,0.9730312837108953,0.8354537743850721,0.13757750932582324,0.5204178537511871,0.44017094017094016,0.4795821462488129,0.5598290598290598,0.0,0.0,0.11965811965811968,0.0408357075023742,0.08024691358024694,1179.0,1010.0,0.5598290598290598,0.4795821462488129,985.0,194.0,927.0,1096.0,0.44017094017094016,0.5204178537511871,25.0,902.0,80.0,2086.0,0.8573069408071557,0.7742278187491627,0.8608001807263476,0.775,0.7513730546494498,0.5188470066518847,0.048407112628026536,0.4567901234567901,,0.5913461538461539,0.4567901234567901,0.13455603038936376,0.565410199556541,0.4611973392461197,0.43458980044345896,0.5388026607538803,0.0,0.0,0.07760532150776056,0.13082039911308208,0.10421286031042132,243.0,196.0,0.5388026607538803,0.43458980044345896,111.0,132.0,208.0,255.0,0.4611973392461197,0.565410199556541,85.0,123.0,12.0,451.0,0.5230798787213886,0.574278081833479,0.4905823221472259,0.6666666666666666,0.4163851142115834,0.7079646017699115,-0.08715132581999951,0.7223476297968398,,0.0,0.0,0.7223476297968398,0.2721238938053097,0.01991150442477876,0.7278761061946902,0.9800884955752213,0.0,0.0,0.9601769911504425,0.4557522123893805,0.252212389380531,443.0,329.0,0.9800884955752213,0.7278761061946902,320.0,123.0,9.0,123.0,0.01991150442477876,0.2721238938053097,9.0,0.0,3.0,452.0,0.917773641645425,0.5335497835497836,0.9618836727426586,0.6666666666666666,0.3818648140619734
2,44,dcn,320x160,0.45,6,64,0,0.0008,1e-05,1.5,0.05,512,threshold,segment_weighted,3,0.6199999999999998,0.4248632203276193,0.1626429885625839,0.9838556505223172,0.9672617209414403,0.9906700593723494,,0.9751887810140237,0.9751887810140237,0.01548127835832569,0.43447293447293445,0.44017094017094016,0.5655270655270656,0.5598290598290598,0.0,0.0,0.11965811965811968,0.1310541310541311,0.005698005698005715,1179.0,1191.0,0.5598290598290598,0.5655270655270656,1168.0,11.0,927.0,915.0,0.44017094017094016,0.43447293447293445,23.0,904.0,80.0,2086.0,0.9763107242104396,0.951920345857846,0.9905116257695323,0.975,0.964790068675851,0.45454545454545453,-0.09101171690776622,0.4567901234567901,,0.4519230769230769,0.4519230769230769,0.004867046533713171,0.5011086474501109,0.4611973392461197,0.49889135254988914,0.5388026607538803,0.0,0.0,0.07760532150776056,0.0022172949002217113,0.039911308203991136,243.0,225.0,0.5388026607538803,0.49889135254988914,111.0,132.0,208.0,226.0,0.4611973392461197,0.5011086474501109,114.0,94.0,12.0,451.0,0.4330595098856974,0.5591024315302479,0.540109614033403,0.5833333333333334,0.4248632203276193,0.8783185840707964,0.0022745504634879513,0.8939051918735892,,0.1111111111111111,0.1111111111111111,0.782794080762478,0.10619469026548672,0.01991150442477876,0.8938053097345132,0.9800884955752213,0.0,0.0,0.9601769911504425,0.7876106194690264,0.08628318584070796,443.0,404.0,0.9800884955752213,0.8938053097345132,396.0,47.0,9.0,48.0,0.01991150442477876,0.10619469026548672,8.0,1.0,3.0,452.0,0.937367236761647,0.6500641333974667,0.9618836727426586,0.6666666666666666,0.3790573979270275
21,44,dcn,256x128,0.4,5,64,0,0.0005,5e-05,1.3,0.02,512,threshold,segment_weighted,1,0.3999999999999998,0.30948779997183806,0.10737839937210084,0.9055080721747388,0.8096958318336014,0.899067005937235,,0.9137001078748651,0.899067005937235,0.014633101937630122,0.4586894586894587,0.44017094017094016,0.5413105413105413,0.5598290598290598,0.0,0.0,0.11965811965811968,0.08262108262108264,0.018518518518518545,1179.0,1140.0,0.5598290598290598,0.5413105413105413,1060.0,119.0,927.0,966.0,0.44017094017094016,0.4586894586894587,80.0,847.0,80.0,2086.0,0.868201549013467,0.755484128677448,0.8851622806756853,0.7625,0.8557361554349037,0.44124168514412415,-0.11373212270498571,0.41975308641975306,,0.46634615384615385,0.41975308641975306,0.04659306742640079,0.5277161862527716,0.4611973392461197,0.4722838137472284,0.5388026607538803,0.0,0.0,0.07760532150776056,0.055432372505543226,0.0665188470066519,243.0,213.0,0.5388026607538803,0.4722838137472284,102.0,141.0,208.0,238.0,0.4611973392461197,0.5277161862527716,111.0,97.0,12.0,451.0,0.3500852088111169,0.437954970310603,0.40617626640323057,0.4166666666666667,0.30948779997183806,0.7212389380530974,-0.08423448383273822,0.7358916478555305,,0.0,0.0,0.7358916478555305,0.2588495575221239,0.01991150442477876,0.7411504424778761,0.9800884955752213,0.0,0.0,0.9601769911504425,0.4823008849557522,0.23893805309734514,443.0,335.0,0.9800884955752213,0.7411504424778761,326.0,117.0,9.0,117.0,0.01991150442477876,0.2588495575221239,9.0,0.0,3.0,452.0,0.9199253504794364,0.54004329004329,0.9618836727426586,0.6666666666666666,0.37612863060888363
48,44,dcn,256x128,0.5,5,48,0,0.0005,0.0001,1.5,0.02,768,threshold,segment_weighted,3,0.6699999999999997,0.4278296432056903,0.1125214695930481,0.9586894586894587,0.9164071483494578,0.9787955894826124,,0.9331175836030206,0.9331175836030206,0.04567800587959181,0.4226020892687559,0.44017094017094016,0.577397910731244,0.5598290598290598,0.0,0.0,0.11965811965811968,0.1547958214624881,0.01756885090218424,1179.0,1216.0,0.5598290598290598,0.577397910731244,1154.0,25.0,927.0,890.0,0.44017094017094016,0.4226020892687559,62.0,865.0,80.0,2086.0,0.9506151825336807,0.885967221752226,0.9863127800308116,0.95,0.9165323163097043,0.5121951219512195,0.026022555077995183,0.5020576131687243,,0.5240384615384616,0.5020576131687243,0.021980848369737238,0.5099778270509978,0.4611973392461197,0.49002217294900224,0.5388026607538803,0.0,0.0,0.07760532150776056,0.019955654101995568,0.04878048780487809,243.0,221.0,0.5388026607538803,0.49002217294900224,122.0,121.0,208.0,230.0,0.4611973392461197,0.5099778270509978,99.0,109.0,12.0,451.0,0.44906989560109173,0.5111465593426172,0.43048450669617294,0.5,0.4278296432056903,0.7190265486725663,-0.08472023696886515,0.7336343115124153,,0.0,0.0,0.7336343115124153,0.2610619469026549,0.01991150442477876,0.7389380530973452,0.9800884955752213,0.0,0.0,0.9601769911504425,0.4778761061946903,0.24115044247787612,443.0,334.0,0.9800884955752213,0.7389380530973452,325.0,118.0,9.0,118.0,0.01991150442477876,0.2610619469026549,9.0,0.0,3.0,452.0,0.9076702014194742,0.5361872695206028,0.9618836727426586,0.6666666666666666,0.3651881302634384
15,44,dcn,256x128,0.55,5,48,0,0.0005,5e-05,1.6,0.05,512,threshold,segment_weighted,8,0.5299999999999998,0.509976262207316,0.1803020566701889,0.9976258309591642,0.9951885070575938,0.996607294317218,,0.9989212513484358,0.996607294317218,0.0023139570312178392,0.4415954415954416,0.44017094017094016,0.5584045584045584,0.5598290598290598,0.0,0.0,0.11965811965811968,0.11680911680911676,0.0014245014245014564,1179.0,1176.0,0.5598290598290598,0.5584045584045584,1175.0,4.0,927.0,930.0,0.44017094017094016,0.4415954415954416,1.0,926.0,80.0,2086.0,0.9985223824034268,0.9945245726495726,1.0,1.0,0.9967316723106341,0.5476718403547672,0.0958049217644171,0.5432098765432098,,0.5528846153846154,0.5432098765432098,0.009674738841405572,0.5011086474501109,0.4611973392461197,0.49889135254988914,0.5388026607538803,0.0,0.0,0.07760532150776056,0.0022172949002217113,0.039911308203991136,243.0,225.0,0.5388026607538803,0.49889135254988914,132.0,111.0,208.0,226.0,0.4611973392461197,0.5011086474501109,93.0,115.0,12.0,451.0,0.5215379363807787,0.5445886696893457,0.7057650046857831,0.5833333333333334,0.509976262207316,0.37610619469026546,-0.1760249378446302,0.3837471783295711,,0.0,0.0,0.3837471783295711,0.6039823008849557,0.01991150442477876,0.39601769911504425,0.9800884955752213,0.0,0.0,0.9601769911504425,0.2079646017699115,0.584070796460177,443.0,179.0,0.9800884955752213,0.39601769911504425,170.0,273.0,9.0,273.0,0.01991150442477876,0.6039823008849557,9.0,0.0,3.0,452.0,0.7033777533621766,0.33376623376623377,0.8514292859300734,0.3333333333333333,0.36466623295625555
41,44,dcn,256x128,0.55,6,48,0,0.001,1e-05,1.6,0.08,512,threshold,segment_weighted,5,0.8199999999999996,0.42051914975301646,0.23337968289852143,0.9772079772079773,0.9544551015443122,0.9991518235793045,,0.9492988133764833,0.9492988133764833,0.04985301020282129,0.41832858499525166,0.44017094017094016,0.5816714150047484,0.5598290598290598,0.0,0.0,0.11965811965811968,0.16334283000949673,0.0218423551756885,1179.0,1225.0,0.5598290598290598,0.5816714150047484,1178.0,1.0,927.0,881.0,0.44017094017094016,0.41832858499525166,47.0,880.0,80.0,2086.0,0.972600290014807,0.9393256881717595,0.9943918560816272,0.975,0.9350821002517494,0.42572062084257206,-0.14650027804909413,0.4156378600823045,,0.4375,0.4156378600823045,0.021862139917695478,0.516629711751663,0.4611973392461197,0.48337028824833705,0.5388026607538803,0.0,0.0,0.07760532150776056,0.03325942350332589,0.055432372505543226,243.0,218.0,0.5388026607538803,0.48337028824833705,101.0,142.0,208.0,233.0,0.4611973392461197,0.516629711751663,117.0,91.0,12.0,451.0,0.4424745323960685,0.5802021960484669,0.500428376248021,0.5833333333333334,0.42051914975301646,0.7477876106194691,-0.07840600099518555,0.7629796839729119,,0.0,0.0,0.7629796839729119,0.2323008849557522,0.01991150442477876,0.7676991150442478,0.9800884955752213,0.0,0.0,0.9601769911504425,0.5353982300884956,0.21238938053097345,443.0,347.0,0.9800884955752213,0.7676991150442478,338.0,105.0,9.0,105.0,0.01991150442477876,0.2323008849557522,9.0,0.0,3.0,452.0,0.9242287681474591,0.5530303030303031,0.9618836727426586,0.6666666666666666,0.364656263702704
19,45,dcn,256x128,0.45,5,96,0,0.001,5e-05,1.5,0.02,512,threshold,segment_weighted,1,0.8199999999999996,0.4818602289134221,0.11758014261722564,0.9259259259259259,0.853477020586937,0.9847328244274809,,0.8511326860841424,0.8511326860841424,0.1336001383433385,0.3831908831908832,0.44017094017094016,0.6168091168091168,0.5598290598290598,0.0,0.0,0.11965811965811968,0.23361823361823358,0.05698005698005698,1179.0,1299.0,0.5598290598290598,0.6168091168091168,1161.0,18.0,927.0,807.0,0.44017094017094016,0.3831908831908832,138.0,789.0,80.0,2086.0,0.8717816512883125,0.8148373880084174,0.9120995234261083,0.8375,0.7714239476103688,0.49667405764966743,-0.0068446176348059985,0.49794238683127573,,0.4951923076923077,0.4951923076923077,0.00275007913896802,0.49889135254988914,0.4611973392461197,0.5011086474501109,0.5388026607538803,0.0,0.0,0.07760532150776056,0.0022172949002217113,0.037694013303769425,243.0,226.0,0.5388026607538803,0.5011086474501109,121.0,122.0,208.0,225.0,0.4611973392461197,0.49889135254988914,105.0,103.0,12.0,451.0,0.48830856590715205,0.5803893890368509,0.540109614033403,0.5833333333333334,0.4818602289134221,0.7676991150442478,-0.07401674955543044,0.7832957110609481,,0.0,0.0,0.7832957110609481,0.21238938053097345,0.01991150442477876,0.7876106194690266,0.9800884955752213,0.0,0.0,0.9601769911504425,0.5752212389380531,0.19247787610619468,443.0,356.0,0.9800884955752213,0.7876106194690266,347.0,96.0,9.0,96.0,0.01991150442477876,0.21238938053097345,9.0,0.0,3.0,452.0,0.9274563313984763,0.5627705627705627,0.9618836727426586,0.6666666666666666,0.35605198852306924
43,45,dcn,384x192x96,0.4,3,48,0,0.0008,1e-05,1.6,0.02,768,threshold,segment_weighted,7,0.7699999999999997,0.4536705522777556,0.09513020763794582,0.99002849002849,0.9799197510238283,1.0,,0.9773462783171522,0.9773462783171522,0.02265372168284785,0.4301994301994302,0.44017094017094016,0.5698005698005698,0.5598290598290598,0.0,0.0,0.11965811965811968,0.13960113960113962,0.009971509971509973,1179.0,1200.0,0.5598290598290598,0.5698005698005698,1179.0,0.0,927.0,906.0,0.44017094017094016,0.4301994301994302,21.0,906.0,80.0,2086.0,0.9872284678203084,0.9750823327906663,1.0,1.0,0.9701742814457337,0.4190687361419069,-0.16083083320380342,0.4156378600823045,,0.4230769230769231,0.4156378600823045,0.0074390629946185505,0.5099778270509978,0.4611973392461197,0.49002217294900224,0.5388026607538803,0.0,0.0,0.07760532150776056,0.019955654101995568,0.04878048780487809,243.0,221.0,0.5388026607538803,0.49002217294900224,101.0,142.0,208.0,230.0,0.4611973392461197,0.5099778270509978,120.0,88.0,12.0,451.0,0.46473155491057394,0.6039257448549381,0.2924139050039742,0.5833333333333334,0.4536705522777556,0.7765486725663717,-0.07205465695681845,0.7923250564334086,,0.0,0.0,0.7923250564334086,0.20353982300884957,0.01991150442477876,0.7964601769911505,0.9800884955752213,0.0,0.0,0.9601769911504425,0.5929203539823009,0.1836283185840708,443.0,360.0,0.9800884955752213,0.7964601769911505,351.0,92.0,9.0,92.0,0.01991150442477876,0.20353982300884957,9.0,0.0,3.0,452.0,0.9288908039544839,0.5670995670995671,0.9618836727426586,0.6666666666666666,0.35222786622100943
28,44,dcn,256x128,0.5,5,48,0,0.0005,0.0001,1.3,0.05,384,threshold,segment_weighted,1,0.45999999999999985,0.45848367471567353,0.17964455485343933,0.905982905982906,0.8097507393508866,0.9083969465648855,,0.9029126213592233,0.9029126213592233,0.005484325205662111,0.44871794871794873,0.44017094017094016,0.5512820512820513,0.5598290598290598,0.0,0.0,0.11965811965811968,0.10256410256410259,0.008547008547008572,1179.0,1161.0,0.5598290598290598,0.5512820512820513,1071.0,108.0,927.0,945.0,0.44017094017094016,0.44871794871794873,90.0,837.0,80.0,2086.0,0.8796224772818441,0.7438583357048925,0.9065066928596504,0.7625,0.8747578086122395,0.5365853658536586,0.07391148891641654,0.5308641975308642,,0.5432692307692307,0.5308641975308642,0.012405033238366503,0.5033259423503326,0.4611973392461197,0.49667405764966743,0.5388026607538803,0.0,0.0,0.07760532150776056,0.006651884700665134,0.04212860310421285,243.0,224.0,0.5388026607538803,0.49667405764966743,129.0,114.0,208.0,227.0,0.4611973392461197,0.5033259423503326,95.0,113.0,12.0,451.0,0.47222263035503564,0.5667395819589909,0.477670102325529,0.5833333333333334,0.45848367471567353,0.4004424778761062,-0.16737602005609473,0.40857787810383744,,0.0,0.0,0.40857787810383744,0.5796460176991151,0.01991150442477876,0.42035398230088494,0.9800884955752213,0.0,0.0,0.9601769911504425,0.15929203539823011,0.5597345132743363,443.0,190.0,0.9800884955752213,0.42035398230088494,181.0,262.0,9.0,262.0,0.01991150442477876,0.5796460176991151,9.0,0.0,3.0,452.0,0.7013742874307174,0.34428411095077766,0.8514292859300734,0.3333333333333333,0.3482016311651109
44,45,dcn,384x192x96,0.55,3,48,0,0.0003,0.0003,1.3,0.05,768,threshold,segment_weighted,4,0.6699999999999997,0.4203817981489232,0.2668968240420024,0.9045584045584045,0.8120614814885381,0.9796437659033079,,0.8090614886731392,0.8090614886731392,0.17058227723016872,0.36752136752136755,0.44017094017094016,0.6324786324786325,0.5598290598290598,0.0,0.0,0.11965811965811968,0.2649572649572649,0.07264957264957261,1179.0,1332.0,0.5598290598290598,0.6324786324786325,1155.0,24.0,927.0,774.0,0.44017094017094016,0.36752136752136755,177.0,750.0,80.0,2086.0,0.8328057386487545,0.7499569162709069,0.8315495485593083,0.7625,0.7046801958696877,0.43015521064301554,-0.13892070801967984,0.4279835390946502,,0.4326923076923077,0.4279835390946502,0.004708768597657509,0.5077605321507761,0.4611973392461197,0.49223946784922396,0.5388026607538803,0.0,0.0,0.07760532150776056,0.015521064301552145,0.04656319290465638,243.0,222.0,0.5388026607538803,0.49223946784922396,104.0,139.0,208.0,229.0,0.4611973392461197,0.5077605321507761,118.0,90.0,12.0,451.0,0.4292655193158422,0.5830312913117005,0.2924139050039742,0.5833333333333334,0.4203817981489232,0.7920353982300885,-0.0685955310005752,0.8081264108352144,,0.0,0.0,0.8081264108352144,0.18805309734513273,0.01991150442477876,0.8119469026548672,0.9800884955752213,0.0,0.0,0.9601769911504425,0.6238938053097345,0.16814159292035397,443.0,367.0,0.9800884955752213,0.8119469026548672,358.0,85.0,9.0,85.0,0.01991150442477876,0.18805309734513273,9.0,0.0,3.0,452.0,0.9314011309274971,0.5746753246753247,0.9618836727426586,0.6666666666666666,0.34553565219240456
24,45,dcn,384x192x96,0.5,3,32,0,0.0003,0.0001,1.6,0.02,512,threshold,segment_weighted,8,0.6299999999999997,0.2989091783744297,0.15814649164676667,0.9881291547958214,0.9759378017309678,0.9940627650551315,,0.9805825242718447,0.9805825242718447,0.013480240783286801,0.4349477682811016,0.44017094017094016,0.5650522317188984,0.5598290598290598,0.0,0.0,0.11965811965811968,0.1301044634377968,0.005223171889838563,1179.0,1190.0,0.5598290598290598,0.5650522317188984,1172.0,7.0,927.0,916.0,0.44017094017094016,0.4349477682811016,18.0,909.0,80.0,2086.0,0.9854306551877197,0.9676723816307149,0.996107663386524,0.9875,0.9753677060126382,0.3991130820399113,-0.1992818239172164,0.3868312757201646,,0.41346153846153844,0.3868312757201646,0.02663026274137381,0.5210643015521065,0.4611973392461197,0.4789356984478936,0.5388026607538803,0.0,0.0,0.07760532150776056,0.0421286031042129,0.05986696230598676,243.0,216.0,0.5388026607538803,0.4789356984478936,94.0,149.0,208.0,235.0,0.4611973392461197,0.5210643015521065,122.0,86.0,12.0,451.0,0.3247343977701098,0.4895692917577516,0.13974313681887307,0.4166666666666667,0.2989091783744297,0.8030973451327433,-0.06609869955943631,0.8194130925507901,,0.0,0.0,0.8194130925507901,0.17699115044247787,0.01991150442477876,0.8230088495575221,0.9800884955752213,0.0,0.0,0.9601769911504425,0.6460176991150441,0.1570796460176991,443.0,372.0,0.9800884955752213,0.8230088495575221,363.0,80.0,9.0,80.0,0.01991150442477876,0.17699115044247787,9.0,0.0,3.0,452.0,0.9331942216225066,0.5800865800865801,0.9618836727426586,0.6666666666666666,0.34075549931482974
22,45,dcn,384x192x96,0.4,3,96,0,0.0008,0.0001,1.6,0.02,512,threshold,segment_weighted,8,0.7599999999999997,0.42756179747637685,0.0809339463710785,0.9995251661918328,0.9990368901672698,1.0,,0.9989212513484358,0.9989212513484358,0.0010787486515642097,0.439696106362773,0.44017094017094016,0.560303893637227,0.5598290598290598,0.0,0.0,0.11965811965811968,0.12060778727445398,0.00047483380816715215,1179.0,1180.0,0.5598290598290598,0.560303893637227,1179.0,0.0,927.0,926.0,0.44017094017094016,0.439696106362773,1.0,926.0,80.0,2086.0,0.9992840883185373,0.9990384615384615,1.0,1.0,0.9984719842054623,0.3835920177383592,-0.23201307635877433,0.38271604938271603,,0.38461538461538464,0.38271604938271603,0.0018993352326686086,0.5099778270509978,0.4611973392461197,0.49002217294900224,0.5388026607538803,0.0,0.0,0.07760532150776056,0.019955654101995568,0.04878048780487809,243.0,221.0,0.5388026607538803,0.49002217294900224,93.0,150.0,208.0,230.0,0.4611973392461197,0.5099778270509978,128.0,80.0,12.0,451.0,0.4347449906758302,0.5530181399347961,0.26896905082527783,0.5,0.42756179747637685,0.8075221238938053,-0.06509249102119562,0.8239277652370203,,0.0,0.0,0.8239277652370203,0.17256637168141592,0.01991150442477876,0.827433628318584,0.9800884955752213,0.0,0.0,0.9601769911504425,0.654867256637168,0.15265486725663716,443.0,374.0,0.9800884955752213,0.827433628318584,365.0,78.0,9.0,78.0,0.01991150442477876,0.17256637168141592,9.0,0.0,3.0,452.0,0.9339114579005104,0.5822510822510822,0.9618836727426586,0.6666666666666666,0.3388434381637998
13,44,dcn,320x160,0.6,6,64,0,0.001,0.0003,1.6,0.05,512,threshold,segment_weighted,6,0.7399999999999997,0.40053932468563486,0.18082210719585418,0.9971509971509972,0.9942224023069224,0.996607294317218,,0.9978425026968716,0.996607294317218,0.0012352083796536295,0.44112060778727447,0.44017094017094016,0.5588793922127255,0.5598290598290598,0.0,0.0,0.11965811965811968,0.11775878442545107,0.0009496676163343043,1179.0,1177.0,0.5598290598290598,0.5588793922127255,1175.0,4.0,927.0,929.0,0.44017094017094016,0.44112060778727447,2.0,925.0,80.0,2086.0,0.9983694581805928,0.9951532800884066,1.0,1.0,0.9973908522008751,0.4279379157427938,-0.1430352724150607,0.42386831275720166,,0.4326923076923077,0.42386831275720166,0.00882399493510605,0.5099778270509978,0.4611973392461197,0.49002217294900224,0.5388026607538803,0.0,0.0,0.07760532150776056,0.019955654101995568,0.04878048780487809,243.0,221.0,0.5388026607538803,0.49002217294900224,103.0,140.0,208.0,230.0,0.4611973392461197,0.5099778270509978,118.0,90.0,12.0,451.0,0.4125697796767945,0.5216425124837315,0.2393775720229633,0.4166666666666667,0.40053932468563486,0.838495575221239,-0.014089630582465186,0.8532731376975169,,0.1111111111111111,0.1111111111111111,0.7421620265864057,0.14601769911504425,0.01991150442477876,0.8539823008849557,0.9800884955752213,0.0,0.0,0.9601769911504425,0.7079646017699115,0.1261061946902655,443.0,386.0,0.9800884955752213,0.8539823008849557,378.0,65.0,9.0,66.0,0.01991150442477876,0.14601769911504425,8.0,1.0,3.0,452.0,0.8714294556548116,0.6167147667147668,0.9618836727426586,0.6666666666666666,0.33678329368149573
1,44,dcn,320x160,0.4,6,96,0,0.0005,0.0001,1.6,0.08,512,threshold,segment_weighted,2,0.7099999999999996,0.35271141653194604,0.23336742222309112,0.9743589743589743,0.9485459213423083,0.9643765903307888,,0.9870550161812298,0.9643765903307888,0.022678425850440997,0.4544159544159544,0.44017094017094016,0.5455840455840456,0.5598290598290598,0.0,0.0,0.11965811965811968,0.09116809116809121,0.014245014245014231,1179.0,1149.0,0.5598290598290598,0.5455840455840456,1137.0,42.0,927.0,957.0,0.44017094017094016,0.4544159544159544,12.0,915.0,80.0,2086.0,0.9749710232609587,0.9483794977610159,0.9962517694893559,0.975,0.9573867234562483,0.3924611973392461,-0.2135732243399753,0.3868312757201646,,0.39903846153846156,0.3868312757201646,0.01220718581829694,0.5144124168514412,0.4611973392461197,0.48558758314855877,0.5388026607538803,0.0,0.0,0.07760532150776056,0.02882483370288247,0.053215077605321515,243.0,219.0,0.5388026607538803,0.48558758314855877,94.0,149.0,208.0,232.0,0.4611973392461197,0.5144124168514412,125.0,83.0,12.0,451.0,0.3676422559173925,0.459151948087322,0.5229601578203619,0.5,0.35271141653194604,0.8716814159292036,-0.0007752069324406469,0.8871331828442438,,0.1111111111111111,0.1111111111111111,0.7760220717331328,0.11283185840707964,0.01991150442477876,0.8871681415929203,0.9800884955752213,0.0,0.0,0.9601769911504425,0.7743362831858407,0.09292035398230088,443.0,401.0,0.9800884955752213,0.8871681415929203,393.0,50.0,9.0,51.0,0.01991150442477876,0.11283185840707964,8.0,1.0,3.0,452.0,0.8887052586608003,0.635722302388969,0.9618836727426586,0.6666666666666666,0.33433936596973135
27,45,dcn,192x96,0.45,2,32,0,0.0005,1e-05,1.6,0.08,512,threshold,segment_weighted,8,0.5399999999999998,0.3094157505596394,0.24320522248744963,0.9890788224121557,0.9779000183356255,0.9864291772688719,,0.9924487594390508,0.9864291772688719,0.006019582170178839,0.4444444444444444,0.44017094017094016,0.5555555555555556,0.5598290598290598,0.0,0.0,0.11965811965811968,0.11111111111111116,0.004273504273504258,1179.0,1170.0,0.5598290598290598,0.5555555555555556,1163.0,16.0,927.0,936.0,0.44017094017094016,0.4444444444444444,7.0,920.0,80.0,2086.0,0.9889999033155608,0.9710070004432749,0.995474473115446,0.9875,0.984273375283615,0.3325942350332594,-0.3334198703167717,0.3292181069958848,,0.33653846153846156,0.3292181069958848,0.00732035454257679,0.516629711751663,0.4611973392461197,0.48337028824833705,0.5388026607538803,0.0,0.0,0.07760532150776056,0.03325942350332589,0.055432372505543226,243.0,218.0,0.5388026607538803,0.48337028824833705,80.0,163.0,208.0,233.0,0.4611973392461197,0.516629711751663,138.0,70.0,12.0,451.0,0.3211918834401083,0.468021928954774,0.27526444879093315,0.5,0.3094157505596394,0.8207964601769911,-0.06204315031404396,0.837471783295711,,0.0,0.0,0.837471783295711,0.1592920353982301,0.01991150442477876,0.8407079646017699,0.9800884955752213,0.0,0.0,0.9601769911504425,0.6814159292035398,0.13938053097345132,443.0,380.0,0.9800884955752213,0.8407079646017699,371.0,72.0,9.0,72.0,0.01991150442477876,0.1592920353982301,9.0,0.0,3.0,452.0,0.9360631667345218,0.5887445887445888,0.9618836727426586,0.6666666666666666,0.33310725471071
36,45,dcn,192x96,0.6,2,48,0,0.0003,0.0003,1.6,0.02,384,threshold,segment_weighted,2,0.7999999999999996,0.4758411537488951,0.19421002517143884,0.8276353276353277,0.6678521529421076,0.9720101781170484,,0.6440129449838188,0.6440129449838188,0.3279972331332296,0.29914529914529914,0.44017094017094016,0.7008547008547008,0.5598290598290598,0.0,0.0,0.11965811965811968,0.40170940170940167,0.14102564102564102,1179.0,1476.0,0.5598290598290598,0.7008547008547008,1146.0,33.0,927.0,630.0,0.44017094017094016,0.29914529914529914,330.0,597.0,80.0,2086.0,0.7111664671343629,0.630603769506099,0.7480341727078896,0.65,0.4646453270180253,0.44789356984478934,-0.1040126183763716,0.448559670781893,,0.44711538461538464,0.44711538461538464,0.0014442861665083795,0.5033259423503326,0.4611973392461197,0.49667405764966743,0.5388026607538803,0.0,0.0,0.07760532150776056,0.006651884700665134,0.04212860310421285,243.0,224.0,0.5388026607538803,0.49667405764966743,109.0,134.0,208.0,227.0,0.4611973392461197,0.5033259423503326,115.0,93.0,12.0,451.0,0.4819075864379565,0.5624807881020208,0.48414230614922593,0.5,0.4758411537488951,0.8207964601769911,-0.06204315031404396,0.837471783295711,,0.0,0.0,0.837471783295711,0.1592920353982301,0.01991150442477876,0.8407079646017699,0.9800884955752213,0.0,0.0,0.9601769911504425,0.6814159292035398,0.13938053097345132,443.0,380.0,0.9800884955752213,0.8407079646017699,371.0,72.0,9.0,72.0,0.01991150442477876,0.1592920353982301,9.0,0.0,3.0,452.0,0.9360631667345218,0.5887445887445888,0.9618836727426586,0.6666666666666666,0.33310725471071
31,45,dcn,256x128,0.5,2,64,0,0.0003,1e-05,1.3,0.02,512,threshold,segment_weighted,1,0.7099999999999996,0.44592618636561515,0.21323191225528718,0.8010446343779677,0.599399819064876,0.9117896522476675,,0.6601941747572816,0.6601941747572816,0.2515954774903859,0.33998100664767333,0.44017094017094016,0.6600189933523267,0.5598290598290598,0.0,0.0,0.11965811965811968,0.3200379867046534,0.10018993352326683,1179.0,1390.0,0.5598290598290598,0.6600189933523267,1075.0,104.0,927.0,716.0,0.44017094017094016,0.33998100664767333,315.0,612.0,80.0,2086.0,0.7098914244228134,0.5999239720753177,0.7226345423395282,0.625,0.5217517981567512,0.43680709534368073,-0.12457615866749182,0.4279835390946502,,0.44711538461538464,0.4279835390946502,0.019131845520734436,0.5144124168514412,0.4611973392461197,0.48558758314855877,0.5388026607538803,0.0,0.0,0.07760532150776056,0.02882483370288247,0.053215077605321515,243.0,219.0,0.5388026607538803,0.48558758314855877,104.0,139.0,208.0,232.0,0.4611973392461197,0.5144124168514412,115.0,93.0,12.0,451.0,0.4657042875427679,0.5636329944534432,0.4769835220693246,0.5,0.44592618636561515,0.831858407079646,-0.059460208562815836,0.8487584650112867,,0.0,0.0,0.8487584650112867,0.14823008849557523,0.01991150442477876,0.8517699115044248,0.9800884955752213,0.0,0.0,0.9601769911504425,0.7035398230088497,0.12831858407079647,443.0,385.0,0.9800884955752213,0.8517699115044248,376.0,67.0,9.0,67.0,0.01991150442477876,0.14823008849557523,9.0,0.0,3.0,452.0,0.9378562574295314,0.5941558441558441,0.9618836727426586,0.6666666666666666,0.3283271018331351
8,45,dcn,384x192x96,0.6,2,48,0,0.0005,0.0003,1.4,0.02,384,threshold,segment_weighted,4,0.8999999999999996,0.4744022009119765,0.1288450931509336,0.879392212725546,0.772142436421049,0.998303647158609,,0.7281553398058253,0.7281553398058253,0.2701483073527837,0.3214624881291548,0.44017094017094016,0.6785375118708452,0.5598290598290598,0.0,0.0,0.11965811965811968,0.3570750237416904,0.11870845204178537,1179.0,1429.0,0.5598290598290598,0.6785375118708452,1177.0,2.0,927.0,677.0,0.44017094017094016,0.3214624881291548,252.0,675.0,80.0,2086.0,0.8119061700178055,0.7054588513504243,0.8860858337299204,0.7625,0.6085573406258427,0.5077605321507761,0.01643199681604667,0.5020576131687243,,0.5144230769230769,0.5020576131687243,0.012365463754352546,0.5055432372505543,0.4611973392461197,0.49445676274944567,0.5388026607538803,0.0,0.0,0.07760532150776056,0.011086474501108612,0.04434589800443456,243.0,223.0,0.5388026607538803,0.49445676274944567,122.0,121.0,208.0,228.0,0.4611973392461197,0.5055432372505543,101.0,107.0,12.0,451.0,0.4883795333005554,0.6510869748172293,0.5329414027388928,0.6666666666666666,0.4744022009119765,0.834070796460177,-0.058938313844960004,0.8510158013544018,,0.0,0.0,0.8510158013544018,0.14601769911504425,0.01991150442477876,0.8539823008849557,0.9800884955752213,0.0,0.0,0.9601769911504425,0.7079646017699115,0.1261061946902655,443.0,386.0,0.9800884955752213,0.8539823008849557,377.0,66.0,9.0,66.0,0.01991150442477876,0.14601769911504425,9.0,0.0,3.0,452.0,0.9382148755685332,0.5952380952380952,0.9618836727426586,0.6666666666666666,0.3273710712576201
17,44,dcn,320x160,0.4,3,48,0,0.0008,0.0003,1.4,0.08,768,threshold,segment_weighted,1,0.8299999999999996,0.4289333137659964,0.22853267192840576,0.8190883190883191,0.6470777354594796,0.9592875318066157,,0.6407766990291263,0.6407766990291263,0.3185108327774895,0.30484330484330485,0.44017094017094016,0.6951566951566952,0.5598290598290598,0.0,0.0,0.11965811965811968,0.39031339031339035,0.1353276353276353,1179.0,1464.0,0.5598290598290598,0.6951566951566952,1131.0,48.0,927.0,642.0,0.44017094017094016,0.30484330484330485,333.0,594.0,80.0,2086.0,0.738129321315709,0.6523255989714185,0.7876104819560601,0.65,0.4989324221321501,0.4146341463414634,-0.17039566446219823,0.4156378600823045,,0.41346153846153844,0.41346153846153844,0.0021763216207660863,0.5055432372505543,0.4611973392461197,0.49445676274944567,0.5388026607538803,0.0,0.0,0.07760532150776056,0.011086474501108612,0.04434589800443456,243.0,223.0,0.5388026607538803,0.49445676274944567,101.0,142.0,208.0,228.0,0.4611973392461197,0.5055432372505543,122.0,86.0,12.0,451.0,0.4357782466610648,0.5262983199884917,0.4769835220693246,0.5,0.4289333137659964,0.26327433628318586,-0.2267706849806461,0.2686230248306998,,0.0,0.0,0.2686230248306998,0.7168141592920354,0.01991150442477876,0.2831858407079646,0.9800884955752213,0.0,0.0,0.9601769911504425,0.4336283185840708,0.6969026548672567,443.0,128.0,0.9800884955752213,0.2831858407079646,119.0,324.0,9.0,324.0,0.01991150442477876,0.7168141592920354,9.0,0.0,3.0,452.0,0.5958642463658778,0.25776815776815776,0.8514292859300734,0.3333333333333333,0.3241998104003171
42,45,dcn,320x160,0.4,6,48,0,0.0008,5e-05,1.5,0.08,384,threshold,segment_weighted,1,0.8999999999999996,0.3967258590465795,0.21310418595870337,0.8912630579297246,0.790939674059954,0.991518235793045,,0.7637540453074434,0.7637540453074434,0.2277641904856016,0.3409306742640076,0.44017094017094016,0.6590693257359924,0.5598290598290598,0.0,0.0,0.11965811965811968,0.31813865147198483,0.09924026590693258,1179.0,1388.0,0.5598290598290598,0.6590693257359924,1169.0,10.0,927.0,718.0,0.44017094017094016,0.3409306742640076,219.0,708.0,80.0,2086.0,0.8364504010759861,0.7604159849237229,0.8398633594259939,0.7625,0.6651066358272331,0.35698447893569846,-0.28301656937148256,0.34156378600823045,,0.375,0.34156378600823045,0.03343621399176955,0.5277161862527716,0.4611973392461197,0.4722838137472284,0.5388026607538803,0.0,0.0,0.07760532150776056,0.055432372505543226,0.0665188470066519,243.0,213.0,0.5388026607538803,0.4722838137472284,83.0,160.0,208.0,238.0,0.4611973392461197,0.5277161862527716,130.0,78.0,12.0,451.0,0.4281134704816164,0.5478378999180337,0.5995208492282514,0.6666666666666666,0.3967258590465795,0.8451327433628318,-0.056298384189316535,0.8623024830699775,,0.0,0.0,0.8623024830699775,0.13495575221238937,0.01991150442477876,0.8650442477876106,0.9800884955752213,0.0,0.0,0.9601769911504425,0.7300884955752212,0.1150442477876106,443.0,391.0,0.9800884955752213,0.8650442477876106,382.0,61.0,9.0,61.0,0.01991150442477876,0.13495575221238937,9.0,0.0,3.0,452.0,0.9400079662635428,0.6006493506493507,0.9618836727426586,0.6666666666666666,0.32259091838004533
12,45,dcn,192x96,0.5,5,96,0,0.001,5e-05,1.5,0.08,512,threshold,segment_weighted,2,0.5699999999999997,0.3613274336913105,0.22858689725399017,0.976258309591643,0.9518994856584388,0.9754028837998303,,0.9773462783171522,0.9754028837998303,0.0019433945173218392,0.4439696106362773,0.44017094017094016,0.5560303893637227,0.5598290598290598,0.0,0.0,0.11965811965811968,0.11206077872744541,0.0037986704653371617,1179.0,1171.0,0.5598290598290598,0.5560303893637227,1150.0,29.0,927.0,935.0,0.44017094017094016,0.4439696106362773,21.0,906.0,80.0,2086.0,0.9700856115900843,0.9353554590070001,0.9886639947784374,0.9625,0.9682693949721186,0.4124168514412417,-0.17257008350112826,0.3991769547325103,,0.42788461538461536,0.3991769547325103,0.02870766065210506,0.5210643015521065,0.4611973392461197,0.4789356984478936,0.5388026607538803,0.0,0.0,0.07760532150776056,0.0421286031042129,0.05986696230598676,243.0,216.0,0.5388026607538803,0.4789356984478936,97.0,146.0,208.0,235.0,0.4611973392461197,0.5210643015521065,119.0,89.0,12.0,451.0,0.38860683162450244,0.5722658505623969,0.3249269314948459,0.6666666666666666,0.3613274336913105,0.8473451327433629,-0.055763751513529566,0.8645598194130926,,0.0,0.0,0.8645598194130926,0.13274336283185842,0.01991150442477876,0.8672566371681416,0.9800884955752213,0.0,0.0,0.9601769911504425,0.7345132743362832,0.11283185840707965,443.0,392.0,0.9800884955752213,0.8672566371681416,383.0,60.0,9.0,60.0,0.01991150442477876,0.13274336283185842,9.0,0.0,3.0,452.0,0.9403665844025446,0.6017316017316018,0.9618836727426586,0.6666666666666666,0.32163488780453037
7,44,dcn,192x96,0.4,5,96,0,0.0008,5e-05,1.4,0.02,512,threshold,segment_weighted,8,0.7999999999999996,0.3395633398123943,0.0914806753396988,0.9976258309591642,0.9951837044128649,0.9974554707379135,,0.9978425026968716,0.9974554707379135,0.00038703195895806175,0.4406457739791073,0.44017094017094016,0.5593542260208927,0.5598290598290598,0.0,0.0,0.11965811965811968,0.11870845204178537,0.00047483380816715215,1179.0,1178.0,0.5598290598290598,0.5593542260208927,1176.0,3.0,927.0,928.0,0.44017094017094016,0.4406457739791073,2.0,925.0,80.0,2086.0,0.9980859793653865,0.9922222222222222,1.0,1.0,0.9977580769371357,0.4212860310421286,-0.15671486857545253,0.41975308641975306,,0.4230769230769231,0.41975308641975306,0.0033238366571700095,0.5077605321507761,0.4611973392461197,0.49223946784922396,0.5388026607538803,0.0,0.0,0.07760532150776056,0.015521064301552145,0.04656319290465638,243.0,222.0,0.5388026607538803,0.49223946784922396,102.0,141.0,208.0,229.0,0.4611973392461197,0.5077605321507761,120.0,88.0,12.0,451.0,0.3474776086209721,0.46322476209668473,0.13974313681887307,0.4166666666666667,0.3395633398123943,0.8517699115044248,-0.054687148313151294,0.8690744920993227,,0.0,0.0,0.8690744920993227,0.12831858407079647,0.01991150442477876,0.8716814159292036,0.9800884955752213,0.0,0.0,0.9601769911504425,0.7433628318584071,0.1084070796460177,443.0,394.0,0.9800884955752213,0.8716814159292036,385.0,58.0,9.0,58.0,0.01991150442477876,0.12831858407079647,9.0,0.0,3.0,452.0,0.9410838206805485,0.6038961038961039,0.9618836727426586,0.6666666666666666,0.3197228266535005
16,45,dcn,192x96,0.4,3,96,0,0.0008,5e-05,1.4,0.02,512,threshold,segment_weighted,5,0.8399999999999996,0.3618588925931465,0.08109947741031646,0.99335232668566,0.9865797619996709,1.0,,0.9848975188781014,0.9848975188781014,0.015102481121898603,0.4335232668566002,0.44017094017094016,0.5664767331433999,0.5598290598290598,0.0,0.0,0.11965811965811968,0.13295346628679966,0.0066476733143399636,1179.0,1193.0,0.5598290598290598,0.5664767331433999,1179.0,0.0,927.0,913.0,0.44017094017094016,0.4335232668566002,14.0,913.0,80.0,2086.0,0.9892101269654985,0.9792922008547009,0.996107663386524,0.9875,0.9778406693824486,0.43237250554323725,-0.13347586523474017,0.42386831275720166,,0.4423076923076923,0.42386831275720166,0.01843937955049063,0.5144124168514412,0.4611973392461197,0.48558758314855877,0.5388026607538803,0.0,0.0,0.07760532150776056,0.02882483370288247,0.053215077605321515,243.0,219.0,0.5388026607538803,0.48558758314855877,103.0,140.0,208.0,232.0,0.4611973392461197,0.5144124168514412,116.0,92.0,12.0,451.0,0.3811522675911286,0.5056005542339576,0.13974313681887307,0.4166666666666667,0.3618588925931465,0.8584070796460177,-0.053052454671817545,0.8758465011286681,,0.0,0.0,0.8758465011286681,0.12168141592920353,0.01991150442477876,0.8783185840707964,0.9800884955752213,0.0,0.0,0.9601769911504425,0.7566371681415929,0.10176991150442477,443.0,397.0,0.9800884955752213,0.8783185840707964,388.0,55.0,9.0,55.0,0.01991150442477876,0.12168141592920353,9.0,0.0,3.0,452.0,0.942159675097554,0.6071428571428571,0.9618836727426586,0.6666666666666666,0.31685473492695543
4,44,dcn,320x160,0.55,6,96,0,0.0003,0.0003,1.5,0.02,384,threshold,segment_weighted,2,0.5699999999999997,0.3246963307568035,0.10705571497480075,0.9634377967711301,0.9259592165508023,0.9626802374893978,,0.9644012944983819,0.9626802374893978,0.0017210570089840616,0.4453941120607787,0.44017094017094016,0.5546058879392213,0.5598290598290598,0.0,0.0,0.11965811965811968,0.10921177587844255,0.005223171889838563,1179.0,1168.0,0.5598290598290598,0.5546058879392213,1135.0,44.0,927.0,938.0,0.44017094017094016,0.4453941120607787,33.0,894.0,80.0,2086.0,0.9594032845467512,0.9031913535474709,0.9836421627267866,0.95,0.9575717640136816,0.36585365853658536,-0.2676041979362598,0.3662551440329218,,0.36538461538461536,0.36538461538461536,0.0008705286483064456,0.5099778270509978,0.4611973392461197,0.49002217294900224,0.5388026607538803,0.0,0.0,0.07760532150776056,0.019955654101995568,0.04878048780487809,243.0,221.0,0.5388026607538803,0.49002217294900224,89.0,154.0,208.0,230.0,0.4611973392461197,0.5099778270509978,132.0,76.0,12.0,451.0,0.33115935934720336,0.48802271735489217,0.27526444879093315,0.5,0.3246963307568035,0.8584070796460177,-0.053052454671817545,0.8758465011286681,,0.0,0.0,0.8758465011286681,0.12168141592920353,0.01991150442477876,0.8783185840707964,0.9800884955752213,0.0,0.0,0.9601769911504425,0.7566371681415929,0.10176991150442477,443.0,397.0,0.9800884955752213,0.8783185840707964,388.0,55.0,9.0,55.0,0.01991150442477876,0.12168141592920353,9.0,0.0,3.0,452.0,0.936211409637074,0.6057559724226391,0.9618836727426586,0.6666666666666666,0.31090646946647543
6,45,dcn,320x160,0.4,6,32,0,0.0008,5e-05,1.6,0.02,384,threshold,segment_weighted,5,0.5299999999999998,0.3751308260639082,0.07749879856904347,0.9952516619183286,0.9904223329625091,0.991518235793045,,1.0,0.991518235793045,0.008481764206955011,0.44491927825261157,0.44017094017094016,0.5550807217473884,0.5598290598290598,0.0,0.0,0.11965811965811968,0.11016144349477686,0.0047483380816714105,1179.0,1169.0,0.5598290598290598,0.5550807217473884,1169.0,10.0,927.0,937.0,0.44017094017094016,0.44491927825261157,0.0,927.0,80.0,2086.0,0.9973819747131767,0.9890479781656254,1.0,1.0,0.9908749391985076,0.3902439024390244,-0.21834262700191037,0.3868312757201646,,0.3942307692307692,0.3868312757201646,0.007399493510604593,0.5121951219512195,0.4611973392461197,0.4878048780487805,0.5388026607538803,0.0,0.0,0.07760532150776056,0.024390243902439046,0.0509977827050998,243.0,220.0,0.5388026607538803,0.4878048780487805,94.0,149.0,208.0,231.0,0.4611973392461197,0.5121951219512195,126.0,82.0,12.0,451.0,0.38643020544594336,0.560736371821927,0.2924139050039742,0.5833333333333334,0.3751308260639082,0.334070796460177,-0.16121717127294113,0.33860045146726864,,0.1111111111111111,0.1111111111111111,0.22748934035615753,0.6504424778761062,0.01991150442477876,0.3495575221238938,0.9800884955752213,0.0,0.0,0.9601769911504425,0.3008849557522124,0.6305309734513275,443.0,158.0,0.9800884955752213,0.3495575221238938,150.0,293.0,9.0,294.0,0.01991150442477876,0.6504424778761062,8.0,1.0,3.0,452.0,0.5457856360826931,0.31309924643257975,0.8514292859300734,0.3333333333333333,0.31087938101922363
17,45,dcn,320x160,0.4,3,48,0,0.0008,0.0003,1.4,0.08,768,threshold,segment_weighted,1,0.7099999999999996,0.4335690552626975,0.23253409067789713,0.8660968660968661,0.7293151038542998,0.9296013570822731,,0.785329018338727,0.785329018338727,0.14427233874354606,0.38509021842355173,0.44017094017094016,0.6149097815764483,0.5598290598290598,0.0,0.0,0.11965811965811968,0.22981956315289653,0.05508072174738843,1179.0,1295.0,0.5598290598290598,0.6149097815764483,1096.0,83.0,927.0,811.0,0.44017094017094016,0.38509021842355173,199.0,728.0,80.0,2086.0,0.7905483281354369,0.7308135449957179,0.877565582017871,0.8,0.6829480044052679,0.5188470066518847,0.037635534429999555,0.5185185185185185,,0.5192307692307693,0.5185185185185185,0.0007122507122507837,0.49889135254988914,0.4611973392461197,0.5011086474501109,0.5388026607538803,0.0,0.0,0.07760532150776056,0.0022172949002217113,0.037694013303769425,243.0,226.0,0.5388026607538803,0.5011086474501109,126.0,117.0,208.0,225.0,0.4611973392461197,0.49889135254988914,100.0,108.0,12.0,451.0,0.4385909123577254,0.6135033937625102,0.17294274356594921,0.5833333333333334,0.4335690552626975,0.3407079646017699,-0.18979051784873507,0.3476297968397291,,0.0,0.0,0.3476297968397291,0.6393805309734514,0.01991150442477876,0.3606194690265487,0.9800884955752213,0.0,0.0,0.9601769911504425,0.2787610619469027,0.6194690265486726,443.0,163.0,0.9800884955752213,0.3606194690265487,154.0,289.0,9.0,289.0,0.01991150442477876,0.6393805309734514,9.0,0.0,3.0,452.0,0.6262606776123846,0.2998075998075998,0.8514292859300734,0.3333333333333333,0.3085835366387335
1,45,dcn,320x160,0.4,6,96,0,0.0005,0.0001,1.6,0.08,512,threshold,segment_weighted,2,0.5299999999999998,0.39142652862876387,0.2264958143234253,0.9677113010446344,0.9360364585742345,0.9491094147582697,,0.9913700107874865,0.9491094147582697,0.042260596029216835,0.4648622981956315,0.44017094017094016,0.5351377018043685,0.5598290598290598,0.0,0.0,0.11965811965811968,0.07027540360873696,0.024691358024691357,1179.0,1127.0,0.5598290598290598,0.5351377018043685,1119.0,60.0,927.0,979.0,0.44017094017094016,0.4648622981956315,8.0,919.0,80.0,2086.0,0.9626079408141833,0.9248402207090052,0.9818251605350851,0.95,0.9300625606307686,0.4811529933481153,-0.03557909299500836,0.4691358024691358,,0.4951923076923077,0.4691358024691358,0.026056505223171933,0.5144124168514412,0.4611973392461197,0.48558758314855877,0.5388026607538803,0.0,0.0,0.07760532150776056,0.02882483370288247,0.053215077605321515,243.0,219.0,0.5388026607538803,0.48558758314855877,114.0,129.0,208.0,232.0,0.4611973392461197,0.5144124168514412,105.0,103.0,12.0,451.0,0.41605189159762285,0.5245438421117822,0.16003052374425228,0.5,0.39142652862876387,0.8849557522123894,-0.046215958589285316,0.9029345372460497,,0.0,0.0,0.9029345372460497,0.09513274336283185,0.01991150442477876,0.9048672566371682,0.9800884955752213,0.0,0.0,0.9601769911504425,0.8097345132743363,0.07522123893805309,443.0,409.0,0.9800884955752213,0.9048672566371682,400.0,43.0,9.0,43.0,0.01991150442477876,0.09513274336283185,9.0,0.0,3.0,452.0,0.9464630927655769,0.6201298701298702,0.9618836727426586,0.6666666666666666,0.3053823680207759
4,45,dcn,320x160,0.55,6,96,0,0.0003,0.0003,1.5,0.02,384,threshold,segment_weighted,5,0.5199999999999998,0.36081590363993954,0.10412998249133427,0.9928774928774928,0.9856000184800005,0.989821882951654,,0.9967637540453075,0.989821882951654,0.006941871093653518,0.4444444444444444,0.44017094017094016,0.5555555555555556,0.5598290598290598,0.0,0.0,0.11965811965811968,0.11111111111111116,0.004273504273504258,1179.0,1170.0,0.5598290598290598,0.5555555555555556,1167.0,12.0,927.0,936.0,0.44017094017094016,0.4444444444444444,3.0,924.0,80.0,2086.0,0.9904759888323593,0.9750825332075334,0.9981604383225658,0.9875,0.9851038585539813,0.49889135254988914,-0.002051412778155112,0.49794238683127573,,0.5,0.49794238683127573,0.0020576131687242705,0.5011086474501109,0.4611973392461197,0.49889135254988914,0.5388026607538803,0.0,0.0,0.07760532150776056,0.0022172949002217113,0.039911308203991136,243.0,225.0,0.5388026607538803,0.49889135254988914,121.0,122.0,208.0,226.0,0.4611973392461197,0.5011086474501109,104.0,104.0,12.0,451.0,0.36704558984252544,0.5242248950069641,0.4436131095416509,0.5833333333333334,0.36081590363993954,0.918141592920354,-0.03662819174272745,0.9367945823927766,,0.0,0.0,0.9367945823927766,0.061946902654867256,0.01991150442477876,0.9380530973451328,0.9800884955752213,0.0,0.0,0.9601769911504425,0.8761061946902655,0.04203539823008849,443.0,424.0,0.9800884955752213,0.9380530973451328,415.0,28.0,9.0,28.0,0.01991150442477876,0.061946902654867256,9.0,0.0,3.0,452.0,0.9518423648506055,0.6363636363636364,0.9618836727426586,0.6666666666666666,0.29104190938805125
27,44,dcn,192x96,0.45,2,32,0,0.0005,1e-05,1.6,0.08,512,threshold,segment_weighted,5,0.8299999999999996,0.4551107636592909,0.23743291199207306,0.9330484330484331,0.8698296877089274,0.998303647158609,,0.8500539374325782,0.8500539374325782,0.1482497097260308,0.37511870845204176,0.44017094017094016,0.6248812915479582,0.5598290598290598,0.0,0.0,0.11965811965811968,0.24976258309591648,0.0650522317188984,1179.0,1316.0,0.5598290598290598,0.6248812915479582,1177.0,2.0,927.0,790.0,0.44017094017094016,0.37511870845204176,139.0,788.0,80.0,2086.0,0.8891872451185502,0.8179717647547478,0.9137352174268215,0.8375,0.7776061805040608,0.4656319290465632,-0.06774406579658912,0.4609053497942387,,0.47115384615384615,0.4609053497942387,0.01024849635960745,0.5077605321507761,0.4611973392461197,0.49223946784922396,0.5388026607538803,0.0,0.0,0.07760532150776056,0.015521064301552145,0.04656319290465638,243.0,222.0,0.5388026607538803,0.49223946784922396,112.0,131.0,208.0,229.0,0.4611973392461197,0.5077605321507761,110.0,98.0,12.0,451.0,0.4678722942595749,0.5395853763428993,0.540109614033403,0.5833333333333334,0.4551107636592909,0.922566371681416,-0.03521285724323221,0.9413092550790068,,0.0,0.0,0.9413092550790068,0.05752212389380531,0.01991150442477876,0.9424778761061947,0.9800884955752213,0.0,0.0,0.9601769911504425,0.8849557522123894,0.03761061946902655,443.0,426.0,0.9800884955752213,0.9424778761061947,417.0,26.0,9.0,26.0,0.01991150442477876,0.05752212389380531,9.0,0.0,3.0,452.0,0.9525596011286093,0.6385281385281386,0.9618836727426586,0.6666666666666666,0.2891298482370214
47,44,dcn,256x128,0.6,3,64,0,0.0008,0.0003,1.6,0.05,384,threshold,segment_weighted,4,0.7399999999999997,0.43449401972678503,0.16828839977582297,0.9791073124406457,0.9580690995132652,0.9974554707379135,,0.9557713052858684,0.9557713052858684,0.04168416545204512,0.42212725546058877,0.44017094017094016,0.5778727445394112,0.5598290598290598,0.0,0.0,0.11965811965811968,0.1557454890788224,0.018043684710351393,1179.0,1217.0,0.5598290598290598,0.5778727445394112,1176.0,3.0,927.0,889.0,0.44017094017094016,0.42212725546058877,41.0,886.0,80.0,2086.0,0.9650620493594653,0.944116329294103,0.9700664572799375,0.9625,0.9337178913777915,0.5299334811529933,0.06091477331086688,0.522633744855967,,0.5384615384615384,0.522633744855967,0.015827793605571405,0.5055432372505543,0.4611973392461197,0.49445676274944567,0.5388026607538803,0.0,0.0,0.07760532150776056,0.011086474501108612,0.04434589800443456,243.0,223.0,0.5388026607538803,0.49445676274944567,127.0,116.0,208.0,228.0,0.4611973392461197,0.5055432372505543,96.0,112.0,12.0,451.0,0.45089498301121717,0.5196287793330153,0.4492219272511017,0.5,0.43449401972678503,0.9269911504424779,-0.0337522809929392,0.945823927765237,,0.0,0.0,0.945823927765237,0.05309734513274336,0.01991150442477876,0.9469026548672567,0.9800884955752213,0.0,0.0,0.9601769911504425,0.8938053097345133,0.0331858407079646,443.0,428.0,0.9800884955752213,0.9469026548672567,419.0,24.0,9.0,24.0,0.01991150442477876,0.05309734513274336,9.0,0.0,3.0,452.0,0.9532768374066131,0.6406926406926406,0.9618836727426586,0.6666666666666666,0.28721778708599144
5,44,dcn,192x96,0.5,6,48,0,0.0005,0.0003,1.4,0.08,512,threshold,segment_weighted,2,0.6599999999999997,0.4146030470368214,0.22707117795944215,0.9539411206077872,0.9065155896198115,0.9601357082273113,,0.9460625674217907,0.9460625674217907,0.014073140805520579,0.43874643874643876,0.44017094017094016,0.5612535612535613,0.5598290598290598,0.0,0.0,0.11965811965811968,0.12250712250712253,0.001424501424501401,1179.0,1182.0,0.5598290598290598,0.5612535612535613,1132.0,47.0,927.0,924.0,0.44017094017094016,0.43874643874643876,50.0,877.0,80.0,2086.0,0.9372178838614198,0.872121047396573,0.975479270850138,0.9125,0.9271957451266152,0.3902439024390244,-0.2189944305206569,0.39094650205761317,,0.3894230769230769,0.3894230769230769,0.0015234251345362382,0.5077605321507761,0.4611973392461197,0.49223946784922396,0.5388026607538803,0.0,0.0,0.07760532150776056,0.015521064301552145,0.04656319290465638,243.0,222.0,0.5388026607538803,0.49223946784922396,95.0,148.0,208.0,229.0,0.4611973392461197,0.5077605321507761,127.0,81.0,12.0,451.0,0.42125702777955554,0.5858674699651237,0.24936824415610304,0.5,0.4146030470368214,0.9269911504424779,-0.0337522809929392,0.945823927765237,,0.0,0.0,0.945823927765237,0.05309734513274336,0.01991150442477876,0.9469026548672567,0.9800884955752213,0.0,0.0,0.9601769911504425,0.8938053097345133,0.0331858407079646,443.0,428.0,0.9800884955752213,0.9469026548672567,419.0,24.0,9.0,24.0,0.01991150442477876,0.05309734513274336,9.0,0.0,3.0,452.0,0.947328571946133,0.6393057559724227,0.9618836727426586,0.6666666666666666,0.28126952162551133
32,44,dcn,192x96,0.4,6,48,0,0.0003,1e-05,1.3,0.08,768,threshold,segment_weighted,4,0.5999999999999998,0.3923868102751945,0.2363931934038798,0.976258309591643,0.9518107281750421,0.9821882951653944,,0.9687162891046386,0.9687162891046386,0.013472006060755826,0.43637226970560306,0.44017094017094016,0.563627730294397,0.5598290598290598,0.0,0.0,0.11965811965811968,0.1272554605887939,0.003798670465337106,1179.0,1187.0,0.5598290598290598,0.563627730294397,1158.0,21.0,927.0,919.0,0.44017094017094016,0.43637226970560306,29.0,898.0,80.0,2086.0,0.9698307034165531,0.9293349586883803,0.9843540704655469,0.9625,0.9599444587181836,0.3902439024390244,-0.2159034146138208,0.37037037037037035,,0.41346153846153844,0.37037037037037035,0.043091168091168086,0.5299334811529933,0.4611973392461197,0.4700665188470067,0.5388026607538803,0.0,0.0,0.07760532150776056,0.05986696230598665,0.0687361419068736,243.0,212.0,0.5388026607538803,0.4700665188470067,90.0,153.0,208.0,239.0,0.4611973392461197,0.5299334811529933,122.0,86.0,12.0,451.0,0.430798964967837,0.5694618886141599,0.24936824415610304,0.5,0.3923868102751945,0.9358407079646017,-0.030668498653036502,0.9548532731376975,,0.0,0.0,0.9548532731376975,0.04424778761061947,0.01991150442477876,0.9557522123893806,0.9800884955752213,0.0,0.0,0.9601769911504425,0.9115044247787611,0.024336283185840708,443.0,432.0,0.9800884955752213,0.9557522123893806,423.0,20.0,9.0,20.0,0.01991150442477876,0.04424778761061947,9.0,0.0,3.0,452.0,0.9487630445021406,0.643634760301427,0.9618836727426586,0.6666666666666666,0.2774453993234514
43,44,dcn,384x192x96,0.4,3,48,0,0.0008,1e-05,1.6,0.02,768,threshold,segment_weighted,4,0.8999999999999996,0.3666763752405645,0.09438414374987285,0.9477682811016145,0.8976798386499448,0.9991518235793045,,0.8824163969795038,0.8824163969795038,0.11673542659980074,0.3888888888888889,0.44017094017094016,0.6111111111111112,0.5598290598290598,0.0,0.0,0.11965811965811968,0.22222222222222227,0.051282051282051266,1179.0,1287.0,0.5598290598290598,0.6111111111111112,1178.0,1.0,927.0,819.0,0.44017094017094016,0.3888888888888889,109.0,818.0,80.0,2086.0,0.9157197285636757,0.8637813214838459,0.9368739611599133,0.9,0.827851083789969,0.3991130820399113,-0.20120026996488422,0.3991769547325103,,0.39903846153846156,0.39903846153846156,0.00013849319404873883,0.5077605321507761,0.4611973392461197,0.49223946784922396,0.5388026607538803,0.0,0.0,0.07760532150776056,0.015521064301552145,0.04656319290465638,243.0,222.0,0.5388026607538803,0.49223946784922396,97.0,146.0,208.0,229.0,0.4611973392461197,0.5077605321507761,125.0,83.0,12.0,451.0,0.3723609036249574,0.5284020365946881,0.27526444879093315,0.5,0.3666763752405645,0.9623893805309734,-0.019132551897924566,0.981941309255079,,0.0,0.0,0.981941309255079,0.017699115044247787,0.01991150442477876,0.9823008849557522,0.9800884955752213,0.0,0.0,0.9601769911504425,0.9646017699115044,0.0022123893805309734,443.0,444.0,0.9800884955752213,0.9823008849557522,435.0,8.0,9.0,8.0,0.01991150442477876,0.017699115044247787,9.0,0.0,3.0,452.0,0.9590147276306434,0.658008658008658,0.9618836727426586,0.6666666666666666,0.2713903244264244
44,44,dcn,384x192x96,0.55,3,48,0,0.0003,0.0003,1.3,0.05,768,threshold,segment_weighted,8,0.8499999999999996,0.35530917602951,0.24968282878398895,0.936372269705603,0.8762385459295136,0.9991518235793045,,0.8565264293419633,0.8565264293419633,0.14262539423734122,0.37749287749287747,0.44017094017094016,0.6225071225071225,0.5598290598290598,0.0,0.0,0.11965811965811968,0.245014245014245,0.0626780626780627,1179.0,1311.0,0.5598290598290598,0.6225071225071225,1178.0,1.0,927.0,795.0,0.44017094017094016,0.37749287749287747,133.0,794.0,80.0,2086.0,0.9025870201588534,0.8299677911807709,0.9209728667635025,0.85,0.795227876671347,0.3835920177383592,-0.23267155155494654,0.3868312757201646,,0.3798076923076923,0.3798076923076923,0.007023583412472334,0.5055432372505543,0.4611973392461197,0.49445676274944567,0.5388026607538803,0.0,0.0,0.07760532150776056,0.011086474501108612,0.04434589800443456,243.0,223.0,0.5388026607538803,0.49445676274944567,94.0,149.0,208.0,228.0,0.4611973392461197,0.5055432372505543,129.0,79.0,12.0,451.0,0.3655471921787728,0.5364255765199162,0.27526444879093315,0.5,0.35530917602951,0.9712389380530974,-0.013468225532724143,0.9909706546275395,,0.0,0.0,0.9909706546275395,0.008849557522123894,0.01991150442477876,0.9911504424778761,0.9800884955752213,0.0,0.0,0.9601769911504425,0.9823008849557522,0.011061946902654867,443.0,448.0,0.9800884955752213,0.9911504424778761,439.0,4.0,9.0,4.0,0.01991150442477876,0.008849557522123894,9.0,0.0,3.0,452.0,0.960449200186651,0.6623376623376623,0.9618836727426586,0.6666666666666666,0.26544230831905474
46,44,dcn,256x128,0.6,3,64,0,0.0003,0.0001,1.5,0.08,512,threshold,segment_weighted,4,0.7899999999999996,0.4060527200386271,0.26885043680667875,0.9173789173789174,0.840576016372896,0.9974554707379135,,0.8155339805825242,0.8155339805825242,0.18192149015538928,0.3603988603988604,0.44017094017094016,0.6396011396011396,0.5598290598290598,0.0,0.0,0.11965811965811968,0.27920227920227925,0.07977207977207978,1179.0,1347.0,0.5598290598290598,0.6396011396011396,1176.0,3.0,927.0,759.0,0.44017094017094016,0.3603988603988604,171.0,756.0,80.0,2086.0,0.8682597126873035,0.7869910678035089,0.9130023731517096,0.8125,0.7313420200058814,0.5144124168514412,0.028739504017038443,0.51440329218107,,0.5144230769230769,0.51440329218107,1.978474200692304e-05,0.49889135254988914,0.4611973392461197,0.5011086474501109,0.5388026607538803,0.0,0.0,0.07760532150776056,0.0022172949002217113,0.037694013303769425,243.0,226.0,0.5388026607538803,0.5011086474501109,125.0,118.0,208.0,225.0,0.4611973392461197,0.49889135254988914,101.0,107.0,12.0,451.0,0.41058985095448425,0.5268016990021822,0.4492219272511017,0.5,0.4060527200386271,0.9712389380530974,-0.013468225532724143,0.9909706546275395,,0.0,0.0,0.9909706546275395,0.008849557522123894,0.01991150442477876,0.9911504424778761,0.9800884955752213,0.0,0.0,0.9601769911504425,0.9823008849557522,0.011061946902654867,443.0,448.0,0.9800884955752213,0.9911504424778761,439.0,4.0,9.0,4.0,0.01991150442477876,0.008849557522123894,9.0,0.0,3.0,452.0,0.960449200186651,0.6623376623376623,0.9618836727426586,0.6666666666666666,0.26544230831905474
11,45,dcn,384x192x96,0.55,6,96,0,0.0003,1e-05,1.5,0.08,384,threshold,segment_weighted,3,0.6799999999999997,0.3335556861299013,0.23412074645360312,0.9791073124406457,0.9576265169755591,0.9872773536895675,,0.9687162891046386,0.9687162891046386,0.0185610645849289,0.4335232668566002,0.44017094017094016,0.5664767331433999,0.5598290598290598,0.0,0.0,0.11965811965811968,0.13295346628679966,0.0066476733143399636,1179.0,1193.0,0.5598290598290598,0.5664767331433999,1164.0,15.0,927.0,913.0,0.44017094017094016,0.4335232668566002,29.0,898.0,80.0,2086.0,0.9758026598747104,0.9358337544491515,0.9931101692524319,0.975,0.9620121938675393,0.34146341463414637,-0.3156180043865167,0.3374485596707819,,0.34615384615384615,0.3374485596707819,0.008705286483064234,0.516629711751663,0.4611973392461197,0.48337028824833705,0.5388026607538803,0.0,0.0,0.07760532150776056,0.03325942350332589,0.055432372505543226,243.0,218.0,0.5388026607538803,0.48337028824833705,82.0,161.0,208.0,233.0,0.4611973392461197,0.516629711751663,136.0,72.0,12.0,451.0,0.3463012713687114,0.4255823619294585,0.12259368060583199,0.3333333333333333,0.3335556861299013,0.9734513274336283,-0.011650829545401895,0.9932279909706546,,0.0,0.0,0.9932279909706546,0.00663716814159292,0.01991150442477876,0.9933628318584071,0.9800884955752213,0.0,0.0,0.9601769911504425,0.9867256637168142,0.01327433628318584,443.0,449.0,0.9800884955752213,0.9933628318584071,440.0,3.0,9.0,3.0,0.01991150442477876,0.00663716814159292,9.0,0.0,3.0,452.0,0.960807818325653,0.6634199134199134,0.9618836727426586,0.6666666666666666,0.2639553042922125
23,44,dcn,384x192x96,0.6,2,96,0,0.0003,0.0003,1.4,0.08,384,threshold,segment_weighted,8,0.7199999999999996,0.4200150707008058,0.26795849700768787,0.9795821462488129,0.9591300959060273,0.9991518235793045,,0.9546925566343042,0.9546925566343042,0.04445926694500035,0.42070275403608737,0.44017094017094016,0.5792972459639126,0.5598290598290598,0.0,0.0,0.11965811965811968,0.15859449192782527,0.019468186134852794,1179.0,1220.0,0.5598290598290598,0.5792972459639126,1178.0,1.0,927.0,886.0,0.44017094017094016,0.42070275403608737,42.0,885.0,80.0,2086.0,0.9681523638175007,0.9394303165969834,0.9899223095417807,0.9625,0.934694694619818,0.4811529933481153,-0.03422067147608611,0.4609053497942387,,0.5048076923076923,0.4609053497942387,0.043902342513453596,0.5232815964523282,0.4611973392461197,0.47671840354767187,0.5388026607538803,0.0,0.0,0.07760532150776056,0.046563192904656325,0.06208425720620847,243.0,215.0,0.5388026607538803,0.47671840354767187,112.0,131.0,208.0,236.0,0.4611973392461197,0.5232815964523282,103.0,105.0,12.0,451.0,0.4581968213249683,0.594054701488349,0.2924139050039742,0.5833333333333334,0.4200150707008058,0.7079646017699115,-0.08715132581999951,0.7223476297968398,,0.0,0.0,0.7223476297968398,0.2721238938053097,0.01991150442477876,0.7278761061946902,0.9800884955752213,0.0,0.0,0.9601769911504425,0.4557522123893805,0.252212389380531,443.0,329.0,0.9800884955752213,0.7278761061946902,320.0,123.0,9.0,123.0,0.01991150442477876,0.2721238938053097,9.0,0.0,3.0,452.0,0.7988083324358224,0.5058120891454224,0.9618836727426586,0.6666666666666666,0.26289950485237085
7,45,dcn,192x96,0.4,5,96,0,0.0008,5e-05,1.4,0.02,512,threshold,segment_weighted,2,0.48999999999999977,0.4095680036686457,0.0882929652929306,0.9757834757834758,0.9508843683494365,0.9770992366412213,,0.9741100323624595,0.9741100323624595,0.0029892042787618145,0.4415954415954416,0.44017094017094016,0.5584045584045584,0.5598290598290598,0.0,0.0,0.11965811965811968,0.11680911680911676,0.0014245014245014564,1179.0,1176.0,0.5598290598290598,0.5584045584045584,1152.0,27.0,927.0,930.0,0.44017094017094016,0.4415954415954416,24.0,903.0,80.0,2086.0,0.966292436914231,0.9376460645553635,0.9981604383225658,0.9875,0.9640290537481575,0.4501108647450111,-0.09787703896574679,0.4403292181069959,,0.46153846153846156,0.4403292181069959,0.021209243431465685,0.5144124168514412,0.4611973392461197,0.48558758314855877,0.5388026607538803,0.0,0.0,0.07760532150776056,0.02882483370288247,0.053215077605321515,243.0,219.0,0.5388026607538803,0.48558758314855877,107.0,136.0,208.0,232.0,0.4611973392461197,0.5144124168514412,112.0,96.0,12.0,451.0,0.4308002833833103,0.5462905679188214,0.2269621563044191,0.5,0.4095680036686457,0.8473451327433629,-0.055763751513529566,0.8645598194130926,,0.0,0.0,0.8645598194130926,0.13274336283185842,0.01991150442477876,0.8672566371681416,0.9800884955752213,0.0,0.0,0.9601769911504425,0.7345132743362832,0.11283185840707965,443.0,392.0,0.9800884955752213,0.8672566371681416,383.0,60.0,9.0,60.0,0.01991150442477876,0.13274336283185842,9.0,0.0,3.0,452.0,0.8808839297977434,0.5878627545294212,0.9618836727426586,0.6666666666666666,0.2621522331997292
25,44,dcn,256x128,0.5,3,64,0,0.0003,0.0003,1.3,0.08,512,threshold,segment_weighted,4,0.7499999999999997,0.4328171652725651,0.24214014410972595,0.9382716049382716,0.8790548452913896,0.9957591178965225,,0.8651564185544768,0.8651564185544768,0.1306026993420457,0.3831908831908832,0.44017094017094016,0.6168091168091168,0.5598290598290598,0.0,0.0,0.11965811965811968,0.23361823361823358,0.05698005698005698,1179.0,1299.0,0.5598290598290598,0.6168091168091168,1174.0,5.0,927.0,807.0,0.44017094017094016,0.3831908831908832,125.0,802.0,80.0,2086.0,0.8903768100132564,0.833914173028286,0.9326293481927318,0.8625,0.7921173136362176,0.5432372505543237,0.08690889135145599,0.5390946502057613,,0.5480769230769231,0.5390946502057613,0.008982272871161823,0.5011086474501109,0.4611973392461197,0.49889135254988914,0.5388026607538803,0.0,0.0,0.07760532150776056,0.0022172949002217113,0.039911308203991136,243.0,225.0,0.5388026607538803,0.49889135254988914,131.0,112.0,208.0,226.0,0.4611973392461197,0.5011086474501109,94.0,114.0,12.0,451.0,0.4438941132668573,0.5572437387821992,0.4663713834641428,0.5833333333333334,0.4328171652725651,0.9513274336283186,-0.02452781193697571,0.9706546275395034,,0.0,0.0,0.9706546275395034,0.028761061946902654,0.01991150442477876,0.9712389380530974,0.9800884955752213,0.0,0.0,0.9601769911504425,0.9424778761061947,0.008849557522123894,443.0,439.0,0.9800884955752213,0.9712389380530974,430.0,13.0,9.0,13.0,0.01991150442477876,0.028761061946902654,9.0,0.0,3.0,452.0,0.9393768405541936,0.6484367484367485,0.9618836727426586,0.6666666666666666,0.25885665437388633
3,44,dcn,384x192x96,0.6,2,96,0,0.0003,5e-05,1.4,0.05,512,threshold,segment_weighted,8,0.7499999999999997,0.39410163592919256,0.21442464590072632,0.9686609686609686,0.9378511936268444,1.0,,0.9288025889967637,0.9288025889967637,0.07119741100323629,0.40883190883190884,0.44017094017094016,0.5911680911680912,0.5598290598290598,0.0,0.0,0.11965811965811968,0.18233618233618237,0.03133903133903132,1179.0,1245.0,0.5598290598290598,0.5911680911680912,1179.0,0.0,927.0,861.0,0.44017094017094016,0.40883190883190884,66.0,861.0,80.0,2086.0,0.9564875680664859,0.9166511529351096,0.9891224536821382,0.9625,0.9028886966035368,0.4434589800443459,-0.11290882374101101,0.4444444444444444,,0.4423076923076923,0.4423076923076923,0.002136752136752129,0.5033259423503326,0.4611973392461197,0.49667405764966743,0.5388026607538803,0.0,0.0,0.07760532150776056,0.006651884700665134,0.04212860310421285,243.0,224.0,0.5388026607538803,0.49667405764966743,108.0,135.0,208.0,227.0,0.4611973392461197,0.5033259423503326,116.0,92.0,12.0,451.0,0.4006527947974246,0.5706341004464893,0.2924139050039742,0.5833333333333334,0.39410163592919256,0.672566371681416,-0.09498491161896212,0.6862302483069977,,0.0,0.0,0.6862302483069977,0.3075221238938053,0.01991150442477876,0.6924778761061947,0.9800884955752213,0.0,0.0,0.9601769911504425,0.3849557522123894,0.28761061946902655,443.0,313.0,0.9800884955752213,0.6924778761061947,304.0,139.0,9.0,139.0,0.01991150442477876,0.3075221238938053,9.0,0.0,3.0,452.0,0.7514325839884312,0.4787878787878788,0.9618836727426586,0.6666666666666666,0.23655813583724958
14,45,dcn,256x128,0.45,5,96,0,0.0005,0.0003,1.6,0.02,768,threshold,segment_weighted,5,0.6399999999999997,0.4119776464731484,0.09089091420173645,0.9943019943019943,0.9884469853691102,0.9974554707379135,,0.9902912621359223,0.9902912621359223,0.007164208601991184,0.4373219373219373,0.44017094017094016,0.5626780626780626,0.5598290598290598,0.0,0.0,0.11965811965811968,0.12535612535612534,0.0028490028490028574,1179.0,1185.0,0.5598290598290598,0.5626780626780626,1176.0,3.0,927.0,921.0,0.44017094017094016,0.4373219373219373,9.0,918.0,80.0,2086.0,0.9918016742061783,0.979751984126984,1.0,1.0,0.9864448478429041,0.4700665188470067,-0.06022080011257266,0.4732510288065844,,0.46634615384615385,0.46634615384615385,0.006904874960430518,0.49889135254988914,0.4611973392461197,0.5011086474501109,0.5388026607538803,0.0,0.0,0.07760532150776056,0.0022172949002217113,0.037694013303769425,243.0,226.0,0.5388026607538803,0.5011086474501109,115.0,128.0,208.0,225.0,0.4611973392461197,0.49889135254988914,111.0,97.0,12.0,451.0,0.42133434054190205,0.5557459359926392,0.1722561633097448,0.5,0.4119776464731484,0.6548672566371682,-0.09895281176997762,0.6681715575620768,,0.0,0.0,0.6681715575620768,0.3252212389380531,0.01991150442477876,0.6747787610619469,0.9800884955752213,0.0,0.0,0.9601769911504425,0.3495575221238938,0.30530973451327437,443.0,305.0,0.9800884955752213,0.6747787610619469,296.0,147.0,9.0,147.0,0.01991150442477876,0.3252212389380531,9.0,0.0,3.0,452.0,0.7128740461135352,0.46180856180856183,0.9618836727426586,0.6666666666666666,0.20851678767848855
6,44,dcn,320x160,0.4,6,32,0,0.0008,5e-05,1.6,0.02,384,threshold,segment_weighted,4,0.8399999999999996,0.4499661456877094,0.07729738454023997,0.9871794871794872,0.9741955933679689,0.9991518235793045,,0.9719525350593312,0.9719525350593312,0.02719928851997333,0.42830009496676164,0.44017094017094016,0.5716999050332384,0.5598290598290598,0.0,0.0,0.11965811965811968,0.14339981006647678,0.011870845204178526,1179.0,1204.0,0.5598290598290598,0.5716999050332384,1178.0,1.0,927.0,902.0,0.44017094017094016,0.42830009496676164,26.0,901.0,80.0,2086.0,0.9775059340648701,0.9635819597069599,0.9951865324932471,0.9875,0.9570419306763873,0.43902439024390244,-0.11979747915371163,0.4279835390946502,,0.4519230769230769,0.4279835390946502,0.023939537828426727,0.516629711751663,0.4611973392461197,0.48337028824833705,0.5388026607538803,0.0,0.0,0.07760532150776056,0.03325942350332589,0.055432372505543226,243.0,218.0,0.5388026607538803,0.48337028824833705,104.0,139.0,208.0,233.0,0.4611973392461197,0.516629711751663,114.0,94.0,12.0,451.0,0.4733757068682733,0.5847210439843982,0.2924139050039742,0.5833333333333334,0.4499661456877094,0.31194690265486724,-0.17053178275677475,0.3160270880361174,,0.1111111111111111,0.1111111111111111,0.2049159769250063,0.672566371681416,0.01991150442477876,0.3274336283185841,0.9800884955752213,0.0,0.0,0.9601769911504425,0.3451327433628319,0.6526548672566372,443.0,148.0,0.9800884955752213,0.3274336283185841,140.0,303.0,9.0,304.0,0.01991150442477876,0.672566371681416,8.0,1.0,3.0,452.0,0.3994410836411512,0.26899150232483565,0.0,0.0,0.17768131572285034
40,44,dcn,384x192x96,0.45,6,32,0,0.0005,0.0003,1.6,0.08,512,threshold,segment_weighted,7,0.6699999999999997,0.3802973609493975,0.227433043718338,0.9924026590693258,0.9846495456647301,0.9991518235793045,,0.9838187702265372,0.9838187702265372,0.015333053352767356,0.4335232668566002,0.44017094017094016,0.5664767331433999,0.5598290598290598,0.0,0.0,0.11965811965811968,0.13295346628679966,0.0066476733143399636,1179.0,1193.0,0.5598290598290598,0.5664767331433999,1178.0,1.0,927.0,913.0,0.44017094017094016,0.4335232668566002,15.0,912.0,80.0,2086.0,0.9872056233648622,0.9815010336885337,1.0,1.0,0.9756747652202042,0.41019955654101997,-0.17862639399254615,0.4074074074074074,,0.41346153846153844,0.4074074074074074,0.006054131054131051,0.5099778270509978,0.4611973392461197,0.49002217294900224,0.5388026607538803,0.0,0.0,0.07760532150776056,0.019955654101995568,0.04878048780487809,243.0,221.0,0.5388026607538803,0.49002217294900224,99.0,144.0,208.0,230.0,0.4611973392461197,0.5099778270509978,122.0,86.0,12.0,451.0,0.3903889112238746,0.5236956022226571,0.13974313681887307,0.4166666666666667,0.3802973609493975,0.24557522123893805,-0.2370815786676953,0.2505643340857788,,0.0,0.0,0.2505643340857788,0.7345132743362832,0.01991150442477876,0.26548672566371684,0.9800884955752213,0.0,0.0,0.9601769911504425,0.4690265486725664,0.7146017699115045,443.0,120.0,0.9800884955752213,0.26548672566371684,111.0,332.0,9.0,332.0,0.01991150442477876,0.7345132743362832,9.0,0.0,3.0,452.0,0.43834039928137924,0.21305114638447972,0.0,0.0,0.1771931530319536
10,44,dcn,384x192x96,0.4,6,32,0,0.0008,1e-05,1.5,0.08,768,threshold,segment_weighted,3,0.6899999999999997,0.381462441901748,0.21037638187408447,0.9805318138651472,0.9605143149027445,0.9881255301102629,,0.970873786407767,0.970873786407767,0.017251743702495936,0.43399810066476735,0.44017094017094016,0.5660018993352327,0.5598290598290598,0.0,0.0,0.11965811965811968,0.13200379867046536,0.006172839506172811,1179.0,1192.0,0.5598290598290598,0.5660018993352327,1165.0,14.0,927.0,914.0,0.44017094017094016,0.43399810066476735,27.0,900.0,80.0,2086.0,0.9729178761044153,0.9468676650666896,0.996107663386524,0.9875,0.9601009147719274,0.43458980044345896,-0.1300236277417935,0.43209876543209874,,0.4375,0.43209876543209874,0.0054012345679012586,0.5077605321507761,0.4611973392461197,0.49223946784922396,0.5388026607538803,0.0,0.0,0.07760532150776056,0.015521064301552145,0.04656319290465638,243.0,222.0,0.5388026607538803,0.49223946784922396,105.0,138.0,208.0,229.0,0.4611973392461197,0.5077605321507761,117.0,91.0,12.0,451.0,0.39083088924783765,0.5194404274056014,0.13974313681887307,0.4166666666666667,0.381462441901748,0.26327433628318586,-0.2267706849806461,0.2686230248306998,,0.0,0.0,0.2686230248306998,0.7168141592920354,0.01991150442477876,0.2831858407079646,0.9800884955752213,0.0,0.0,0.9601769911504425,0.4336283185840708,0.6969026548672567,443.0,128.0,0.9800884955752213,0.2831858407079646,119.0,324.0,9.0,324.0,0.01991150442477876,0.7168141592920354,9.0,0.0,3.0,452.0,0.4471576098538746,0.22309603976270642,0.8514292859300734,0.3333333333333333,0.17549317388831395
26,45,dcn,256x128,0.6,6,96,0,0.0003,1e-05,1.6,0.02,768,threshold,segment_weighted,2,0.7899999999999996,0.4966299274194089,0.1556155929962794,0.8998100664767331,0.804058189242889,0.9830364715860899,,0.7939590075512406,0.7939590075512406,0.18907746403484926,0.358974358974359,0.44017094017094016,0.6410256410256411,0.5598290598290598,0.0,0.0,0.11965811965811968,0.2820512820512821,0.08119658119658119,1179.0,1350.0,0.5598290598290598,0.6410256410256411,1159.0,20.0,927.0,756.0,0.44017094017094016,0.358974358974359,191.0,736.0,80.0,2086.0,0.8376976488696798,0.7449730995247699,0.8777007517172689,0.7875,0.6955998343016956,0.5565410199556541,0.11290882374101101,0.5555555555555556,,0.5576923076923077,0.5555555555555556,0.002136752136752129,0.49667405764966743,0.4611973392461197,0.5033259423503326,0.5388026607538803,0.0,0.0,0.07760532150776056,0.006651884700665134,0.03547671840354771,243.0,227.0,0.5388026607538803,0.5033259423503326,135.0,108.0,208.0,224.0,0.4611973392461197,0.49667405764966743,92.0,116.0,12.0,451.0,0.5023828601235611,0.6165362226597101,0.20307618459212343,0.5833333333333334,0.4966299274194089,0.8429203539823009,-0.05683069050457028,0.8600451467268623,,0.0,0.0,0.8600451467268623,0.13716814159292035,0.01991150442477876,0.8628318584070797,0.9800884955752213,0.0,0.0,0.9601769911504425,0.7256637168141593,0.11725663716814158,443.0,390.0,0.9800884955752213,0.8628318584070797,381.0,62.0,9.0,62.0,0.01991150442477876,0.13716814159292035,9.0,0.0,3.0,452.0,0.7790461806915775,0.5621212121212121,0.9618836727426586,0.6666666666666666,0.162943781522597
9,45,dcn,192x96,0.4,6,96,0,0.001,1e-05,1.3,0.08,768,threshold,segment_weighted,1,0.43999999999999984,0.33154509685518485,0.2508033812046051,0.9358974358974359,0.8697942777141277,0.9499575911789653,,0.918015102481122,0.918015102481122,0.03194248869784333,0.43209876543209874,0.44017094017094016,0.5679012345679012,0.5598290598290598,0.0,0.0,0.11965811965811968,0.13580246913580246,0.00807217473884142,1179.0,1196.0,0.5598290598290598,0.5679012345679012,1120.0,59.0,927.0,910.0,0.44017094017094016,0.43209876543209874,76.0,851.0,80.0,2086.0,0.9062085913665369,0.8225305508215094,0.948226999920913,0.8625,0.8828801883093855,0.35033259423503327,-0.28997793481319756,0.23868312757201646,,0.4807692307692308,0.23868312757201646,0.24208610319721433,0.6319290465631929,0.4611973392461197,0.36807095343680707,0.5388026607538803,0.0,0.0,0.07760532150776056,0.26385809312638586,0.1707317073170732,243.0,166.0,0.5388026607538803,0.36807095343680707,58.0,185.0,208.0,285.0,0.4611973392461197,0.6319290465631929,108.0,100.0,12.0,451.0,0.5214931739712837,0.5541130286714974,0.5866086294065546,0.5833333333333334,0.33154509685518485,0.6305309734513275,-0.10448988949413049,0.6433408577878104,,0.0,0.0,0.6433408577878104,0.3495575221238938,0.01991150442477876,0.6504424778761062,0.9800884955752213,0.0,0.0,0.9601769911504425,0.3008849557522124,0.32964601769911506,443.0,294.0,0.9800884955752213,0.6504424778761062,285.0,158.0,9.0,158.0,0.01991150442477876,0.3495575221238938,9.0,0.0,3.0,452.0,0.6494465919797131,0.43603495270161935,0.9618836727426586,0.6666666666666666,0.15955046940435208
22,44,dcn,384x192x96,0.4,3,96,0,0.0008,0.0001,1.6,0.02,512,threshold,segment_weighted,8,0.7299999999999996,0.5358807564609448,0.08640311807394027,0.9981006647673314,0.996151776212039,1.0,,0.9956850053937433,0.9956850053937433,0.004314994606256728,0.4382716049382716,0.44017094017094016,0.5617283950617284,0.5598290598290598,0.0,0.0,0.11965811965811968,0.12345679012345684,0.001899335232668553,1179.0,1183.0,0.5598290598290598,0.5617283950617284,1179.0,0.0,927.0,923.0,0.44017094017094016,0.4382716049382716,4.0,923.0,80.0,2086.0,0.9977637801311987,0.9947668650793652,1.0,1.0,0.9945153636788988,0.4811529933481153,-0.037635534429999555,0.48148148148148145,,0.4807692307692308,0.4807692307692308,0.0007122507122506727,0.5011086474501109,0.4611973392461197,0.49889135254988914,0.5388026607538803,0.0,0.0,0.07760532150776056,0.0022172949002217113,0.039911308203991136,243.0,225.0,0.5388026607538803,0.49889135254988914,117.0,126.0,208.0,226.0,0.4611973392461197,0.5011086474501109,108.0,100.0,12.0,451.0,0.5411686889439992,0.6189325354875804,0.2890400547268761,0.5833333333333334,0.5358807564609448,0.6548672566371682,-0.09895281176997762,0.6681715575620768,,0.0,0.0,0.6681715575620768,0.3252212389380531,0.01991150442477876,0.6747787610619469,0.9800884955752213,0.0,0.0,0.9601769911504425,0.3495575221238938,0.30530973451327437,443.0,305.0,0.9800884955752213,0.6747787610619469,296.0,147.0,9.0,147.0,0.01991150442477876,0.3252212389380531,9.0,0.0,3.0,452.0,0.6593396569692141,0.4493265993265993,0.9618836727426586,0.6666666666666666,0.15498239853416748
35,44,dcn,192x96,0.55,6,32,0,0.0003,0.0001,1.4,0.05,768,threshold,segment_weighted,1,0.7499999999999997,0.40087941026687735,0.2961749533812205,0.7549857549857549,0.5130482163941625,0.9245122985581001,,0.5393743257820928,0.5393743257820928,0.38513797277600736,0.27967711301044634,0.44017094017094016,0.7203228869895536,0.5598290598290598,0.0,0.0,0.11965811965811968,0.44064577397910726,0.16049382716049382,1179.0,1517.0,0.5598290598290598,0.7203228869895536,1090.0,89.0,927.0,589.0,0.44017094017094016,0.27967711301044634,427.0,500.0,80.0,2086.0,0.6206292502360219,0.5934631722611065,0.6291977002713348,0.6375,0.3317734100335575,0.5055432372505543,0.013022423081624874,0.49382716049382713,,0.5192307692307693,0.49382716049382713,0.02540360873694214,0.5121951219512195,0.4611973392461197,0.4878048780487805,0.5388026607538803,0.0,0.0,0.07760532150776056,0.024390243902439046,0.0509977827050998,243.0,220.0,0.5388026607538803,0.4878048780487805,120.0,123.0,208.0,231.0,0.4611973392461197,0.5121951219512195,100.0,108.0,12.0,451.0,0.4247816703073488,0.44340547541895375,0.43362243740851114,0.5,0.40087941026687735,0.3606194690265487,-0.11977691256102571,0.36343115124153497,,0.2222222222222222,0.2222222222222222,0.14120892901931276,0.6283185840707964,0.01991150442477876,0.37168141592920356,0.9800884955752213,0.0,0.0,0.9601769911504425,0.2566371681415929,0.6084070796460177,443.0,168.0,0.9800884955752213,0.37168141592920356,161.0,282.0,9.0,284.0,0.01991150442477876,0.6283185840707964,7.0,2.0,3.0,452.0,0.31008669920506693,0.3051787718454385,0.0,0.0,0.13823159933402587
30,44,dcn,256x128,0.55,4,64,0,0.001,0.0003,1.4,0.05,512,threshold,segment_weighted,1,0.34999999999999987,0.4079920439284795,0.1932862162590027,0.9055080721747388,0.8118480736603506,0.8846480067854113,,0.9320388349514563,0.8846480067854113,0.04739082816604501,0.4748338081671415,0.44017094017094016,0.5251661918328585,0.5598290598290598,0.0,0.0,0.11965811965811968,0.05033238366571702,0.03466286799620133,1179.0,1106.0,0.5598290598290598,0.5251661918328585,1043.0,136.0,927.0,1000.0,0.44017094017094016,0.4748338081671415,63.0,864.0,80.0,2086.0,0.8700643353256987,0.7654623138999155,0.8827671880665326,0.7875,0.8327312114499231,0.5077605321507761,0.01643199681604667,0.5020576131687243,,0.5144230769230769,0.5020576131687243,0.012365463754352546,0.5055432372505543,0.4611973392461197,0.49445676274944567,0.5388026607538803,0.0,0.0,0.07760532150776056,0.011086474501108612,0.04434589800443456,243.0,223.0,0.5388026607538803,0.49445676274944567,122.0,121.0,208.0,228.0,0.4611973392461197,0.5055432372505543,101.0,107.0,12.0,451.0,0.4219693763170584,0.5451459700705532,0.1404297170750775,0.5,0.4079920439284795,0.35176991150442477,-0.18532069522153857,0.35891647855530473,,0.0,0.0,0.35891647855530473,0.6283185840707964,0.01991150442477876,0.37168141592920356,0.9800884955752213,0.0,0.0,0.9601769911504425,0.2566371681415929,0.6084070796460177,443.0,168.0,0.9800884955752213,0.37168141592920356,159.0,284.0,9.0,284.0,0.01991150442477876,0.6283185840707964,9.0,0.0,3.0,452.0,0.43770927357203016,0.2608385441718775,0.0,0.0,0.1134588890257947
37,44,dcn,384x192x96,0.45,6,32,0,0.0003,1e-05,1.4,0.08,384,threshold,segment_weighted,7,0.5599999999999997,0.37878337219579383,0.2266401102145513,0.9971509971509972,0.9942192247832209,0.9974554707379135,,0.9967637540453075,0.9967637540453075,0.000691716692606037,0.44017094017094016,0.44017094017094016,0.5598290598290598,0.5598290598290598,0.0,0.0,0.11965811965811968,0.11965811965811968,0.0,1179.0,1179.0,0.5598290598290598,0.5598290598290598,1176.0,3.0,927.0,927.0,0.44017094017094016,0.44017094017094016,3.0,924.0,80.0,2086.0,0.9969613640218723,0.9935416666666667,1.0,1.0,0.9964771623370481,0.43237250554323725,-0.13031784126974938,0.40329218106995884,,0.46634615384615385,0.40329218106995884,0.06305397277619501,0.5365853658536586,0.4611973392461197,0.4634146341463415,0.5388026607538803,0.0,0.0,0.07760532150776056,0.07317073170731708,0.07538802660753885,243.0,209.0,0.5388026607538803,0.4634146341463415,98.0,145.0,208.0,242.0,0.4611973392461197,0.5365853658536586,111.0,97.0,12.0,451.0,0.431967716332035,0.5325150329948862,0.13974313681887307,0.4166666666666667,0.37878337219579383,0.168141592920354,-0.2961712926730717,0.17155756207674944,,0.0,0.0,0.17155756207674944,0.8119469026548672,0.01991150442477876,0.18805309734513273,0.9800884955752213,0.0,0.0,0.9601769911504425,0.6238938053097345,0.7920353982300885,443.0,85.0,0.9800884955752213,0.18805309734513273,76.0,367.0,9.0,367.0,0.01991150442477876,0.8119469026548672,9.0,0.0,3.0,452.0,0.23544426968094878,0.13079204745871412,0.0,0.0,0.020309728439613567
16,44,dcn,192x96,0.4,3,96,0,0.0008,5e-05,1.4,0.02,512,threshold,segment_weighted,7,0.5699999999999997,0.363093662597782,0.08447844535112381,0.9985754985754985,0.9971097420270366,0.9991518235793045,,0.9978425026968716,0.9978425026968716,0.0013093208824329627,0.439696106362773,0.44017094017094016,0.560303893637227,0.5598290598290598,0.0,0.0,0.11965811965811968,0.12060778727445398,0.00047483380816715215,1179.0,1180.0,0.5598290598290598,0.560303893637227,1178.0,1.0,927.0,926.0,0.44017094017094016,0.439696106362773,2.0,925.0,80.0,2086.0,0.9973544949705079,0.9963750000000001,1.0,1.0,0.9963809902958247,0.36807095343680707,-0.2628359058641287,0.3662551440329218,,0.3701923076923077,0.3662551440329218,0.0039371636593859005,0.5121951219512195,0.4611973392461197,0.4878048780487805,0.5388026607538803,0.0,0.0,0.07760532150776056,0.024390243902439046,0.0509977827050998,243.0,220.0,0.5388026607538803,0.4878048780487805,89.0,154.0,208.0,231.0,0.4611973392461197,0.5121951219512195,131.0,77.0,12.0,451.0,0.3719694110839641,0.5326472451325948,0.24936824415610304,0.5,0.363093662597782,0.1902654867256637,-0.240866682122543,0.19187358916478556,,0.1111111111111111,0.1111111111111111,0.08076247805367445,0.7942477876106194,0.01991150442477876,0.20575221238938052,0.9800884955752213,0.0,0.0,0.9601769911504425,0.5884955752212389,0.7743362831858407,443.0,93.0,0.9800884955752213,0.20575221238938052,85.0,358.0,9.0,359.0,0.01991150442477876,0.7942477876106194,8.0,1.0,3.0,452.0,0.11799340573492119,0.14844476511143176,0.0,0.0,-0.0314606828849518
42,44,dcn,320x160,0.4,6,48,0,0.0008,5e-05,1.5,0.08,384,threshold,segment_weighted,1,0.4999999999999998,0.43222554907369376,0.21161809315284094,0.9245014245014245,0.8470000158812504,0.9287531806615776,,0.919093851132686,0.919093851132686,0.009659329528891591,0.4444444444444444,0.44017094017094016,0.5555555555555556,0.5598290598290598,0.0,0.0,0.11965811965811968,0.11111111111111116,0.004273504273504258,1179.0,1170.0,0.5598290598290598,0.5555555555555556,1095.0,84.0,927.0,936.0,0.44017094017094016,0.4444444444444444,75.0,852.0,80.0,2086.0,0.9250549969384819,0.8135750927368515,0.9435019776827296,0.8375,0.9177806457554373,0.4745011086474501,-0.048590015432691605,0.4609053497942387,,0.49038461538461536,0.4609053497942387,0.02947926559037667,0.516629711751663,0.4611973392461197,0.48337028824833705,0.5388026607538803,0.0,0.0,0.07760532150776056,0.03325942350332589,0.055432372505543226,243.0,218.0,0.5388026607538803,0.48337028824833705,112.0,131.0,208.0,233.0,0.4611973392461197,0.516629711751663,106.0,102.0,12.0,451.0,0.45951291968762265,0.5240765667661842,0.46454149948005113,0.5,0.43222554907369376,0.24336283185840707,-0.23843391382762624,0.24830699774266365,,0.0,0.0,0.24830699774266365,0.7367256637168141,0.01991150442477876,0.26327433628318586,0.9800884955752213,0.0,0.0,0.9601769911504425,0.4734513274336283,0.7168141592920354,443.0,119.0,0.9800884955752213,0.26327433628318586,110.0,333.0,9.0,333.0,0.01991150442477876,0.7367256637168141,9.0,0.0,3.0,452.0,0.20599942818365255,0.15788039121372455,0.0,0.0,-0.053833169351256246
5,45,dcn,192x96,0.5,6,48,0,0.0005,0.0003,1.4,0.08,512,threshold,segment_weighted,2,0.8399999999999996,0.36767060661465567,0.2313520759344101,0.9344729344729344,0.8717216960713271,0.9949109414758269,,0.8576051779935275,0.8576051779935275,0.1373057634822994,0.3803418803418803,0.44017094017094016,0.6196581196581197,0.5598290598290598,0.0,0.0,0.11965811965811968,0.23931623931623935,0.05982905982905984,1179.0,1305.0,0.5598290598290598,0.6196581196581197,1173.0,6.0,927.0,801.0,0.44017094017094016,0.3803418803418803,132.0,795.0,80.0,2086.0,0.8960302016377788,0.8174074758547116,0.920545889866195,0.85,0.7927366800206821,0.3215077605321508,-0.3548247234586216,0.31275720164609055,,0.3317307692307692,0.31275720164609055,0.018973567584678663,0.5232815964523282,0.4611973392461197,0.47671840354767187,0.5388026607538803,0.0,0.0,0.07760532150776056,0.046563192904656325,0.06208425720620847,243.0,215.0,0.5388026607538803,0.47671840354767187,76.0,167.0,208.0,236.0,0.4611973392461197,0.5232815964523282,139.0,69.0,12.0,451.0,0.38840221478867576,0.529863341205458,0.2924139050039742,0.5833333333333334,0.36767060661465567,0.336283185840708,-0.06538171018061226,0.3340857787810384,,0.4444444444444444,0.3340857787810384,0.11035866566340602,0.661504424778761,0.01991150442477876,0.33849557522123896,0.9800884955752213,0.0,0.0,0.9601769911504425,0.32300884955752207,0.6415929203539823,443.0,153.0,0.9800884955752213,0.33849557522123896,148.0,295.0,9.0,299.0,0.01991150442477876,0.661504424778761,5.0,4.0,3.0,452.0,0.08786087084587332,0.31248196248196247,0.0,0.0,-0.06638134556098875
20,45,dcn,384x192x96,0.6,4,96,0,0.001,0.0001,1.4,0.08,768,threshold,segment_weighted,6,0.6399999999999997,0.39605237860634057,0.23651304841041565,0.99002849002849,0.9797967626056877,0.9957591178965225,,0.982740021574973,0.982740021574973,0.013019096321549517,0.4349477682811016,0.44017094017094016,0.5650522317188984,0.5598290598290598,0.0,0.0,0.11965811965811968,0.1301044634377968,0.005223171889838563,1179.0,1190.0,0.5598290598290598,0.5650522317188984,1174.0,5.0,927.0,916.0,0.44017094017094016,0.4349477682811016,16.0,911.0,80.0,2086.0,0.9910078301029686,0.9701361832611834,0.9947357770485338,0.975,0.9812676820511033,0.42350332594235035,-0.15193305280943206,0.41975308641975306,,0.42788461538461536,0.41975308641975306,0.0081315289648623,0.5099778270509978,0.4611973392461197,0.49002217294900224,0.5388026607538803,0.0,0.0,0.07760532150776056,0.019955654101995568,0.04878048780487809,243.0,221.0,0.5388026607538803,0.49002217294900224,102.0,141.0,208.0,230.0,0.4611973392461197,0.5099778270509978,119.0,89.0,12.0,451.0,0.4075981074183296,0.5582147403030581,0.27526444879093315,0.5,0.39605237860634057,0.19469026548672566,-0.2374364433066263,0.1963882618510158,,0.1111111111111111,0.1111111111111111,0.08527715073990469,0.7898230088495575,0.01991150442477876,0.21017699115044247,0.9800884955752213,0.0,0.0,0.9601769911504425,0.579646017699115,0.7699115044247787,443.0,95.0,0.9800884955752213,0.21017699115044247,87.0,356.0,9.0,357.0,0.01991150442477876,0.7898230088495575,8.0,1.0,3.0,452.0,0.07707278378956413,0.14090107423440756,0.0,0.0,-0.07501060225934258
32,45,dcn,192x96,0.4,6,48,0,0.0003,1e-05,1.3,0.08,768,threshold,segment_weighted,7,0.7299999999999996,0.371463798423979,0.2435551087061564,0.9890788224121557,0.9779877521213498,0.9991518235793045,,0.9762675296655879,0.9762675296655879,0.022884293913716602,0.4301994301994302,0.44017094017094016,0.5698005698005698,0.5598290598290598,0.0,0.0,0.11965811965811968,0.13960113960113962,0.009971509971509973,1179.0,1200.0,0.5598290598290598,0.5698005698005698,1178.0,1.0,927.0,906.0,0.44017094017094016,0.4301994301994302,22.0,905.0,80.0,2086.0,0.9806538736565579,0.9699852009801955,0.996107663386524,0.9875,0.9634382867203751,0.3325942350332594,-0.334025152043678,0.3333333333333333,,0.3317307692307692,0.3317307692307692,0.0016025641025640969,0.5121951219512195,0.4611973392461197,0.4878048780487805,0.5388026607538803,0.0,0.0,0.07760532150776056,0.024390243902439046,0.0509977827050998,243.0,220.0,0.5388026607538803,0.4878048780487805,81.0,162.0,208.0,231.0,0.4611973392461197,0.5121951219512195,139.0,69.0,12.0,451.0,0.3787053272203858,0.5408189312294444,0.24936824415610304,0.5,0.371463798423979,0.29867256637168144,-0.14427879662296747,0.3002257336343115,,0.2222222222222222,0.2222222222222222,0.07800351141208928,0.6902654867256637,0.01991150442477876,0.30973451327433627,0.9800884955752213,0.0,0.0,0.9601769911504425,0.3805309734513274,0.6703539823008849,443.0,140.0,0.9800884955752213,0.30973451327433627,133.0,310.0,9.0,312.0,0.01991150442477876,0.6902654867256637,7.0,2.0,3.0,452.0,0.05616650743332859,0.218013468013468,0.0,0.0,-0.07887842843124009
9,44,dcn,192x96,0.4,6,96,0,0.001,1e-05,1.3,0.08,768,threshold,segment_weighted,2,0.43999999999999984,0.347339813528726,0.22462427616119385,0.9696106362773029,0.9384528602602814,0.9686174724342663,,0.970873786407767,0.9686174724342663,0.0022563139735006787,0.44491927825261157,0.44017094017094016,0.5550807217473884,0.5598290598290598,0.0,0.0,0.11965811965811968,0.11016144349477686,0.0047483380816714105,1179.0,1169.0,0.5598290598290598,0.5550807217473884,1142.0,37.0,927.0,937.0,0.44017094017094016,0.44491927825261157,27.0,900.0,80.0,2086.0,0.9668832455757551,0.9266992105943377,0.9975210132890353,0.975,0.964734025224504,0.376940133037694,-0.24568567135431593,0.3786008230452675,,0.375,0.375,0.003600823045267487,0.5077605321507761,0.4611973392461197,0.49223946784922396,0.5388026607538803,0.0,0.0,0.07760532150776056,0.015521064301552145,0.04656319290465638,243.0,222.0,0.5388026607538803,0.49223946784922396,92.0,151.0,208.0,229.0,0.4611973392461197,0.5077605321507761,130.0,78.0,12.0,451.0,0.35544797280897206,0.5173973266502885,0.24936824415610304,0.5,0.347339813528726,0.14380530973451328,-0.2841729477346952,0.14446952595936793,,0.1111111111111111,0.1111111111111111,0.03335841484825683,0.8407079646017699,0.01991150442477876,0.1592920353982301,0.9800884955752213,0.0,0.0,0.9601769911504425,0.6814159292035398,0.8207964601769911,443.0,72.0,0.9800884955752213,0.1592920353982301,64.0,379.0,9.0,380.0,0.01991150442477876,0.8407079646017699,8.0,1.0,3.0,452.0,0.027186708369159547,0.1063011063011063,0.0,0.0,-0.09465975724585916
38,45,dcn,384x192x96,0.6,5,32,0,0.001,0.0003,1.6,0.02,512,threshold,segment_weighted,7,0.7699999999999997,0.3824018485226247,0.10705314129590988,0.9947768281101614,0.989428179471466,0.9991518235793045,,0.9892125134843581,0.9892125134843581,0.009939310094946419,0.4358974358974359,0.44017094017094016,0.5641025641025641,0.5598290598290598,0.0,0.0,0.11965811965811968,0.1282051282051282,0.004273504273504258,1179.0,1188.0,0.5598290598290598,0.5641025641025641,1178.0,1.0,927.0,918.0,0.44017094017094016,0.4358974358974359,10.0,917.0,80.0,2086.0,0.9918101957514223,0.9859126984126985,1.0,1.0,0.9843398581721392,0.4079822616407982,-0.18274800391213572,0.40329218106995884,,0.41346153846153844,0.40329218106995884,0.010169357391579592,0.5121951219512195,0.4611973392461197,0.4878048780487805,0.5388026607538803,0.0,0.0,0.07760532150776056,0.024390243902439046,0.0509977827050998,243.0,220.0,0.5388026607538803,0.4878048780487805,98.0,145.0,208.0,231.0,0.4611973392461197,0.5121951219512195,122.0,86.0,12.0,451.0,0.3956401326213424,0.5167406655708023,0.19815236794457486,0.5,0.3824018485226247,0.38495575221238937,-0.17281044428505601,0.3927765237020316,,0.0,0.0,0.3927765237020316,0.5951327433628318,0.01991150442477876,0.40486725663716816,0.9800884955752213,0.0,0.0,0.9601769911504425,0.19026548672566368,0.5752212389380531,443.0,183.0,0.9800884955752213,0.40486725663716816,174.0,269.0,9.0,269.0,0.01991150442477876,0.5951327433628318,9.0,0.0,3.0,452.0,0.24679578546121453,0.23130511463844797,0.0,0.0,-0.09717432980277395
18,44,dcn,256x128,0.5,4,48,0,0.0008,0.0003,1.4,0.08,512,threshold,segment_weighted,3,0.6299999999999997,0.3539289634407817,0.21229330599308013,0.97340930674264,0.9465664426352208,0.9940627650551315,,0.9471413160733549,0.9471413160733549,0.046921448981776526,0.4202279202279202,0.44017094017094016,0.5797720797720798,0.5598290598290598,0.0,0.0,0.11965811965811968,0.15954415954415957,0.019943019943019946,1179.0,1221.0,0.5598290598290598,0.5797720797720798,1172.0,7.0,927.0,885.0,0.44017094017094016,0.4202279202279202,49.0,878.0,80.0,2086.0,0.9587827223084847,0.921846230242739,0.9939359211888914,0.975,0.9235445456280789,0.35698447893569846,-0.2853997587250025,0.35802469135802467,,0.3557692307692308,0.3557692307692308,0.0022554605887938894,0.5099778270509978,0.4611973392461197,0.49002217294900224,0.5388026607538803,0.0,0.0,0.07760532150776056,0.019955654101995568,0.04878048780487809,243.0,221.0,0.5388026607538803,0.49002217294900224,87.0,156.0,208.0,230.0,0.4611973392461197,0.5099778270509978,134.0,74.0,12.0,451.0,0.3613614443895228,0.500802057730232,0.27526444879093315,0.5,0.3539289634407817,0.49557522123893805,-0.13818582270901691,0.5056433408577878,,0.0,0.0,0.5056433408577878,0.48451327433628316,0.01991150442477876,0.5154867256637168,0.9800884955752213,0.0,0.0,0.9601769911504425,0.03097345132743362,0.4646017699115044,443.0,233.0,0.9800884955752213,0.5154867256637168,224.0,219.0,9.0,219.0,0.01991150442477876,0.48451327433628316,9.0,0.0,3.0,452.0,0.30636455063467044,0.2951258617925285,0.1104543868125853,0.3333333333333333,-0.10333800035516152
45,45,dcn,320x160,0.55,3,96,0,0.0005,0.0003,1.6,0.02,384,threshold,segment_weighted,3,0.6799999999999997,0.39686761297087253,0.08853790412346522,0.98338081671415,0.9665455781112251,0.9974554707379135,,0.9654800431499461,0.9654800431499461,0.03197542758796745,0.4264007597340931,0.44017094017094016,0.5735992402659069,0.5598290598290598,0.0,0.0,0.11965811965811968,0.14719848053181384,0.01377018043684708,1179.0,1208.0,0.5598290598290598,0.5735992402659069,1176.0,3.0,927.0,898.0,0.44017094017094016,0.4264007597340931,32.0,895.0,80.0,2086.0,0.9766144760021225,0.9527336461494904,0.9947357770485338,0.975,0.9525792550381236,0.43902439024390244,-0.11850464849277231,0.41975308641975306,,0.46153846153846156,0.41975308641975306,0.0417853751187085,0.5254988913525499,0.4611973392461197,0.4745011086474501,0.5388026607538803,0.0,0.0,0.07760532150776056,0.0509977827050998,0.06430155210643018,243.0,214.0,0.5388026607538803,0.4745011086474501,102.0,141.0,208.0,237.0,0.4611973392461197,0.5254988913525499,112.0,96.0,12.0,451.0,0.4338335618067401,0.6040378473188917,0.26896905082527783,0.5,0.39686761297087253,0.04424778761061947,-0.5443654787199902,0.045146726862302484,,0.0,0.0,0.045146726862302484,0.9358407079646017,0.01991150442477876,0.06415929203539823,0.9800884955752213,0.0,0.0,0.9601769911504425,0.8716814159292035,0.915929203539823,443.0,29.0,0.9800884955752213,0.06415929203539823,20.0,423.0,9.0,423.0,0.01991150442477876,0.9358407079646017,9.0,0.0,3.0,452.0,0.01906889370099826,0.02441879108545775,0.0,0.0,-0.12244531952739224
29,45,dcn,384x192x96,0.4,4,96,0,0.0005,1e-05,1.3,0.02,512,threshold,segment_weighted,4,0.6899999999999997,0.4027477263837583,0.08660483956336976,0.9919278252611586,0.9836958522287736,0.9991518235793045,,0.982740021574973,0.982740021574973,0.016411802004331566,0.43304843304843305,0.44017094017094016,0.5669515669515669,0.5598290598290598,0.0,0.0,0.11965811965811968,0.13390313390313385,0.007122507122507116,1179.0,1194.0,0.5598290598290598,0.5669515669515669,1178.0,1.0,927.0,912.0,0.44017094017094016,0.43304843304843305,16.0,911.0,80.0,2086.0,0.9879178428621177,0.9768650793650794,1.0,1.0,0.9755748806043848,0.36807095343680707,-0.2622124065957517,0.36213991769547327,,0.375,0.36213991769547327,0.012860082304526732,0.516629711751663,0.4611973392461197,0.48337028824833705,0.5388026607538803,0.0,0.0,0.07760532150776056,0.03325942350332589,0.055432372505543226,243.0,218.0,0.5388026607538803,0.48337028824833705,88.0,155.0,208.0,233.0,0.4611973392461197,0.516629711751663,130.0,78.0,12.0,451.0,0.41840166869759216,0.5752075388711234,0.24936824415610304,0.5,0.4027477263837583,0.2610619469026549,-0.2280127915256182,0.26636568848758463,,0.0,0.0,0.26636568848758463,0.7190265486725663,0.01991150442477876,0.2809734513274336,0.9800884955752213,0.0,0.0,0.9601769911504425,0.4380530973451327,0.6991150442477876,443.0,127.0,0.9800884955752213,0.2809734513274336,118.0,325.0,9.0,325.0,0.01991150442477876,0.7190265486725663,9.0,0.0,3.0,452.0,0.14343745323038637,0.15128266794933462,0.0,0.0,-0.12691233402065735
31,44,dcn,256x128,0.5,2,64,0,0.0003,1e-05,1.3,0.02,512,threshold,segment_weighted,1,0.6199999999999998,0.43567622113187954,0.19399168491363525,0.8152896486229819,0.6237964230620838,0.8770144189991518,,0.7367853290183387,0.7367853290183387,0.14022908998081307,0.39316239316239315,0.44017094017094016,0.6068376068376068,0.5598290598290598,0.0,0.0,0.11965811965811968,0.21367521367521364,0.04700854700854701,1179.0,1278.0,0.5598290598290598,0.6068376068376068,1034.0,145.0,927.0,828.0,0.44017094017094016,0.39316239316239315,244.0,683.0,80.0,2086.0,0.7028026187414198,0.6586866926734947,0.7732418954619373,0.725,0.599001230113825,0.5210643015521065,0.04242873928665044,0.5185185185185185,,0.5240384615384616,0.5185185185185185,0.005519943019943074,0.5011086474501109,0.4611973392461197,0.49889135254988914,0.5388026607538803,0.0,0.0,0.07760532150776056,0.0022172949002217113,0.039911308203991136,243.0,225.0,0.5388026607538803,0.49889135254988914,126.0,117.0,208.0,226.0,0.4611973392461197,0.5011086474501109,99.0,109.0,12.0,451.0,0.4443295382303186,0.5048001275304773,0.39057677656064,0.4166666666666667,0.43567622113187954,0.12831858407079647,-0.26272642507616845,0.12641083521444696,,0.2222222222222222,0.12641083521444696,0.09581138700777525,0.8606194690265486,0.01991150442477876,0.13938053097345132,0.9800884955752213,0.0,0.0,0.9601769911504425,0.7212389380530972,0.8407079646017699,443.0,63.0,0.9800884955752213,0.13938053097345132,56.0,387.0,9.0,389.0,0.01991150442477876,0.8606194690265486,7.0,2.0,3.0,452.0,0.02855291073018227,0.13468013468013468,0.0,0.0,-0.13940001592747278
37,45,dcn,384x192x96,0.45,6,32,0,0.0003,1e-05,1.4,0.08,384,threshold,segment_weighted,6,0.44999999999999984,0.40069753466361246,0.22906094044446945,0.9909781576448243,0.9818279964024746,0.9855810008481765,,0.9978425026968716,0.9855810008481765,0.012261501848695122,0.4472934472934473,0.44017094017094016,0.5527065527065527,0.5598290598290598,0.0,0.0,0.11965811965811968,0.10541310541310539,0.007122507122507116,1179.0,1164.0,0.5598290598290598,0.5527065527065527,1162.0,17.0,927.0,942.0,0.44017094017094016,0.4472934472934473,2.0,925.0,80.0,2086.0,0.9927775391286494,0.9766189390039578,0.9981604383225658,0.9875,0.983339786979862,0.49667405764966743,0.004946709196762964,0.4279835390946502,,0.5769230769230769,0.4279835390946502,0.14893953782842667,0.5742793791574279,0.4611973392461197,0.42572062084257206,0.5388026607538803,0.0,0.0,0.07760532150776056,0.14855875831485582,0.11308203991130816,243.0,192.0,0.5388026607538803,0.42572062084257206,104.0,139.0,208.0,259.0,0.4611973392461197,0.5742793791574279,88.0,120.0,12.0,451.0,0.5185250559328681,0.6141247202463311,0.5329508299535016,0.5833333333333334,0.40069753466361246,0.09955752212389381,-0.38695819424493805,0.10158013544018059,,0.0,0.0,0.10158013544018059,0.8805309734513275,0.01991150442477876,0.11946902654867257,0.9800884955752213,0.0,0.0,0.9601769911504425,0.7610619469026549,0.8606194690265487,443.0,54.0,0.9800884955752213,0.11946902654867257,45.0,398.0,9.0,398.0,0.01991150442477876,0.8805309734513275,9.0,0.0,3.0,452.0,0.016137816255085514,0.0487012987012987,0.0,0.0,-0.15824261483622673
38,44,dcn,384x192x96,0.6,5,32,0,0.001,0.0003,1.6,0.02,512,threshold,segment_weighted,5,0.5099999999999998,0.4235126395961734,0.09202577024698258,0.9938271604938271,0.9874834394561751,0.993214588634436,,0.9946062567421791,0.993214588634436,0.0013916681077430493,0.4415954415954416,0.44017094017094016,0.5584045584045584,0.5598290598290598,0.0,0.0,0.11965811965811968,0.11680911680911676,0.0014245014245014564,1179.0,1176.0,0.5598290598290598,0.5584045584045584,1171.0,8.0,927.0,930.0,0.44017094017094016,0.4415954415954416,5.0,922.0,80.0,2086.0,0.9922891074105098,0.98412945437499,1.0,1.0,0.9911439995641494,0.4700665188470067,-0.05816682309792443,0.4609053497942387,,0.4807692307692308,0.4609053497942387,0.019863880974992087,0.5121951219512195,0.4611973392461197,0.4878048780487805,0.5388026607538803,0.0,0.0,0.07760532150776056,0.024390243902439046,0.0509977827050998,243.0,220.0,0.5388026607538803,0.4878048780487805,112.0,131.0,208.0,231.0,0.4611973392461197,0.5121951219512195,108.0,100.0,12.0,451.0,0.4435370902032798,0.5803130636888807,0.21530182415761595,0.5833333333333334,0.4235126395961734,0.1261061946902655,-0.3446998355174934,0.12866817155756208,,0.0,0.0,0.12866817155756208,0.8539823008849557,0.01991150442477876,0.14601769911504425,0.9800884955752213,0.0,0.0,0.9601769911504425,0.7079646017699115,0.834070796460177,443.0,66.0,0.9800884955752213,0.14601769911504425,57.0,386.0,9.0,386.0,0.01991150442477876,0.8539823008849557,9.0,0.0,3.0,452.0,0.02044123392310832,0.06168831168831169,0.0,0.0,-0.16971498174240635
47,45,dcn,256x128,0.6,3,64,0,0.0008,0.0003,1.6,0.05,384,threshold,segment_weighted,8,0.5299999999999998,0.33868710646930805,0.1701615204413732,0.9990503323836657,0.998074484331713,1.0,,0.9978425026968716,0.9978425026968716,0.0021574973031284195,0.4392212725546059,0.44017094017094016,0.5607787274453941,0.5598290598290598,0.0,0.0,0.11965811965811968,0.12155745489078823,0.0009496676163342488,1179.0,1181.0,0.5598290598290598,0.5607787274453941,1179.0,0.0,927.0,925.0,0.44017094017094016,0.4392212725546059,2.0,925.0,80.0,2086.0,0.9979312402257838,0.9966666666666667,1.0,1.0,0.9963070319996338,0.44124168514412415,-0.11634193123194661,0.43621399176954734,,0.44711538461538464,0.43621399176954734,0.010901392845837299,0.5099778270509978,0.4611973392461197,0.49002217294900224,0.5388026607538803,0.0,0.0,0.07760532150776056,0.019955654101995568,0.04878048780487809,243.0,221.0,0.5388026607538803,0.49002217294900224,106.0,137.0,208.0,230.0,0.4611973392461197,0.5099778270509978,115.0,93.0,12.0,451.0,0.3521717399979795,0.5138543339851479,0.15934394348804787,0.4166666666666667,0.33868710646930805,0.12831858407079647,-0.3416743327863298,0.1309255079006772,,0.0,0.0,0.1309255079006772,0.8517699115044248,0.01991150442477876,0.14823008849557523,0.9800884955752213,0.0,0.0,0.9601769911504425,0.7035398230088497,0.8318584070796461,443.0,67.0,0.9800884955752213,0.14823008849557523,58.0,385.0,9.0,385.0,0.01991150442477876,0.8517699115044248,9.0,0.0,3.0,452.0,0.02079985206211022,0.06277056277056277,0.0,0.0,-0.17067101231792134
46,45,dcn,256x128,0.6,3,64,0,0.0003,0.0001,1.5,0.08,512,threshold,segment_weighted,1,0.33999999999999986,0.4329253913805055,0.33414249420166015,0.8176638176638177,0.6408595571231275,0.7803223070398643,,0.8651564185544768,0.7803223070398643,0.08483411151461251,0.5037986704653371,0.44017094017094016,0.4962013295346629,0.5598290598290598,0.0,0.0,0.11965811965811968,0.007597340930674212,0.06362773029439694,1179.0,1045.0,0.5598290598290598,0.4962013295346629,920.0,259.0,927.0,1061.0,0.44017094017094016,0.5037986704653371,125.0,802.0,80.0,2086.0,0.7532553954581378,0.6549131064725264,0.8077203428565446,0.6625,0.6862361897625815,0.5343680709534369,0.06911683052553377,0.5308641975308642,,0.5384615384615384,0.5308641975308642,0.007597340930674212,0.5011086474501109,0.4611973392461197,0.49889135254988914,0.5388026607538803,0.0,0.0,0.07760532150776056,0.0022172949002217113,0.039911308203991136,243.0,225.0,0.5388026607538803,0.49889135254988914,129.0,114.0,208.0,226.0,0.4611973392461197,0.5011086474501109,96.0,112.0,12.0,451.0,0.4430328870164564,0.5679767017456245,0.16003052374425228,0.5,0.4329253913805055,0.13716814159292035,-0.33018147636046163,0.1399548532731377,,0.0,0.0,0.1399548532731377,0.8429203539823009,0.01991150442477876,0.1570796460176991,0.9800884955752213,0.0,0.0,0.9601769911504425,0.6858407079646018,0.8230088495575222,443.0,71.0,0.9800884955752213,0.1570796460176991,62.0,381.0,9.0,381.0,0.01991150442477876,0.8429203539823009,9.0,0.0,3.0,452.0,0.022234324618117824,0.0670995670995671,0.0,0.0,-0.17449513461998123
25,45,dcn,256x128,0.5,3,64,0,0.0003,0.0003,1.3,0.08,512,threshold,segment_weighted,1,0.3699999999999999,0.4388750992304802,0.2983946979045868,0.8428300094966762,0.6833757699275811,0.8405428329092451,,0.8457389428263214,0.8405428329092451,0.005196109917076308,0.46153846153846156,0.44017094017094016,0.5384615384615384,0.5598290598290598,0.0,0.0,0.11965811965811968,0.07692307692307687,0.021367521367521403,1179.0,1134.0,0.5598290598290598,0.5384615384615384,991.0,188.0,927.0,972.0,0.44017094017094016,0.46153846153846156,143.0,784.0,80.0,2086.0,0.773042977866616,0.6758317932043212,0.8109489892150129,0.675,0.7668415983605601,0.5432372505543237,0.08690889135145599,0.5390946502057613,,0.5480769230769231,0.5390946502057613,0.008982272871161823,0.5011086474501109,0.4611973392461197,0.49889135254988914,0.5388026607538803,0.0,0.0,0.07760532150776056,0.0022172949002217113,0.039911308203991136,243.0,225.0,0.5388026607538803,0.49889135254988914,131.0,112.0,208.0,226.0,0.4611973392461197,0.5011086474501109,94.0,114.0,12.0,451.0,0.4499520472247724,0.5703378688583275,0.16003052374425228,0.5,0.4388750992304802,0.13938053097345132,-0.3274499599907876,0.14221218961625282,,0.0,0.0,0.14221218961625282,0.8407079646017699,0.01991150442477876,0.1592920353982301,0.9800884955752213,0.0,0.0,0.9601769911504425,0.6814159292035398,0.8207964601769911,443.0,72.0,0.9800884955752213,0.1592920353982301,63.0,380.0,9.0,380.0,0.01991150442477876,0.8407079646017699,9.0,0.0,3.0,452.0,0.022592942757119722,0.06818181818181819,0.0,0.0,-0.1754511651954962
13,45,dcn,320x160,0.6,6,64,0,0.001,0.0003,1.6,0.05,512,threshold,segment_weighted,2,0.33999999999999986,0.29722378657090004,0.19145965278148652,0.9653371320037987,0.9304006163859041,0.9550466497031382,,0.9784250269687162,0.9550466497031382,0.02337837726557801,0.45584045584045585,0.44017094017094016,0.5441595441595442,0.5598290598290598,0.0,0.0,0.11965811965811968,0.0883190883190883,0.015669515669515688,1179.0,1146.0,0.5598290598290598,0.5441595441595442,1126.0,53.0,927.0,960.0,0.44017094017094016,0.45584045584045585,20.0,907.0,80.0,2086.0,0.9603660812111516,0.9189474119443275,0.9893824610802453,0.9625,0.9421208752449051,0.4124168514412417,-0.17320307694447665,0.40329218106995884,,0.4230769230769231,0.40329218106995884,0.01978474200696423,0.516629711751663,0.4611973392461197,0.48337028824833705,0.5388026607538803,0.0,0.0,0.07760532150776056,0.03325942350332589,0.055432372505543226,243.0,218.0,0.5388026607538803,0.48337028824833705,98.0,145.0,208.0,233.0,0.4611973392461197,0.516629711751663,120.0,88.0,12.0,451.0,0.31772499067644017,0.4930615953247503,0.13974313681887307,0.4166666666666667,0.29722378657090004,0.28982300884955753,-0.21278091434731758,0.29571106094808125,,0.0,0.0,0.29571106094808125,0.6902654867256637,0.01991150442477876,0.30973451327433627,0.9800884955752213,0.0,0.0,0.9601769911504425,0.3805309734513274,0.6703539823008849,443.0,140.0,0.9800884955752213,0.30973451327433627,131.0,312.0,9.0,312.0,0.01991150442477876,0.6902654867256637,9.0,0.0,3.0,452.0,0.10646163081405019,0.15564373897707232,0.0,0.0,-0.18097858972571285
23,45,dcn,384x192x96,0.6,2,96,0,0.0003,0.0003,1.4,0.08,384,threshold,segment_weighted,2,0.7599999999999997,0.38703836018913396,0.2805360307296117,0.8717948717948718,0.7481841242759218,0.9694656488549618,,0.7475728155339806,0.7475728155339806,0.2218928333209812,0.34615384615384615,0.44017094017094016,0.6538461538461539,0.5598290598290598,0.0,0.0,0.11965811965811968,0.3076923076923077,0.09401709401709402,1179.0,1377.0,0.5598290598290598,0.6538461538461539,1143.0,36.0,927.0,729.0,0.44017094017094016,0.34615384615384615,234.0,693.0,80.0,2086.0,0.8037711663591047,0.7135833443449873,0.8494171162548986,0.7375,0.6371641317523666,0.37915742793791574,-0.2409108567531457,0.3786008230452675,,0.3798076923076923,0.3786008230452675,0.0012068692624248034,0.5099778270509978,0.4611973392461197,0.49002217294900224,0.5388026607538803,0.0,0.0,0.07760532150776056,0.019955654101995568,0.04878048780487809,243.0,221.0,0.5388026607538803,0.49002217294900224,92.0,151.0,208.0,230.0,0.4611973392461197,0.5099778270509978,129.0,79.0,12.0,451.0,0.3937368272094167,0.5980296059552312,0.28188127064697477,0.5833333333333334,0.38703836018913396,0.5265486725663717,-0.09922832970653428,0.5349887133182845,,0.1111111111111111,0.1111111111111111,0.42387760220717335,0.4579646017699115,0.01991150442477876,0.5420353982300885,0.9800884955752213,0.0,0.0,0.9601769911504425,0.08407079646017701,0.43805309734513276,443.0,245.0,0.9800884955752213,0.5420353982300885,237.0,206.0,9.0,207.0,0.01991150442477876,0.4579646017699115,8.0,1.0,3.0,452.0,0.16655509740272995,0.31156004489337824,0.1104543868125853,0.3333333333333333,-0.1827255958237073
14,44,dcn,256x128,0.45,5,96,0,0.0005,0.0003,1.6,0.02,768,threshold,segment_weighted,8,0.8099999999999996,0.37842736261895493,0.09600124508142471,0.9981006647673314,0.996151776212039,1.0,,0.9956850053937433,0.9956850053937433,0.004314994606256728,0.4382716049382716,0.44017094017094016,0.5617283950617284,0.5598290598290598,0.0,0.0,0.11965811965811968,0.12345679012345684,0.001899335232668553,1179.0,1183.0,0.5598290598290598,0.5617283950617284,1179.0,0.0,927.0,923.0,0.44017094017094016,0.4382716049382716,4.0,923.0,80.0,2086.0,0.9951934657898361,0.9927976190476191,1.0,1.0,0.9919450493375362,0.44124168514412415,-0.11634193123194661,0.43621399176954734,,0.44711538461538464,0.43621399176954734,0.010901392845837299,0.5099778270509978,0.4611973392461197,0.49002217294900224,0.5388026607538803,0.0,0.0,0.07760532150776056,0.019955654101995568,0.04878048780487809,243.0,221.0,0.5388026607538803,0.49002217294900224,106.0,137.0,208.0,230.0,0.4611973392461197,0.5099778270509978,115.0,93.0,12.0,451.0,0.3919119961476264,0.5739359798496713,0.1722561633097448,0.5,0.37842736261895493,0.27876106194690264,-0.21841483783044507,0.28442437923250563,,0.0,0.0,0.28442437923250563,0.7013274336283186,0.01991150442477876,0.29867256637168144,0.9800884955752213,0.0,0.0,0.9601769911504425,0.4026548672566372,0.6814159292035399,443.0,135.0,0.9800884955752213,0.29867256637168144,126.0,317.0,9.0,317.0,0.01991150442477876,0.7013274336283186,9.0,0.0,3.0,452.0,0.08682374373760032,0.14607182940516275,0.0,0.0,-0.1940432332295784
19,44,dcn,256x128,0.45,5,96,0,0.001,5e-05,1.5,0.02,512,threshold,segment_weighted,5,0.6599999999999997,0.34671105091792015,0.08923264890909195,0.9976258309591642,0.9951851805787528,0.9991518235793045,,0.9956850053937433,0.9956850053937433,0.003466818185561271,0.43874643874643876,0.44017094017094016,0.5612535612535613,0.5598290598290598,0.0,0.0,0.11965811965811968,0.12250712250712253,0.001424501424501401,1179.0,1182.0,0.5598290598290598,0.5612535612535613,1178.0,1.0,927.0,924.0,0.44017094017094016,0.43874643874643876,4.0,923.0,80.0,2086.0,0.9957307794394643,0.9961964285714286,1.0,1.0,0.9931330665386312,0.3968957871396896,-0.20531973517566024,0.3950617283950617,,0.39903846153846156,0.3950617283950617,0.003976733143399858,0.5099778270509978,0.4611973392461197,0.49002217294900224,0.5388026607538803,0.0,0.0,0.07760532150776056,0.019955654101995568,0.04878048780487809,243.0,221.0,0.5388026607538803,0.49002217294900224,96.0,147.0,208.0,230.0,0.4611973392461197,0.5099778270509978,125.0,83.0,12.0,451.0,0.3553484226548854,0.5565460415001996,0.1722561633097448,0.5,0.34671105091792015,0.21460176991150443,-0.25751617227948304,0.21896162528216703,,0.0,0.0,0.21896162528216703,0.7654867256637168,0.01991150442477876,0.2345132743362832,0.9800884955752213,0.0,0.0,0.9601769911504425,0.5309734513274336,0.745575221238938,443.0,106.0,0.9800884955752213,0.2345132743362832,97.0,346.0,9.0,346.0,0.01991150442477876,0.7654867256637168,9.0,0.0,3.0,452.0,0.040734224943664465,0.10636523969857303,0.0,0.0,-0.202007939302525
33,45,dcn,256x128,0.6,4,32,0,0.0003,0.0003,1.3,0.08,512,threshold,segment_weighted,1,0.5199999999999998,0.5797654111472077,0.3297703623771667,0.7962962962962963,0.5847581316339584,0.8651399491094147,,0.7087378640776699,0.7087378640776699,0.1564020850317448,0.38746438746438744,0.44017094017094016,0.6125356125356125,0.5598290598290598,0.0,0.0,0.11965811965811968,0.22507122507122507,0.05270655270655272,1179.0,1290.0,0.5598290598290598,0.6125356125356125,1020.0,159.0,927.0,816.0,0.44017094017094016,0.38746438746438744,270.0,657.0,80.0,2086.0,0.6703752028729068,0.6179551496239993,0.7165738550740852,0.6625,0.5545689570258991,0.5898004434589801,0.1779743980709819,0.5967078189300411,,0.5817307692307693,0.5817307692307693,0.014977049699271827,0.48558758314855877,0.4611973392461197,0.5144124168514412,0.5388026607538803,0.0,0.0,0.07760532150776056,0.02882483370288247,0.024390243902439046,243.0,232.0,0.5388026607538803,0.5144124168514412,145.0,98.0,208.0,219.0,0.4611973392461197,0.48558758314855877,87.0,121.0,12.0,451.0,0.5931761752049907,0.5753254201164614,0.477670102325529,0.5833333333333334,0.5797654111472077,0.2234513274336283,-0.2513252377463468,0.22799097065462753,,0.0,0.0,0.22799097065462753,0.7566371681415929,0.01991150442477876,0.24336283185840707,0.9800884955752213,0.0,0.0,0.9601769911504425,0.5132743362831858,0.7367256637168141,443.0,110.0,0.9800884955752213,0.24336283185840707,101.0,342.0,9.0,342.0,0.01991150442477876,0.7566371681415929,9.0,0.0,3.0,452.0,0.03622043203919194,0.10930735930735931,0.0,0.0,-0.21178032706506503
45,44,dcn,320x160,0.55,3,96,0,0.0005,0.0003,1.6,0.02,384,threshold,segment_weighted,6,0.6699999999999997,0.3808061300795267,0.09481928621729215,0.9962013295346629,0.9922961194070037,0.998303647158609,,0.9935275080906149,0.9935275080906149,0.004776139067994123,0.4382716049382716,0.44017094017094016,0.5617283950617284,0.5598290598290598,0.0,0.0,0.11965811965811968,0.12345679012345684,0.001899335232668553,1179.0,1183.0,0.5598290598290598,0.5617283950617284,1177.0,2.0,927.0,923.0,0.44017094017094016,0.4382716049382716,6.0,921.0,80.0,2086.0,0.9944938195701479,0.9867078754578756,1.0,1.0,0.9909226019946319,0.4700665188470067,-0.05417062361506806,0.43621399176954734,,0.5096153846153846,0.43621399176954734,0.07340139284583724,0.5388026607538803,0.4611973392461197,0.4611973392461197,0.5388026607538803,0.0,0.0,0.07760532150776056,0.07760532150776056,0.07760532150776056,243.0,208.0,0.5388026607538803,0.4611973392461197,106.0,137.0,208.0,243.0,0.4611973392461197,0.5388026607538803,102.0,106.0,12.0,451.0,0.441499743652544,0.5406550461687756,0.540109614033403,0.5833333333333334,0.3808061300795267,0.2323008849557522,-0.24542868252995165,0.23702031602708803,,0.0,0.0,0.23702031602708803,0.7477876106194691,0.01991150442477876,0.252212389380531,0.9800884955752213,0.0,0.0,0.9601769911504425,0.4955752212389381,0.7278761061946903,443.0,114.0,0.9800884955752213,0.252212389380531,105.0,338.0,9.0,338.0,0.01991150442477876,0.7477876106194691,9.0,0.0,3.0,452.0,0.03765490459519954,0.11363636363636363,0.0,0.0,-0.21560444936712492
3,45,dcn,384x192x96,0.6,2,96,0,0.0003,5e-05,1.4,0.05,512,threshold,segment_weighted,5,0.7599999999999997,0.36765104877313953,0.2292151391506195,0.932573599240266,0.8687407220271265,0.9974554707379135,,0.8500539374325782,0.8500539374325782,0.14740153330533534,0.3755935422602089,0.44017094017094016,0.6244064577397911,0.5598290598290598,0.0,0.0,0.11965811965811968,0.24881291547958218,0.06457739791073125,1179.0,1315.0,0.5598290598290598,0.6244064577397911,1176.0,3.0,927.0,791.0,0.44017094017094016,0.3755935422602089,139.0,788.0,80.0,2086.0,0.8978071234461809,0.8028137947906847,0.9152759275492993,0.825,0.7868767623831584,0.3835920177383592,-0.23137263747447198,0.3786008230452675,,0.3894230769230769,0.3786008230452675,0.01082225387780944,0.5144124168514412,0.4611973392461197,0.48558758314855877,0.5388026607538803,0.0,0.0,0.07760532150776056,0.02882483370288247,0.053215077605321515,243.0,219.0,0.5388026607538803,0.48558758314855877,92.0,151.0,208.0,232.0,0.4611973392461197,0.5144124168514412,127.0,81.0,12.0,451.0,0.38161243580024473,0.5984093822812906,0.28188127064697477,0.5833333333333334,0.36765104877313953,0.6084070796460177,-0.10962632675076929,0.6207674943566591,,0.0,0.0,0.6207674943566591,0.37168141592920356,0.01991150442477876,0.6283185840707964,0.9800884955752213,0.0,0.0,0.9601769911504425,0.2566371681415929,0.3517699115044248,443.0,284.0,0.9800884955752213,0.6283185840707964,275.0,168.0,9.0,168.0,0.01991150442477876,0.37168141592920356,9.0,0.0,3.0,452.0,0.25922315565848597,0.33506493506493507,0.1104543868125853,0.3333333333333333,-0.2175264797717064
33,44,dcn,256x128,0.6,4,32,0,0.0003,0.0003,1.3,0.08,512,threshold,segment_weighted,8,0.5399999999999998,0.35839865961857287,0.2932503283023834,0.9905033238366572,0.9807469075098201,0.989821882951654,,0.9913700107874865,0.989821882951654,0.00154812783583258,0.4420702754036087,0.44017094017094016,0.5579297245963912,0.5598290598290598,0.0,0.0,0.11965811965811968,0.11585944919278252,0.001899335232668553,1179.0,1175.0,0.5598290598290598,0.5579297245963912,1167.0,12.0,927.0,931.0,0.44017094017094016,0.4420702754036087,8.0,919.0,80.0,2086.0,0.9891711126955344,0.9693511002886004,0.9981604383225658,0.9875,0.9878595029825313,0.43015521064301554,-0.13892070801967984,0.4279835390946502,,0.4326923076923077,0.4279835390946502,0.004708768597657509,0.5077605321507761,0.4611973392461197,0.49223946784922396,0.5388026607538803,0.0,0.0,0.07760532150776056,0.015521064301552145,0.04656319290465638,243.0,222.0,0.5388026607538803,0.49223946784922396,104.0,139.0,208.0,229.0,0.4611973392461197,0.5077605321507761,118.0,90.0,12.0,451.0,0.3672823807854919,0.4385663936233641,0.12259368060583199,0.3333333333333333,0.35839865961857287,0.2411504424778761,-0.23980134870848271,0.24604966139954854,,0.0,0.0,0.24604966139954854,0.7389380530973452,0.01991150442477876,0.2610619469026549,0.9800884955752213,0.0,0.0,0.9601769911504425,0.4778761061946903,0.7190265486725664,443.0,118.0,0.9800884955752213,0.2610619469026549,109.0,334.0,9.0,334.0,0.01991150442477876,0.7389380530973452,9.0,0.0,3.0,452.0,0.03908937715120713,0.11796536796536795,0.0,0.0,-0.21942857166918478
41,45,dcn,256x128,0.55,6,48,0,0.001,1e-05,1.6,0.08,512,threshold,segment_weighted,1,0.7199999999999996,0.3621048706334467,0.23702512681484222,0.9116809116809117,0.82239524646,0.9618320610687023,,0.8478964401294499,0.8478964401294499,0.11393562093925247,0.3945868945868946,0.44017094017094016,0.6054131054131054,0.5598290598290598,0.0,0.0,0.11965811965811968,0.21082621082621084,0.04558404558404555,1179.0,1275.0,0.5598290598290598,0.6054131054131054,1134.0,45.0,927.0,831.0,0.44017094017094016,0.3945868945868946,141.0,786.0,80.0,2086.0,0.8847309145373753,0.7639161417669984,0.9209520272420912,0.7875,0.7995058944098131,0.4279379157427938,-0.1437059985653061,0.4279835390946502,,0.42788461538461536,0.42788461538461536,9.892371003483724e-05,0.5055432372505543,0.4611973392461197,0.49445676274944567,0.5388026607538803,0.0,0.0,0.07760532150776056,0.011086474501108612,0.04434589800443456,243.0,223.0,0.5388026607538803,0.49445676274944567,104.0,139.0,208.0,228.0,0.4611973392461197,0.5055432372505543,119.0,89.0,12.0,451.0,0.36749562499100324,0.5279274741895409,0.1722561633097448,0.5,0.3621048706334467,0.24557522123893805,-0.2370815786676953,0.2505643340857788,,0.0,0.0,0.2505643340857788,0.7345132743362832,0.01991150442477876,0.26548672566371684,0.9800884955752213,0.0,0.0,0.9601769911504425,0.4690265486725664,0.7146017699115045,443.0,120.0,0.9800884955752213,0.26548672566371684,111.0,332.0,9.0,332.0,0.01991150442477876,0.7345132743362832,9.0,0.0,3.0,452.0,0.039806613429210935,0.12012987012987013,0.0,0.0,-0.2213406328202147
40,45,dcn,384x192x96,0.45,6,32,0,0.0005,0.0003,1.6,0.08,512,threshold,segment_weighted,6,0.5399999999999998,0.4128864557995923,0.21553543210029602,0.9943019943019943,0.9884629345803443,0.9923664122137404,,0.9967637540453075,0.9923664122137404,0.0043973418315670365,0.443019943019943,0.44017094017094016,0.5569800569800569,0.5598290598290598,0.0,0.0,0.11965811965811968,0.1139601139601139,0.0028490028490028574,1179.0,1173.0,0.5598290598290598,0.5569800569800569,1170.0,9.0,927.0,933.0,0.44017094017094016,0.443019943019943,3.0,924.0,80.0,2086.0,0.9926271008588614,0.9829262230824731,1.0,1.0,0.9892070812348842,0.5055432372505543,0.013022423081624874,0.49382716049382713,,0.5192307692307693,0.49382716049382713,0.02540360873694214,0.5121951219512195,0.4611973392461197,0.4878048780487805,0.5388026607538803,0.0,0.0,0.07760532150776056,0.024390243902439046,0.0509977827050998,243.0,220.0,0.5388026607538803,0.4878048780487805,120.0,123.0,208.0,231.0,0.4611973392461197,0.5121951219512195,100.0,108.0,12.0,451.0,0.4367887158400638,0.5602353333597992,0.1404297170750775,0.5,0.4128864557995923,0.3694690265486726,-0.17849152444065108,0.37697516930022573,,0.0,0.0,0.37697516930022573,0.6106194690265486,0.01991150442477876,0.3893805309734513,0.9800884955752213,0.0,0.0,0.9601769911504425,0.2212389380530973,0.5907079646017699,443.0,176.0,0.9800884955752213,0.3893805309734513,167.0,276.0,9.0,276.0,0.01991150442477876,0.6106194690265486,9.0,0.0,3.0,452.0,0.10747535289715836,0.19183100849767518,0.1104543868125853,0.3333333333333333,-0.227292221365212
2,45,dcn,320x160,0.45,6,64,0,0.0008,1e-05,1.5,0.05,512,threshold,segment_weighted,5,0.44999999999999984,0.3325361182604912,0.1552078753709793,0.9938271604938271,0.9875461719569276,0.989821882951654,,0.9989212513484358,0.989821882951654,0.009099368396781826,0.4453941120607787,0.44017094017094016,0.5546058879392213,0.5598290598290598,0.0,0.0,0.11965811965811968,0.10921177587844255,0.005223171889838563,1179.0,1168.0,0.5598290598290598,0.5546058879392213,1167.0,12.0,927.0,938.0,0.44017094017094016,0.4453941120607787,1.0,926.0,80.0,2086.0,0.9945670898494615,0.9828719319895791,1.0,1.0,0.9875707513449336,0.41019955654101997,-0.17862639399254615,0.4074074074074074,,0.41346153846153844,0.4074074074074074,0.006054131054131051,0.5099778270509978,0.4611973392461197,0.49002217294900224,0.5388026607538803,0.0,0.0,0.07760532150776056,0.019955654101995568,0.04878048780487809,243.0,221.0,0.5388026607538803,0.49002217294900224,99.0,144.0,208.0,230.0,0.4611973392461197,0.5099778270509978,122.0,86.0,12.0,451.0,0.3426276685349683,0.5022633378511419,0.13974313681887307,0.4166666666666667,0.3325361182604912,0.28761061946902655,-0.21388688731464134,0.29345372460496616,,0.0,0.0,0.29345372460496616,0.6924778761061947,0.01991150442477876,0.3075221238938053,0.9800884955752213,0.0,0.0,0.9601769911504425,0.3849557522123894,0.672566371681416,443.0,139.0,0.9800884955752213,0.3075221238938053,130.0,313.0,9.0,313.0,0.01991150442477876,0.6924778761061947,9.0,0.0,3.0,452.0,0.05256862353072717,0.14207952541285876,0.0,0.0,-0.23355694829451906
10,45,dcn,384x192x96,0.4,6,32,0,0.0008,1e-05,1.5,0.08,768,threshold,segment_weighted,7,0.5499999999999998,0.42173378111180354,0.21062606076399484,0.9990503323836657,0.9980730749277403,0.9991518235793045,,0.9989212513484358,0.9989212513484358,0.000230572230868753,0.44017094017094016,0.44017094017094016,0.5598290598290598,0.5598290598290598,0.0,0.0,0.11965811965811968,0.11965811965811968,0.0,1179.0,1179.0,0.5598290598290598,0.5598290598290598,1178.0,1.0,927.0,927.0,0.44017094017094016,0.44017094017094016,1.0,926.0,80.0,2086.0,0.9991072578838496,0.9966666666666667,1.0,1.0,0.9989458573222414,0.4700665188470067,-0.05953159155317456,0.4691358024691358,,0.47115384615384615,0.4691358024691358,0.002018043684710369,0.5033259423503326,0.4611973392461197,0.49667405764966743,0.5388026607538803,0.0,0.0,0.07760532150776056,0.006651884700665134,0.04212860310421285,243.0,224.0,0.5388026607538803,0.49667405764966743,114.0,129.0,208.0,227.0,0.4611973392461197,0.5033259423503326,110.0,98.0,12.0,451.0,0.42820184406360634,0.5254097026462272,0.10385626005090327,0.3333333333333333,0.42173378111180354,0.3495575221238938,-0.18620167612606886,0.35665914221218964,,0.0,0.0,0.35665914221218964,0.6305309734513275,0.01991150442477876,0.3694690265486726,0.9800884955752213,0.0,0.0,0.9601769911504425,0.2610619469026549,0.6106194690265487,443.0,167.0,0.9800884955752213,0.3694690265486726,158.0,285.0,9.0,285.0,0.01991150442477876,0.6305309734513275,9.0,0.0,3.0,452.0,0.06855819688326051,0.1737694404361071,0.1104543868125853,0.3333333333333333,-0.25437753894845805
34,44,dcn,320x160,0.5,5,48,0,0.0003,1e-05,1.5,0.02,768,threshold,segment_weighted,3,0.21999999999999995,0.32505393843937885,0.15164558589458466,0.8836657169990503,0.7873345471781864,0.8015267175572519,,0.9881337648327939,0.8015267175572519,0.186607047275542,0.5460588793922128,0.44017094017094016,0.4539411206077873,0.5598290598290598,0.0,0.0,0.11965811965811968,0.09211775878442546,0.1058879392212726,1179.0,956.0,0.5598290598290598,0.4539411206077873,945.0,234.0,927.0,1150.0,0.44017094017094016,0.5460588793922128,11.0,916.0,80.0,2086.0,0.8603536667889836,0.7524237823518922,0.861686816718383,0.7625,0.7170221809895515,0.4567627494456763,-0.07139046857143468,0.35802469135802467,,0.5721153846153846,0.35802469135802467,0.2140906932573599,0.6097560975609756,0.4611973392461197,0.3902439024390244,0.5388026607538803,0.0,0.0,0.07760532150776056,0.2195121951219512,0.14855875831485588,243.0,176.0,0.5388026607538803,0.3902439024390244,87.0,156.0,208.0,275.0,0.4611973392461197,0.6097560975609756,89.0,119.0,12.0,451.0,0.4927444747173135,0.5966788852100392,0.5913600610792035,0.6666666666666666,0.32505393843937885,0.05309734513274336,-0.19426718885840064,0.040632054176072234,,0.6666666666666666,0.040632054176072234,0.6260346124905944,0.9535398230088495,0.01991150442477876,0.046460176991150445,0.9800884955752213,0.0,0.0,0.9601769911504425,0.9070796460176991,0.9336283185840708,443.0,21.0,0.9800884955752213,0.046460176991150445,18.0,425.0,9.0,431.0,0.01991150442477876,0.9535398230088495,3.0,6.0,3.0,452.0,0.03186601134026176,0.24170274170274167,0.038116327257341334,0.3333333333333333,-0.5183936156332428
